ISO-10303-21;
HEADER;
FILE_DESCRIPTION((''),'2;1');
FILE_NAME('C-7-1618387-1','2017-12-26T',('workeradm'),('TE Connectivity Ltd.'),
'CREO PARAMETRIC BY PTC INC, 2016050','CREO PARAMETRIC BY PTC INC, 2016050','');
FILE_SCHEMA(('AUTOMOTIVE_DESIGN { 1 0 10303 214 1 1 1 1 }'));
ENDSEC;
DATA;
#135=CARTESIAN_POINT('',(0.E0,0.E0,-7.5184E1));
#136=DIRECTION('',(0.E0,0.E0,-1.E0));
#137=DIRECTION('',(-1.E0,0.E0,0.E0));
#138=AXIS2_PLACEMENT_3D('',#135,#136,#137);
#140=DRAUGHTING_PRE_DEFINED_CURVE_FONT('continuous');
#141=CURVE_STYLE('',#140,POSITIVE_LENGTH_MEASURE(2.E-2),#81);
#142=PRESENTATION_STYLE_ASSIGNMENT((#141));
#143=STYLED_ITEM('',(#142),#139);
#144=DIRECTION('',(1.E0,0.E0,0.E0));
#145=VECTOR('',#144,8.076337929901E-1);
#146=CARTESIAN_POINT('',(-2.9845E1,1.8415E0,-7.5184E1));
#147=LINE('',#146,#145);
#148=CURVE_STYLE('',#140,POSITIVE_LENGTH_MEASURE(2.E-2),#81);
#149=PRESENTATION_STYLE_ASSIGNMENT((#148));
#150=STYLED_ITEM('',(#149),#147);
#151=DIRECTION('',(0.E0,1.E0,0.E0));
#152=VECTOR('',#151,3.683E0);
#153=CARTESIAN_POINT('',(-2.9845E1,-1.8415E0,-7.5184E1));
#154=LINE('',#153,#152);
#155=CURVE_STYLE('',#140,POSITIVE_LENGTH_MEASURE(2.E-2),#81);
#156=PRESENTATION_STYLE_ASSIGNMENT((#155));
#157=STYLED_ITEM('',(#156),#154);
#158=DIRECTION('',(-1.E0,0.E0,0.E0));
#159=VECTOR('',#158,8.076337929901E-1);
#160=CARTESIAN_POINT('',(-2.903736620701E1,-1.8415E0,-7.5184E1));
#161=LINE('',#160,#159);
#162=CURVE_STYLE('',#140,POSITIVE_LENGTH_MEASURE(2.E-2),#81);
#163=PRESENTATION_STYLE_ASSIGNMENT((#162));
#164=STYLED_ITEM('',(#163),#161);
#165=CARTESIAN_POINT('',(0.E0,0.E0,-7.5184E1));
#166=DIRECTION('',(0.E0,0.E0,-1.E0));
#167=DIRECTION('',(-9.979951060469E-1,-6.329113924051E-2,0.E0));
#168=AXIS2_PLACEMENT_3D('',#165,#166,#167);
#170=CURVE_STYLE('',#140,POSITIVE_LENGTH_MEASURE(2.E-2),#81);
#171=PRESENTATION_STYLE_ASSIGNMENT((#170));
#172=STYLED_ITEM('',(#171),#169);
#173=CARTESIAN_POINT('',(0.E0,0.E0,-7.5184E1));
#174=DIRECTION('',(0.E0,0.E0,-1.E0));
#175=DIRECTION('',(9.979951060469E-1,6.329113924051E-2,0.E0));
#176=AXIS2_PLACEMENT_3D('',#173,#174,#175);
#178=CURVE_STYLE('',#140,POSITIVE_LENGTH_MEASURE(2.E-2),#81);
#179=PRESENTATION_STYLE_ASSIGNMENT((#178));
#180=STYLED_ITEM('',(#179),#177);
#181=CARTESIAN_POINT('',(0.E0,0.E0,-7.5184E1));
#182=DIRECTION('',(0.E0,0.E0,-1.E0));
#183=DIRECTION('',(1.E0,0.E0,0.E0));
#184=AXIS2_PLACEMENT_3D('',#181,#182,#183);
#186=CURVE_STYLE('',#140,POSITIVE_LENGTH_MEASURE(2.E-2),#81);
#187=PRESENTATION_STYLE_ASSIGNMENT((#186));
#188=STYLED_ITEM('',(#187),#185);
#189=DIRECTION('',(-1.E0,0.E0,0.E0));
#190=VECTOR('',#189,8.076337929902E-1);
#191=CARTESIAN_POINT('',(2.9845E1,-1.8415E0,-7.5184E1));
#192=LINE('',#191,#190);
#193=CURVE_STYLE('',#140,POSITIVE_LENGTH_MEASURE(2.E-2),#81);
#194=PRESENTATION_STYLE_ASSIGNMENT((#193));
#195=STYLED_ITEM('',(#194),#192);
#196=DIRECTION('',(0.E0,-1.E0,0.E0));
#197=VECTOR('',#196,3.683E0);
#198=CARTESIAN_POINT('',(2.9845E1,1.8415E0,-7.5184E1));
#199=LINE('',#198,#197);
#200=CURVE_STYLE('',#140,POSITIVE_LENGTH_MEASURE(2.E-2),#81);
#201=PRESENTATION_STYLE_ASSIGNMENT((#200));
#202=STYLED_ITEM('',(#201),#199);
#203=DIRECTION('',(1.E0,0.E0,0.E0));
#204=VECTOR('',#203,8.076337929902E-1);
#205=CARTESIAN_POINT('',(2.903736620701E1,1.8415E0,-7.5184E1));
#206=LINE('',#205,#204);
#207=CURVE_STYLE('',#140,POSITIVE_LENGTH_MEASURE(2.E-2),#81);
#208=PRESENTATION_STYLE_ASSIGNMENT((#207));
#209=STYLED_ITEM('',(#208),#206);
#210=DIRECTION('',(0.E0,0.E0,-1.E0));
#211=VECTOR('',#210,1.016E0);
#212=CARTESIAN_POINT('',(-2.90957E1,0.E0,-7.5184E1));
#213=LINE('',#212,#211);
#214=CURVE_STYLE('',#140,POSITIVE_LENGTH_MEASURE(2.E-2),#81);
#215=PRESENTATION_STYLE_ASSIGNMENT((#214));
#216=STYLED_ITEM('',(#215),#213);
#217=DIRECTION('',(0.E0,0.E0,-1.E0));
#218=VECTOR('',#217,1.016E0);
#219=CARTESIAN_POINT('',(2.90957E1,0.E0,-7.5184E1));
#220=LINE('',#219,#218);
#221=CURVE_STYLE('',#140,POSITIVE_LENGTH_MEASURE(2.E-2),#81);
#222=PRESENTATION_STYLE_ASSIGNMENT((#221));
#223=STYLED_ITEM('',(#222),#220);
#224=CARTESIAN_POINT('',(0.E0,0.E0,-7.62E1));
#225=DIRECTION('',(0.E0,0.E0,-1.E0));
#226=DIRECTION('',(-1.E0,0.E0,0.E0));
#227=AXIS2_PLACEMENT_3D('',#224,#225,#226);
#229=CURVE_STYLE('',#140,POSITIVE_LENGTH_MEASURE(2.E-2),#81);
#230=PRESENTATION_STYLE_ASSIGNMENT((#229));
#231=STYLED_ITEM('',(#230),#228);
#232=CARTESIAN_POINT('',(0.E0,0.E0,-7.62E1));
#233=DIRECTION('',(0.E0,0.E0,-1.E0));
#234=DIRECTION('',(1.E0,0.E0,0.E0));
#235=AXIS2_PLACEMENT_3D('',#232,#233,#234);
#237=CURVE_STYLE('',#140,POSITIVE_LENGTH_MEASURE(2.E-2),#81);
#238=PRESENTATION_STYLE_ASSIGNMENT((#237));
#239=STYLED_ITEM('',(#238),#236);
#240=CARTESIAN_POINT('',(0.E0,-2.032E1,-7.62E1));
#241=DIRECTION('',(0.E0,0.E0,-1.E0));
#242=DIRECTION('',(0.E0,1.E0,0.E0));
#243=AXIS2_PLACEMENT_3D('',#240,#241,#242);
#245=CURVE_STYLE('',#140,POSITIVE_LENGTH_MEASURE(2.E-2),#81);
#246=PRESENTATION_STYLE_ASSIGNMENT((#245));
#247=STYLED_ITEM('',(#246),#244);
#248=CARTESIAN_POINT('',(0.E0,-2.032E1,-7.62E1));
#249=DIRECTION('',(0.E0,0.E0,-1.E0));
#250=DIRECTION('',(0.E0,-1.E0,0.E0));
#251=AXIS2_PLACEMENT_3D('',#248,#249,#250);
#253=CURVE_STYLE('',#140,POSITIVE_LENGTH_MEASURE(2.E-2),#81);
#254=PRESENTATION_STYLE_ASSIGNMENT((#253));
#255=STYLED_ITEM('',(#254),#252);
#256=DIRECTION('',(0.E0,-1.E0,0.E0));
#257=VECTOR('',#256,1.905E1);
#258=CARTESIAN_POINT('',(-1.143E0,9.524999999999E0,-7.62E1));
#259=LINE('',#258,#257);
#260=CURVE_STYLE('',#140,POSITIVE_LENGTH_MEASURE(2.E-2),#81);
#261=PRESENTATION_STYLE_ASSIGNMENT((#260));
#262=STYLED_ITEM('',(#261),#259);
#263=CARTESIAN_POINT('',(0.E0,9.525E0,-7.62E1));
#264=DIRECTION('',(0.E0,0.E0,1.E0));
#265=DIRECTION('',(1.E0,0.E0,0.E0));
#266=AXIS2_PLACEMENT_3D('',#263,#264,#265);
#268=CURVE_STYLE('',#140,POSITIVE_LENGTH_MEASURE(2.E-2),#81);
#269=PRESENTATION_STYLE_ASSIGNMENT((#268));
#270=STYLED_ITEM('',(#269),#267);
#271=DIRECTION('',(0.E0,1.E0,0.E0));
#272=VECTOR('',#271,1.905E1);
#273=CARTESIAN_POINT('',(1.143E0,-9.524999999999E0,-7.62E1));
#274=LINE('',#273,#272);
#275=CURVE_STYLE('',#140,POSITIVE_LENGTH_MEASURE(2.E-2),#81);
#276=PRESENTATION_STYLE_ASSIGNMENT((#275));
#277=STYLED_ITEM('',(#276),#274);
#278=CARTESIAN_POINT('',(0.E0,-9.525E0,-7.62E1));
#279=DIRECTION('',(0.E0,0.E0,1.E0));
#280=DIRECTION('',(-1.E0,0.E0,0.E0));
#281=AXIS2_PLACEMENT_3D('',#278,#279,#280);
#283=CURVE_STYLE('',#140,POSITIVE_LENGTH_MEASURE(2.E-2),#81);
#284=PRESENTATION_STYLE_ASSIGNMENT((#283));
#285=STYLED_ITEM('',(#284),#282);
#286=CARTESIAN_POINT('',(1.3335E1,0.E0,-7.62E1));
#287=DIRECTION('',(0.E0,0.E0,-1.E0));
#288=DIRECTION('',(-1.E0,0.E0,0.E0));
#289=AXIS2_PLACEMENT_3D('',#286,#287,#288);
#291=CURVE_STYLE('',#140,POSITIVE_LENGTH_MEASURE(2.E-2),#81);
#292=PRESENTATION_STYLE_ASSIGNMENT((#291));
#293=STYLED_ITEM('',(#292),#290);
#294=CARTESIAN_POINT('',(1.3335E1,0.E0,-7.62E1));
#295=DIRECTION('',(0.E0,0.E0,-1.E0));
#296=DIRECTION('',(1.E0,0.E0,0.E0));
#297=AXIS2_PLACEMENT_3D('',#294,#295,#296);
#299=CURVE_STYLE('',#140,POSITIVE_LENGTH_MEASURE(2.E-2),#81);
#300=PRESENTATION_STYLE_ASSIGNMENT((#299));
#301=STYLED_ITEM('',(#300),#298);
#302=CARTESIAN_POINT('',(-1.3335E1,0.E0,-7.62E1));
#303=DIRECTION('',(0.E0,0.E0,-1.E0));
#304=DIRECTION('',(-1.E0,0.E0,0.E0));
#305=AXIS2_PLACEMENT_3D('',#302,#303,#304);
#307=CURVE_STYLE('',#140,POSITIVE_LENGTH_MEASURE(2.E-2),#81);
#308=PRESENTATION_STYLE_ASSIGNMENT((#307));
#309=STYLED_ITEM('',(#308),#306);
#310=CARTESIAN_POINT('',(-1.3335E1,0.E0,-7.62E1));
#311=DIRECTION('',(0.E0,0.E0,-1.E0));
#312=DIRECTION('',(1.E0,0.E0,0.E0));
#313=AXIS2_PLACEMENT_3D('',#310,#311,#312);
#315=CURVE_STYLE('',#140,POSITIVE_LENGTH_MEASURE(2.E-2),#81);
#316=PRESENTATION_STYLE_ASSIGNMENT((#315));
#317=STYLED_ITEM('',(#316),#314);
#318=CARTESIAN_POINT('',(-1.335E0,1.968038498651E1,-7.62E1));
#319=CARTESIAN_POINT('',(-1.357218744884E0,1.968038498651E1,-7.62E1));
#320=CARTESIAN_POINT('',(-1.401389409003E0,1.968270061034E1,-7.62E1));
#321=CARTESIAN_POINT('',(-1.467244965587E0,1.969312055604E1,-7.62E1));
#322=CARTESIAN_POINT('',(-1.531499985250E0,1.971033453456E1,-7.62E1));
#323=CARTESIAN_POINT('',(-1.593739553217E0,1.973422381425E1,-7.62E1));
#324=CARTESIAN_POINT('',(-1.652984540606E0,1.976440462294E1,-7.62E1));
#325=CARTESIAN_POINT('',(-1.708929790787E0,1.980073475821E1,-7.62E1));
#326=CARTESIAN_POINT('',(-1.760580472055E0,1.984255520384E1,-7.62E1));
#327=CARTESIAN_POINT('',(-1.807769322733E0,1.988974160655E1,-7.62E1));
#328=CARTESIAN_POINT('',(-1.849588435053E0,1.994138000090E1,-7.62E1));
#329=CARTESIAN_POINT('',(-1.885939080060E0,1.999734939755E1,-7.62E1));
#330=CARTESIAN_POINT('',(-1.916113378054E0,2.005656885011E1,-7.62E1));
#331=CARTESIAN_POINT('',(-1.940026258070E0,2.011885102470E1,-7.62E1));
#332=CARTESIAN_POINT('',(-1.957238090841E0,2.018309339630E1,-7.62E1));
#333=CARTESIAN_POINT('',(-1.967672315006E0,2.024893423869E1,-7.62E1));
#334=CARTESIAN_POINT('',(-1.971153025663E0,2.031542415974E1,-7.62E1));
#335=CARTESIAN_POINT('',(-1.967674083820E0,2.038191787499E1,-7.62E1));
#336=CARTESIAN_POINT('',(-1.957241469657E0,2.044775812128E1,-7.62E1));
#337=CARTESIAN_POINT('',(-1.940031885325E0,2.051200066481E1,-7.62E1));
#338=CARTESIAN_POINT('',(-1.916117215287E0,2.057429039428E1,-7.62E1));
#339=CARTESIAN_POINT('',(-1.885949084384E0,2.063350240391E1,-7.62E1));
#340=CARTESIAN_POINT('',(-1.849589609137E0,2.068948684286E1,-7.62E1));
#341=CARTESIAN_POINT('',(-1.807783996161E0,2.074111149230E1,-7.62E1));
#342=CARTESIAN_POINT('',(-1.760577311141E0,2.078831678351E1,-7.62E1));
#343=CARTESIAN_POINT('',(-1.708948119572E0,2.083012161731E1,-7.62E1));
#344=CARTESIAN_POINT('',(-1.652977735950E0,2.086646912152E1,-7.62E1));
#345=CARTESIAN_POINT('',(-1.593758784273E0,2.089663753410E1,-7.62E1));
#346=CARTESIAN_POINT('',(-1.531492787976E0,2.092053823311E1,-7.62E1));
#347=CARTESIAN_POINT('',(-1.467260357956E0,2.093774608188E1,-7.62E1));
#348=CARTESIAN_POINT('',(-1.401388292181E0,2.094817047666E1,-7.62E1));
#349=CARTESIAN_POINT('',(-1.357218500796E0,2.095048540710E1,-7.62E1));
#350=CARTESIAN_POINT('',(-1.335E0,2.095048540710E1,-7.62E1));
#352=CURVE_STYLE('',#140,POSITIVE_LENGTH_MEASURE(2.E-2),#81);
#353=PRESENTATION_STYLE_ASSIGNMENT((#352));
#354=STYLED_ITEM('',(#353),#351);
#355=CARTESIAN_POINT('',(-1.335E0,2.095048540710E1,-7.62E1));
#356=CARTESIAN_POINT('',(-1.312781381807E0,2.095048540710E1,-7.62E1));
#357=CARTESIAN_POINT('',(-1.268610957208E0,2.094816979143E1,-7.62E1));
#358=CARTESIAN_POINT('',(-1.202755728362E0,2.093774987532E1,-7.62E1));
#359=CARTESIAN_POINT('',(-1.138500974767E0,2.092053593353E1,-7.62E1));
#360=CARTESIAN_POINT('',(-1.076261578759E0,2.089664667478E1,-7.62E1));
#361=CARTESIAN_POINT('',(-1.017016667798E0,2.086646585317E1,-7.62E1));
#362=CARTESIAN_POINT('',(-9.610713907433E-1,2.083013564524E1,-7.62E1));
#363=CARTESIAN_POINT('',(-9.094206049200E-1,2.078831506087E1,-7.62E1));
#364=CARTESIAN_POINT('',(-8.622315908200E-1,2.074112844769E1,-7.62E1));
#365=CARTESIAN_POINT('',(-8.204122844496E-1,2.068948977901E1,-7.62E1));
#366=CARTESIAN_POINT('',(-7.840614462817E-1,2.063352007050E1,-7.62E1));
#367=CARTESIAN_POINT('',(-7.538869729467E-1,2.057430028782E1,-7.62E1));
#368=CARTESIAN_POINT('',(-7.299739559624E-1,2.051201781288E1,-7.62E1));
#369=CARTESIAN_POINT('',(-7.127620227973E-1,2.044777518926E1,-7.62E1));
#370=CARTESIAN_POINT('',(-7.023277329852E-1,2.038193418984E1,-7.62E1));
#371=CARTESIAN_POINT('',(-6.988469743404E-1,2.031544420891E1,-7.62E1));
#372=CARTESIAN_POINT('',(-7.023258682156E-1,2.024895055337E1,-7.62E1));
#373=CARTESIAN_POINT('',(-7.127584167478E-1,2.018311046413E1,-7.62E1));
#374=CARTESIAN_POINT('',(-7.299679006854E-1,2.011886817266E1,-7.62E1));
#375=CARTESIAN_POINT('',(-7.538824337574E-1,2.005657874357E1,-7.62E1));
#376=CARTESIAN_POINT('',(-7.840503892200E-1,1.999736706424E1,-7.62E1));
#377=CARTESIAN_POINT('',(-8.204096712923E-1,1.994138293715E1,-7.62E1));
#378=CARTESIAN_POINT('',(-8.622150900112E-1,1.988975856224E1,-7.62E1));
#379=CARTESIAN_POINT('',(-9.094216114140E-1,1.984255348161E1,-7.62E1));
#380=CARTESIAN_POINT('',(-9.610506984585E-1,1.980074878647E1,-7.62E1));
#381=CARTESIAN_POINT('',(-1.017021054443E0,1.976440135527E1,-7.62E1));
#382=CARTESIAN_POINT('',(-1.076240083514E0,1.973423295503E1,-7.62E1));
#383=CARTESIAN_POINT('',(-1.138506250570E0,1.971033223545E1,-7.62E1));
#384=CARTESIAN_POINT('',(-1.202738947639E0,1.969312434960E1,-7.62E1));
#385=CARTESIAN_POINT('',(-1.268611339084E0,1.968269992541E1,-7.62E1));
#386=CARTESIAN_POINT('',(-1.312781371467E0,1.968038498651E1,-7.62E1));
#387=CARTESIAN_POINT('',(-1.335E0,1.968038498651E1,-7.62E1));
#389=CURVE_STYLE('',#140,POSITIVE_LENGTH_MEASURE(2.E-2),#81);
#390=PRESENTATION_STYLE_ASSIGNMENT((#389));
#391=STYLED_ITEM('',(#390),#388);
#392=CARTESIAN_POINT('',(1.335E0,2.090697469670E1,-7.62E1));
#393=CARTESIAN_POINT('',(1.357212739679E0,2.090697469670E1,-7.62E1));
#394=CARTESIAN_POINT('',(1.401371893573E0,2.090465929811E1,-7.62E1));
#395=CARTESIAN_POINT('',(1.467211250096E0,2.089424012110E1,-7.62E1));
#396=CARTESIAN_POINT('',(1.531452440610E0,2.087702694295E1,-7.62E1));
#397=CARTESIAN_POINT('',(1.593682103206E0,2.085313743237E1,-7.62E1));
#398=CARTESIAN_POINT('',(1.652921053522E0,2.082295463629E1,-7.62E1));
#399=CARTESIAN_POINT('',(1.708865151217E0,2.078661918300E1,-7.62E1));
#400=CARTESIAN_POINT('',(1.760518623409E0,2.074478950265E1,-7.62E1));
#401=CARTESIAN_POINT('',(1.807714062933E0,2.069758872475E1,-7.62E1));
#402=CARTESIAN_POINT('',(1.849542532659E0,2.064593027022E1,-7.62E1));
#403=CARTESIAN_POINT('',(1.885903977351E0,2.058993513739E1,-7.62E1));
#404=CARTESIAN_POINT('',(1.916089585330E0,2.053068389721E1,-7.62E1));
#405=CARTESIAN_POINT('',(1.940012581682E0,2.046836543431E1,-7.62E1));
#406=CARTESIAN_POINT('',(1.957232699597E0,2.040408211656E1,-7.62E1));
#407=CARTESIAN_POINT('',(1.967672184246E0,2.033819808279E1,-7.62E1));
#408=CARTESIAN_POINT('',(1.971154829332E0,2.027166339252E1,-7.62E1));
#409=CARTESIAN_POINT('',(1.967674248526E0,2.020512532736E1,-7.62E1));
#410=CARTESIAN_POINT('',(1.957236770947E0,2.013924281180E1,-7.62E1));
#411=CARTESIAN_POINT('',(1.940019518231E0,2.007496088560E1,-7.62E1));
#412=CARTESIAN_POINT('',(1.916095569808E0,2.001263670287E1,-7.62E1));
#413=CARTESIAN_POINT('',(1.885917191839E0,1.995339491567E1,-7.62E1));
#414=CARTESIAN_POINT('',(1.849548107287E0,1.989738666561E1,-7.62E1));
#415=CARTESIAN_POINT('',(1.807734315235E0,1.984574363014E1,-7.62E1));
#416=CARTESIAN_POINT('',(1.760522041831E0,1.979852525697E1,-7.62E1));
#417=CARTESIAN_POINT('',(1.708890707796E0,1.975671204896E1,-7.62E1));
#418=CARTESIAN_POINT('',(1.652921603736E0,1.972035965290E1,-7.62E1));
#419=CARTESIAN_POINT('',(1.593708275632E0,1.969018936420E1,-7.62E1));
#420=CARTESIAN_POINT('',(1.531451065212E0,1.966628828329E1,-7.62E1));
#421=CARTESIAN_POINT('',(1.467230902999E0,1.964908103261E1,-7.62E1));
#422=CARTESIAN_POINT('',(1.401372949854E0,1.963865721368E1,-7.62E1));
#423=CARTESIAN_POINT('',(1.357213243207E0,1.963634246761E1,-7.62E1));
#424=CARTESIAN_POINT('',(1.335E0,1.963634246761E1,-7.62E1));
#426=CURVE_STYLE('',#140,POSITIVE_LENGTH_MEASURE(2.E-2),#81);
#427=PRESENTATION_STYLE_ASSIGNMENT((#426));
#428=STYLED_ITEM('',(#427),#425);
#429=CARTESIAN_POINT('',(1.335E0,1.963634246761E1,-7.62E1));
#430=CARTESIAN_POINT('',(1.312786610692E0,1.963634246761E1,-7.62E1));
#431=CARTESIAN_POINT('',(1.268626228515E0,1.963865790808E1,-7.62E1));
#432=CARTESIAN_POINT('',(1.202785191680E0,1.964907723658E1,-7.62E1));
#433=CARTESIAN_POINT('',(1.138542635372E0,1.966629060327E1,-7.62E1));
#434=CARTESIAN_POINT('',(1.076312091923E0,1.969018022050E1,-7.62E1));
#435=CARTESIAN_POINT('',(1.017072747635E0,1.972036295084E1,-7.62E1));
#436=CARTESIAN_POINT('',(9.611287886107E-1,1.975669803041E1,-7.62E1));
#437=CARTESIAN_POINT('',(9.094758515939E-1,1.979852699916E1,-7.62E1));
#438=CARTESIAN_POINT('',(8.622812506744E-1,1.984572669631E1,-7.62E1));
#439=CARTESIAN_POINT('',(8.204537768016E-1,1.989738374173E1,-7.62E1));
#440=CARTESIAN_POINT('',(7.840933223119E-1,1.995337727479E1,-7.62E1));
#441=CARTESIAN_POINT('',(7.539086154665E-1,2.001262681636E1,-7.62E1));
#442=CARTESIAN_POINT('',(7.299863203514E-1,2.007494374096E1,-7.62E1));
#443=CARTESIAN_POINT('',(7.127667189622E-1,2.013922575710E1,-7.62E1));
#444=CARTESIAN_POINT('',(7.023275696033E-1,2.020510899253E1,-7.62E1));
#445=CARTESIAN_POINT('',(6.988451706433E-1,2.027164336500E1,-7.62E1));
#446=CARTESIAN_POINT('',(7.023259975174E-1,2.033818174728E1,-7.62E1));
#447=CARTESIAN_POINT('',(7.127638102245E-1,2.040406506093E1,-7.62E1));
#448=CARTESIAN_POINT('',(7.299815796245E-1,2.046834828943E1,-7.62E1));
#449=CARTESIAN_POINT('',(7.539062290839E-1,2.053067401008E1,-7.62E1));
#450=CARTESIAN_POINT('',(7.840855089035E-1,2.058991749725E1,-7.62E1));
#451=CARTESIAN_POINT('',(8.204555835476E-1,2.064592734676E1,-7.62E1));
#452=CARTESIAN_POINT('',(8.622703726299E-1,2.069757179260E1,-7.62E1));
#453=CARTESIAN_POINT('',(9.094834856591E-1,2.074479124703E1,-7.62E1));
#454=CARTESIAN_POINT('',(9.611153545450E-1,2.078660516610E1,-7.62E1));
#455=CARTESIAN_POINT('',(1.017084601511E0,2.082295793786E1,-7.62E1));
#456=CARTESIAN_POINT('',(1.076297530227E0,2.085312828907E1,-7.62E1));
#457=CARTESIAN_POINT('',(1.138553866528E0,2.087702926546E1,-7.62E1));
#458=CARTESIAN_POINT('',(1.202772657329E0,2.089423632558E1,-7.62E1));
#459=CARTESIAN_POINT('',(1.268628941272E0,2.090465999406E1,-7.62E1));
#460=CARTESIAN_POINT('',(1.312787411891E0,2.090697469670E1,-7.62E1));
#461=CARTESIAN_POINT('',(1.335E0,2.090697469670E1,-7.62E1));
#463=CURVE_STYLE('',#140,POSITIVE_LENGTH_MEASURE(2.E-2),#81);
#464=PRESENTATION_STYLE_ASSIGNMENT((#463));
#465=STYLED_ITEM('',(#464),#462);
#466=CARTESIAN_POINT('',(0.E0,-2.032E1,-8.587858666577E1));
#467=DIRECTION('',(0.E0,0.E0,-1.E0));
#468=DIRECTION('',(0.E0,1.E0,0.E0));
#469=AXIS2_PLACEMENT_3D('',#466,#467,#468);
#471=CURVE_STYLE('',#140,POSITIVE_LENGTH_MEASURE(2.E-2),#81);
#472=PRESENTATION_STYLE_ASSIGNMENT((#471));
#473=STYLED_ITEM('',(#472),#470);
#474=DIRECTION('',(0.E0,-5.233595624294E-2,-9.986295347546E-1));
#475=VECTOR('',#474,9.691869035448E0);
#476=CARTESIAN_POINT('',(0.E0,-1.67005E1,-7.62E1));
#477=LINE('',#476,#475);
#478=CURVE_STYLE('',#140,POSITIVE_LENGTH_MEASURE(2.E-2),#81);
#479=PRESENTATION_STYLE_ASSIGNMENT((#478));
#480=STYLED_ITEM('',(#479),#477);
#481=CARTESIAN_POINT('',(0.E0,-1.771503703741E1,-8.5852E1));
#482=DIRECTION('',(1.E0,0.E0,0.E0));
#483=DIRECTION('',(0.E0,0.E0,-1.E0));
#484=AXIS2_PLACEMENT_3D('',#481,#482,#483);
#486=CURVE_STYLE('',#140,POSITIVE_LENGTH_MEASURE(2.E-2),#81);
#487=PRESENTATION_STYLE_ASSIGNMENT((#486));
#488=STYLED_ITEM('',(#487),#485);
#489=CARTESIAN_POINT('',(0.E0,-2.032E1,-8.636E1));
#490=DIRECTION('',(0.E0,0.E0,-1.E0));
#491=DIRECTION('',(0.E0,1.E0,0.E0));
#492=AXIS2_PLACEMENT_3D('',#489,#490,#491);
#494=CURVE_STYLE('',#140,POSITIVE_LENGTH_MEASURE(2.E-2),#81);
#495=PRESENTATION_STYLE_ASSIGNMENT((#494));
#496=STYLED_ITEM('',(#495),#493);
#497=CARTESIAN_POINT('',(0.E0,-2.032E1,-8.636E1));
#498=DIRECTION('',(0.E0,0.E0,-1.E0));
#499=DIRECTION('',(0.E0,-1.E0,0.E0));
#500=AXIS2_PLACEMENT_3D('',#497,#498,#499);
#502=CURVE_STYLE('',#140,POSITIVE_LENGTH_MEASURE(2.E-2),#81);
#503=PRESENTATION_STYLE_ASSIGNMENT((#502));
#504=STYLED_ITEM('',(#503),#501);
#505=CARTESIAN_POINT('',(0.E0,-2.292496296259E1,-8.5852E1));
#506=DIRECTION('',(-1.E0,0.E0,0.E0));
#507=DIRECTION('',(0.E0,0.E0,-1.E0));
#508=AXIS2_PLACEMENT_3D('',#505,#506,#507);
#510=CURVE_STYLE('',#140,POSITIVE_LENGTH_MEASURE(2.E-2),#81);
#511=PRESENTATION_STYLE_ASSIGNMENT((#510));
#512=STYLED_ITEM('',(#511),#509);
#513=CARTESIAN_POINT('',(0.E0,-2.032E1,-8.587858666577E1));
#514=DIRECTION('',(0.E0,0.E0,-1.E0));
#515=DIRECTION('',(0.E0,-1.E0,0.E0));
#516=AXIS2_PLACEMENT_3D('',#513,#514,#515);
#518=CURVE_STYLE('',#140,POSITIVE_LENGTH_MEASURE(2.E-2),#81);
#519=PRESENTATION_STYLE_ASSIGNMENT((#518));
#520=STYLED_ITEM('',(#519),#517);
#521=DIRECTION('',(0.E0,5.233595624294E-2,-9.986295347546E-1));
#522=VECTOR('',#521,9.691869035448E0);
#523=CARTESIAN_POINT('',(0.E0,-2.39395E1,-7.62E1));
#524=LINE('',#523,#522);
#525=CURVE_STYLE('',#140,POSITIVE_LENGTH_MEASURE(2.E-2),#81);
#526=PRESENTATION_STYLE_ASSIGNMENT((#525));
#527=STYLED_ITEM('',(#526),#524);
#528=CARTESIAN_POINT('',(-1.143E0,9.525E0,-7.6708E1));
#529=DIRECTION('',(0.E0,-1.E0,0.E0));
#530=DIRECTION('',(1.E0,0.E0,-2.797412345512E-14));
#531=AXIS2_PLACEMENT_3D('',#528,#529,#530);
#533=CURVE_STYLE('',#140,POSITIVE_LENGTH_MEASURE(2.E-2),#81);
#534=PRESENTATION_STYLE_ASSIGNMENT((#533));
#535=STYLED_ITEM('',(#534),#532);
#536=DIRECTION('',(0.E0,-1.E0,0.E0));
#537=VECTOR('',#536,1.905E1);
#538=CARTESIAN_POINT('',(-6.35E-1,9.524999999999E0,-7.6708E1));
#539=LINE('',#538,#537);
#540=CURVE_STYLE('',#140,POSITIVE_LENGTH_MEASURE(2.E-2),#81);
#541=PRESENTATION_STYLE_ASSIGNMENT((#540));
#542=STYLED_ITEM('',(#541),#539);
#543=DIRECTION('',(0.E0,5.870885119858E-14,1.E0));
#544=VECTOR('',#543,9.652E0);
#545=CARTESIAN_POINT('',(-6.35E-1,-9.525E0,-8.636E1));
#546=LINE('',#545,#544);
#547=CURVE_STYLE('',#140,POSITIVE_LENGTH_MEASURE(2.E-2),#81);
#548=PRESENTATION_STYLE_ASSIGNMENT((#547));
#549=STYLED_ITEM('',(#548),#546);
#550=DIRECTION('',(0.E0,5.852481091269E-14,-1.E0));
#551=VECTOR('',#550,9.652E0);
#552=CARTESIAN_POINT('',(-6.35E-1,9.524999999999E0,-7.6708E1));
#553=LINE('',#552,#551);
#554=CURVE_STYLE('',#140,POSITIVE_LENGTH_MEASURE(2.E-2),#81);
#555=PRESENTATION_STYLE_ASSIGNMENT((#554));
#556=STYLED_ITEM('',(#555),#553);
#557=CARTESIAN_POINT('',(0.E0,-9.525E0,-7.6708E1));
#558=DIRECTION('',(0.E0,0.E0,1.E0));
#559=DIRECTION('',(-1.E0,0.E0,0.E0));
#560=AXIS2_PLACEMENT_3D('',#557,#558,#559);
#562=CURVE_STYLE('',#140,POSITIVE_LENGTH_MEASURE(2.E-2),#81);
#563=PRESENTATION_STYLE_ASSIGNMENT((#562));
#564=STYLED_ITEM('',(#563),#561);
#565=CARTESIAN_POINT('',(-1.143E0,-9.525E0,-7.6708E1));
#566=DIRECTION('',(0.E0,-1.E0,0.E0));
#567=DIRECTION('',(1.E0,0.E0,-2.797412345512E-14));
#568=AXIS2_PLACEMENT_3D('',#565,#566,#567);
#570=CURVE_STYLE('',#140,POSITIVE_LENGTH_MEASURE(2.E-2),#81);
#571=PRESENTATION_STYLE_ASSIGNMENT((#570));
#572=STYLED_ITEM('',(#571),#569);
#573=CARTESIAN_POINT('',(1.143E0,-9.525E0,-7.6708E1));
#574=DIRECTION('',(0.E0,1.E0,0.E0));
#575=DIRECTION('',(-1.E0,0.E0,-2.797412345512E-14));
#576=AXIS2_PLACEMENT_3D('',#573,#574,#575);
#578=CURVE_STYLE('',#140,POSITIVE_LENGTH_MEASURE(2.E-2),#81);
#579=PRESENTATION_STYLE_ASSIGNMENT((#578));
#580=STYLED_ITEM('',(#579),#577);
#581=DIRECTION('',(0.E0,1.E0,0.E0));
#582=VECTOR('',#581,1.905E1);
#583=CARTESIAN_POINT('',(6.35E-1,-9.524999999999E0,-7.6708E1));
#584=LINE('',#583,#582);
#585=CURVE_STYLE('',#140,POSITIVE_LENGTH_MEASURE(2.E-2),#81);
#586=PRESENTATION_STYLE_ASSIGNMENT((#585));
#587=STYLED_ITEM('',(#586),#584);
#588=DIRECTION('',(0.E0,5.613228719613E-14,-1.E0));
#589=VECTOR('',#588,9.652E0);
#590=CARTESIAN_POINT('',(6.35E-1,9.524999999999E0,-7.6708E1));
#591=LINE('',#590,#589);
#592=CURVE_STYLE('',#140,POSITIVE_LENGTH_MEASURE(2.E-2),#81);
#593=PRESENTATION_STYLE_ASSIGNMENT((#592));
#594=STYLED_ITEM('',(#593),#591);
#595=DIRECTION('',(0.E0,5.613228719613E-14,1.E0));
#596=VECTOR('',#595,9.652E0);
#597=CARTESIAN_POINT('',(6.35E-1,-9.525E0,-8.636E1));
#598=LINE('',#597,#596);
#599=CURVE_STYLE('',#140,POSITIVE_LENGTH_MEASURE(2.E-2),#81);
#600=PRESENTATION_STYLE_ASSIGNMENT((#599));
#601=STYLED_ITEM('',(#600),#598);
#602=CARTESIAN_POINT('',(0.E0,9.525E0,-7.6708E1));
#603=DIRECTION('',(0.E0,0.E0,1.E0));
#604=DIRECTION('',(1.E0,0.E0,0.E0));
#605=AXIS2_PLACEMENT_3D('',#602,#603,#604);
#607=CURVE_STYLE('',#140,POSITIVE_LENGTH_MEASURE(2.E-2),#81);
#608=PRESENTATION_STYLE_ASSIGNMENT((#607));
#609=STYLED_ITEM('',(#608),#606);
#610=CARTESIAN_POINT('',(1.143E0,9.525E0,-7.6708E1));
#611=DIRECTION('',(0.E0,1.E0,0.E0));
#612=DIRECTION('',(-1.E0,0.E0,-2.797412345512E-14));
#613=AXIS2_PLACEMENT_3D('',#610,#611,#612);
#615=CURVE_STYLE('',#140,POSITIVE_LENGTH_MEASURE(2.E-2),#81);
#616=PRESENTATION_STYLE_ASSIGNMENT((#615));
#617=STYLED_ITEM('',(#616),#614);
#618=CARTESIAN_POINT('',(0.E0,9.525E0,-8.636E1));
#619=DIRECTION('',(0.E0,0.E0,-1.E0));
#620=DIRECTION('',(-1.E0,0.E0,0.E0));
#621=AXIS2_PLACEMENT_3D('',#618,#619,#620);
#623=CURVE_STYLE('',#140,POSITIVE_LENGTH_MEASURE(2.E-2),#81);
#624=PRESENTATION_STYLE_ASSIGNMENT((#623));
#625=STYLED_ITEM('',(#624),#622);
#626=DIRECTION('',(0.E0,1.E0,0.E0));
#627=VECTOR('',#626,1.905E1);
#628=CARTESIAN_POINT('',(-6.35E-1,-9.525E0,-8.636E1));
#629=LINE('',#628,#627);
#630=CURVE_STYLE('',#140,POSITIVE_LENGTH_MEASURE(2.E-2),#81);
#631=PRESENTATION_STYLE_ASSIGNMENT((#630));
#632=STYLED_ITEM('',(#631),#629);
#633=CARTESIAN_POINT('',(0.E0,-9.525E0,-8.636E1));
#634=DIRECTION('',(0.E0,0.E0,-1.E0));
#635=DIRECTION('',(1.E0,0.E0,0.E0));
#636=AXIS2_PLACEMENT_3D('',#633,#634,#635);
#638=CURVE_STYLE('',#140,POSITIVE_LENGTH_MEASURE(2.E-2),#81);
#639=PRESENTATION_STYLE_ASSIGNMENT((#638));
#640=STYLED_ITEM('',(#639),#637);
#641=DIRECTION('',(0.E0,-1.E0,0.E0));
#642=VECTOR('',#641,1.905E1);
#643=CARTESIAN_POINT('',(6.35E-1,9.525E0,-8.636E1));
#644=LINE('',#643,#642);
#645=CURVE_STYLE('',#140,POSITIVE_LENGTH_MEASURE(2.E-2),#81);
#646=PRESENTATION_STYLE_ASSIGNMENT((#645));
#647=STYLED_ITEM('',(#646),#644);
#648=DIRECTION('',(0.E0,0.E0,1.E0));
#649=VECTOR('',#648,1.27E0);
#650=CARTESIAN_POINT('',(2.159E1,0.E0,-7.747E1));
#651=LINE('',#650,#649);
#652=CURVE_STYLE('',#140,POSITIVE_LENGTH_MEASURE(2.E-2),#81);
#653=PRESENTATION_STYLE_ASSIGNMENT((#652));
#654=STYLED_ITEM('',(#653),#651);
#655=DIRECTION('',(0.E0,0.E0,1.E0));
#656=VECTOR('',#655,1.27E0);
#657=CARTESIAN_POINT('',(5.08E0,0.E0,-7.747E1));
#658=LINE('',#657,#656);
#659=CURVE_STYLE('',#140,POSITIVE_LENGTH_MEASURE(2.E-2),#81);
#660=PRESENTATION_STYLE_ASSIGNMENT((#659));
#661=STYLED_ITEM('',(#660),#658);
#662=CARTESIAN_POINT('',(1.3335E1,0.E0,-7.747E1));
#663=DIRECTION('',(0.E0,0.E0,-1.E0));
#664=DIRECTION('',(-1.E0,0.E0,0.E0));
#665=AXIS2_PLACEMENT_3D('',#662,#663,#664);
#667=CURVE_STYLE('',#140,POSITIVE_LENGTH_MEASURE(2.E-2),#81);
#668=PRESENTATION_STYLE_ASSIGNMENT((#667));
#669=STYLED_ITEM('',(#668),#666);
#670=CARTESIAN_POINT('',(1.3335E1,0.E0,-7.747E1));
#671=DIRECTION('',(0.E0,0.E0,-1.E0));
#672=DIRECTION('',(1.E0,0.E0,0.E0));
#673=AXIS2_PLACEMENT_3D('',#670,#671,#672);
#675=CURVE_STYLE('',#140,POSITIVE_LENGTH_MEASURE(2.E-2),#81);
#676=PRESENTATION_STYLE_ASSIGNMENT((#675));
#677=STYLED_ITEM('',(#676),#674);
#678=CARTESIAN_POINT('',(-1.3335E1,0.E0,-7.747E1));
#679=DIRECTION('',(0.E0,0.E0,-1.E0));
#680=DIRECTION('',(-1.E0,0.E0,0.E0));
#681=AXIS2_PLACEMENT_3D('',#678,#679,#680);
#683=CURVE_STYLE('',#140,POSITIVE_LENGTH_MEASURE(2.E-2),#81);
#684=PRESENTATION_STYLE_ASSIGNMENT((#683));
#685=STYLED_ITEM('',(#684),#682);
#686=CARTESIAN_POINT('',(-1.3335E1,0.E0,-7.747E1));
#687=DIRECTION('',(0.E0,0.E0,-1.E0));
#688=DIRECTION('',(1.E0,0.E0,0.E0));
#689=AXIS2_PLACEMENT_3D('',#686,#687,#688);
#691=CURVE_STYLE('',#140,POSITIVE_LENGTH_MEASURE(2.E-2),#81);
#692=PRESENTATION_STYLE_ASSIGNMENT((#691));
#693=STYLED_ITEM('',(#692),#690);
#694=CARTESIAN_POINT('',(-1.3335E1,-1.665334536938E-14,-7.747E1));
#695=DIRECTION('',(0.E0,0.E0,-1.E0));
#696=DIRECTION('',(1.E0,0.E0,0.E0));
#697=AXIS2_PLACEMENT_3D('',#694,#695,#696);
#699=CURVE_STYLE('',#140,POSITIVE_LENGTH_MEASURE(2.E-2),#81);
#700=PRESENTATION_STYLE_ASSIGNMENT((#699));
#701=STYLED_ITEM('',(#700),#698);
#702=CARTESIAN_POINT('',(-1.3335E1,-1.665334536938E-14,-7.747E1));
#703=DIRECTION('',(0.E0,0.E0,-1.E0));
#704=DIRECTION('',(-1.E0,0.E0,0.E0));
#705=AXIS2_PLACEMENT_3D('',#702,#703,#704);
#707=CURVE_STYLE('',#140,POSITIVE_LENGTH_MEASURE(2.E-2),#81);
#708=PRESENTATION_STYLE_ASSIGNMENT((#707));
#709=STYLED_ITEM('',(#708),#706);
#710=CARTESIAN_POINT('',(1.3335E1,0.E0,-7.747E1));
#711=DIRECTION('',(0.E0,0.E0,-1.E0));
#712=DIRECTION('',(1.E0,0.E0,0.E0));
#713=AXIS2_PLACEMENT_3D('',#710,#711,#712);
#715=CURVE_STYLE('',#140,POSITIVE_LENGTH_MEASURE(2.E-2),#81);
#716=PRESENTATION_STYLE_ASSIGNMENT((#715));
#717=STYLED_ITEM('',(#716),#714);
#718=CARTESIAN_POINT('',(1.3335E1,0.E0,-7.747E1));
#719=DIRECTION('',(0.E0,0.E0,-1.E0));
#720=DIRECTION('',(-1.E0,0.E0,0.E0));
#721=AXIS2_PLACEMENT_3D('',#718,#719,#720);
#723=CURVE_STYLE('',#140,POSITIVE_LENGTH_MEASURE(2.E-2),#81);
#724=PRESENTATION_STYLE_ASSIGNMENT((#723));
#725=STYLED_ITEM('',(#724),#722);
#726=DIRECTION('',(0.E0,0.E0,1.E0));
#727=VECTOR('',#726,1.27E0);
#728=CARTESIAN_POINT('',(-5.08E0,0.E0,-7.747E1));
#729=LINE('',#728,#727);
#730=CURVE_STYLE('',#140,POSITIVE_LENGTH_MEASURE(2.E-2),#81);
#731=PRESENTATION_STYLE_ASSIGNMENT((#730));
#732=STYLED_ITEM('',(#731),#729);
#733=DIRECTION('',(0.E0,0.E0,1.E0));
#734=VECTOR('',#733,1.27E0);
#735=CARTESIAN_POINT('',(-2.159E1,0.E0,-7.747E1));
#736=LINE('',#735,#734);
#737=CURVE_STYLE('',#140,POSITIVE_LENGTH_MEASURE(2.E-2),#81);
#738=PRESENTATION_STYLE_ASSIGNMENT((#737));
#739=STYLED_ITEM('',(#738),#736);
#740=CARTESIAN_POINT('',(-1.3335E1,-1.665334536938E-14,-7.8867E1));
#741=DIRECTION('',(0.E0,0.E0,-1.E0));
#742=DIRECTION('',(1.E0,0.E0,0.E0));
#743=AXIS2_PLACEMENT_3D('',#740,#741,#742);
#745=CURVE_STYLE('',#140,POSITIVE_LENGTH_MEASURE(2.E-2),#81);
#746=PRESENTATION_STYLE_ASSIGNMENT((#745));
#747=STYLED_ITEM('',(#746),#744);
#748=DIRECTION('',(0.E0,0.E0,-1.E0));
#749=VECTOR('',#748,1.397E0);
#750=CARTESIAN_POINT('',(-5.5626E0,-1.570150089121E-14,-7.747E1));
#751=LINE('',#750,#749);
#752=CURVE_STYLE('',#140,POSITIVE_LENGTH_MEASURE(2.E-2),#81);
#753=PRESENTATION_STYLE_ASSIGNMENT((#752));
#754=STYLED_ITEM('',(#753),#751);
#755=CARTESIAN_POINT('',(-1.3335E1,-1.665334536938E-14,-7.8867E1));
#756=DIRECTION('',(0.E0,0.E0,-1.E0));
#757=DIRECTION('',(1.E0,0.E0,0.E0));
#758=AXIS2_PLACEMENT_3D('',#755,#756,#757);
#760=CURVE_STYLE('',#140,POSITIVE_LENGTH_MEASURE(2.E-2),#81);
#761=PRESENTATION_STYLE_ASSIGNMENT((#760));
#762=STYLED_ITEM('',(#761),#759);
#763=CARTESIAN_POINT('',(-1.3335E1,-1.665334536938E-14,-7.8867E1));
#764=DIRECTION('',(0.E0,0.E0,-1.E0));
#765=DIRECTION('',(-1.E0,0.E0,0.E0));
#766=AXIS2_PLACEMENT_3D('',#763,#764,#765);
#768=CURVE_STYLE('',#140,POSITIVE_LENGTH_MEASURE(2.E-2),#81);
#769=PRESENTATION_STYLE_ASSIGNMENT((#768));
#770=STYLED_ITEM('',(#769),#767);
#771=CARTESIAN_POINT('',(1.3335E1,0.E0,-7.8867E1));
#772=DIRECTION('',(0.E0,0.E0,-1.E0));
#773=DIRECTION('',(1.E0,0.E0,0.E0));
#774=AXIS2_PLACEMENT_3D('',#771,#772,#773);
#776=CURVE_STYLE('',#140,POSITIVE_LENGTH_MEASURE(2.E-2),#81);
#777=PRESENTATION_STYLE_ASSIGNMENT((#776));
#778=STYLED_ITEM('',(#777),#775);
#779=CARTESIAN_POINT('',(1.3335E1,0.E0,-7.8867E1));
#780=DIRECTION('',(0.E0,0.E0,-1.E0));
#781=DIRECTION('',(-1.E0,0.E0,0.E0));
#782=AXIS2_PLACEMENT_3D('',#779,#780,#781);
#784=CURVE_STYLE('',#140,POSITIVE_LENGTH_MEASURE(2.E-2),#81);
#785=PRESENTATION_STYLE_ASSIGNMENT((#784));
#786=STYLED_ITEM('',(#785),#783);
#787=DIRECTION('',(0.E0,0.E0,-1.E0));
#788=VECTOR('',#787,1.59766E0);
#789=CARTESIAN_POINT('',(-5.3467E0,-1.567506076681E-14,-7.8867E1));
#790=LINE('',#789,#788);
#791=CURVE_STYLE('',#140,POSITIVE_LENGTH_MEASURE(2.E-2),#81);
#792=PRESENTATION_STYLE_ASSIGNMENT((#791));
#793=STYLED_ITEM('',(#792),#790);
#794=DIRECTION('',(0.E0,0.E0,-1.E0));
#795=VECTOR('',#794,1.59766E0);
#796=CARTESIAN_POINT('',(-2.13233E1,-1.763162997194E-14,-7.8867E1));
#797=LINE('',#796,#795);
#798=CURVE_STYLE('',#140,POSITIVE_LENGTH_MEASURE(2.E-2),#81);
#799=PRESENTATION_STYLE_ASSIGNMENT((#798));
#800=STYLED_ITEM('',(#799),#797);
#801=CARTESIAN_POINT('',(-1.3335E1,-1.665334536938E-14,-8.046466E1));
#802=DIRECTION('',(0.E0,0.E0,-1.E0));
#803=DIRECTION('',(1.E0,0.E0,0.E0));
#804=AXIS2_PLACEMENT_3D('',#801,#802,#803);
#806=CURVE_STYLE('',#140,POSITIVE_LENGTH_MEASURE(2.E-2),#81);
#807=PRESENTATION_STYLE_ASSIGNMENT((#806));
#808=STYLED_ITEM('',(#807),#805);
#809=CARTESIAN_POINT('',(-1.3335E1,-1.665334536938E-14,-8.046466E1));
#810=DIRECTION('',(0.E0,0.E0,-1.E0));
#811=DIRECTION('',(-1.E0,0.E0,0.E0));
#812=AXIS2_PLACEMENT_3D('',#809,#810,#811);
#814=CURVE_STYLE('',#140,POSITIVE_LENGTH_MEASURE(2.E-2),#81);
#815=PRESENTATION_STYLE_ASSIGNMENT((#814));
#816=STYLED_ITEM('',(#815),#813);
#817=CARTESIAN_POINT('',(1.3335E1,0.E0,-8.046466E1));
#818=DIRECTION('',(0.E0,0.E0,-1.E0));
#819=DIRECTION('',(1.E0,0.E0,0.E0));
#820=AXIS2_PLACEMENT_3D('',#817,#818,#819);
#822=CURVE_STYLE('',#140,POSITIVE_LENGTH_MEASURE(2.E-2),#81);
#823=PRESENTATION_STYLE_ASSIGNMENT((#822));
#824=STYLED_ITEM('',(#823),#821);
#825=CARTESIAN_POINT('',(1.3335E1,0.E0,-8.046466E1));
#826=DIRECTION('',(0.E0,0.E0,-1.E0));
#827=DIRECTION('',(-1.E0,0.E0,0.E0));
#828=AXIS2_PLACEMENT_3D('',#825,#826,#827);
#830=CURVE_STYLE('',#140,POSITIVE_LENGTH_MEASURE(2.E-2),#81);
#831=PRESENTATION_STYLE_ASSIGNMENT((#830));
#832=STYLED_ITEM('',(#831),#829);
#833=DIRECTION('',(0.E0,1.E0,0.E0));
#834=VECTOR('',#833,7.19E0);
#835=CARTESIAN_POINT('',(-1.956172265321E1,-3.595E0,-8.046466E1));
#836=LINE('',#835,#834);
#837=CURVE_STYLE('',#140,POSITIVE_LENGTH_MEASURE(2.E-2),#81);
#838=PRESENTATION_STYLE_ASSIGNMENT((#837));
#839=STYLED_ITEM('',(#838),#836);
#840=DIRECTION('',(8.660254037844E-1,5.E-1,0.E0));
#841=VECTOR('',#840,7.19E0);
#842=CARTESIAN_POINT('',(-1.956172265321E1,3.595E0,-8.046466E1));
#843=LINE('',#842,#841);
#844=CURVE_STYLE('',#140,POSITIVE_LENGTH_MEASURE(2.E-2),#81);
#845=PRESENTATION_STYLE_ASSIGNMENT((#844));
#846=STYLED_ITEM('',(#845),#843);
#847=DIRECTION('',(8.660254037844E-1,-5.E-1,0.E0));
#848=VECTOR('',#847,7.19E0);
#849=CARTESIAN_POINT('',(-1.3335E1,7.19E0,-8.046466E1));
#850=LINE('',#849,#848);
#851=CURVE_STYLE('',#140,POSITIVE_LENGTH_MEASURE(2.E-2),#81);
#852=PRESENTATION_STYLE_ASSIGNMENT((#851));
#853=STYLED_ITEM('',(#852),#850);
#854=DIRECTION('',(0.E0,-1.E0,0.E0));
#855=VECTOR('',#854,7.19E0);
#856=CARTESIAN_POINT('',(-7.108277346790E0,3.595E0,-8.046466E1));
#857=LINE('',#856,#855);
#858=CURVE_STYLE('',#140,POSITIVE_LENGTH_MEASURE(2.E-2),#81);
#859=PRESENTATION_STYLE_ASSIGNMENT((#858));
#860=STYLED_ITEM('',(#859),#857);
#861=DIRECTION('',(-8.660254037844E-1,-5.E-1,0.E0));
#862=VECTOR('',#861,7.19E0);
#863=CARTESIAN_POINT('',(-7.108277346790E0,-3.595E0,-8.046466E1));
#864=LINE('',#863,#862);
#865=CURVE_STYLE('',#140,POSITIVE_LENGTH_MEASURE(2.E-2),#81);
#866=PRESENTATION_STYLE_ASSIGNMENT((#865));
#867=STYLED_ITEM('',(#866),#864);
#868=DIRECTION('',(-8.660254037844E-1,5.E-1,0.E0));
#869=VECTOR('',#868,7.19E0);
#870=CARTESIAN_POINT('',(-1.3335E1,-7.19E0,-8.046466E1));
#871=LINE('',#870,#869);
#872=CURVE_STYLE('',#140,POSITIVE_LENGTH_MEASURE(2.E-2),#81);
#873=PRESENTATION_STYLE_ASSIGNMENT((#872));
#874=STYLED_ITEM('',(#873),#871);
#875=DIRECTION('',(0.E0,1.E0,0.E0));
#876=VECTOR('',#875,7.19E0);
#877=CARTESIAN_POINT('',(7.108277346790E0,-3.595E0,-8.046466E1));
#878=LINE('',#877,#876);
#879=CURVE_STYLE('',#140,POSITIVE_LENGTH_MEASURE(2.E-2),#81);
#880=PRESENTATION_STYLE_ASSIGNMENT((#879));
#881=STYLED_ITEM('',(#880),#878);
#882=DIRECTION('',(8.660254037844E-1,5.E-1,0.E0));
#883=VECTOR('',#882,7.19E0);
#884=CARTESIAN_POINT('',(7.108277346790E0,3.595E0,-8.046466E1));
#885=LINE('',#884,#883);
#886=CURVE_STYLE('',#140,POSITIVE_LENGTH_MEASURE(2.E-2),#81);
#887=PRESENTATION_STYLE_ASSIGNMENT((#886));
#888=STYLED_ITEM('',(#887),#885);
#889=DIRECTION('',(8.660254037844E-1,-5.E-1,0.E0));
#890=VECTOR('',#889,7.19E0);
#891=CARTESIAN_POINT('',(1.3335E1,7.19E0,-8.046466E1));
#892=LINE('',#891,#890);
#893=CURVE_STYLE('',#140,POSITIVE_LENGTH_MEASURE(2.E-2),#81);
#894=PRESENTATION_STYLE_ASSIGNMENT((#893));
#895=STYLED_ITEM('',(#894),#892);
#896=DIRECTION('',(0.E0,-1.E0,0.E0));
#897=VECTOR('',#896,7.19E0);
#898=CARTESIAN_POINT('',(1.956172265321E1,3.595E0,-8.046466E1));
#899=LINE('',#898,#897);
#900=CURVE_STYLE('',#140,POSITIVE_LENGTH_MEASURE(2.E-2),#81);
#901=PRESENTATION_STYLE_ASSIGNMENT((#900));
#902=STYLED_ITEM('',(#901),#899);
#903=DIRECTION('',(-8.660254037844E-1,-5.E-1,0.E0));
#904=VECTOR('',#903,7.19E0);
#905=CARTESIAN_POINT('',(1.956172265321E1,-3.595E0,-8.046466E1));
#906=LINE('',#905,#904);
#907=CURVE_STYLE('',#140,POSITIVE_LENGTH_MEASURE(2.E-2),#81);
#908=PRESENTATION_STYLE_ASSIGNMENT((#907));
#909=STYLED_ITEM('',(#908),#906);
#910=DIRECTION('',(-8.660254037844E-1,5.E-1,0.E0));
#911=VECTOR('',#910,7.19E0);
#912=CARTESIAN_POINT('',(1.3335E1,-7.19E0,-8.046466E1));
#913=LINE('',#912,#911);
#914=CURVE_STYLE('',#140,POSITIVE_LENGTH_MEASURE(2.E-2),#81);
#915=PRESENTATION_STYLE_ASSIGNMENT((#914));
#916=STYLED_ITEM('',(#915),#913);
#917=DIRECTION('',(0.E0,0.E0,-1.E0));
#918=VECTOR('',#917,1.59766E0);
#919=CARTESIAN_POINT('',(2.13233E1,0.E0,-7.8867E1));
#920=LINE('',#919,#918);
#921=CURVE_STYLE('',#140,POSITIVE_LENGTH_MEASURE(2.E-2),#81);
#922=PRESENTATION_STYLE_ASSIGNMENT((#921));
#923=STYLED_ITEM('',(#922),#920);
#924=DIRECTION('',(0.E0,0.E0,-1.E0));
#925=VECTOR('',#924,1.59766E0);
#926=CARTESIAN_POINT('',(5.3467E0,0.E0,-7.8867E1));
#927=LINE('',#926,#925);
#928=CURVE_STYLE('',#140,POSITIVE_LENGTH_MEASURE(2.E-2),#81);
#929=PRESENTATION_STYLE_ASSIGNMENT((#928));
#930=STYLED_ITEM('',(#929),#927);
#931=DIRECTION('',(0.E0,0.E0,-1.E0));
#932=VECTOR('',#931,6.5E0);
#933=CARTESIAN_POINT('',(-1.956172265321E1,-3.595E0,-8.046466E1));
#934=LINE('',#933,#932);
#935=CURVE_STYLE('',#140,POSITIVE_LENGTH_MEASURE(2.E-2),#81);
#936=PRESENTATION_STYLE_ASSIGNMENT((#935));
#937=STYLED_ITEM('',(#936),#934);
#938=DIRECTION('',(0.E0,0.E0,-1.E0));
#939=VECTOR('',#938,6.5E0);
#940=CARTESIAN_POINT('',(-1.3335E1,-7.19E0,-8.046466E1));
#941=LINE('',#940,#939);
#942=CURVE_STYLE('',#140,POSITIVE_LENGTH_MEASURE(2.E-2),#81);
#943=PRESENTATION_STYLE_ASSIGNMENT((#942));
#944=STYLED_ITEM('',(#943),#941);
#945=DIRECTION('',(0.E0,0.E0,-1.E0));
#946=VECTOR('',#945,6.5E0);
#947=CARTESIAN_POINT('',(-7.108277346790E0,-3.595E0,-8.046466E1));
#948=LINE('',#947,#946);
#949=CURVE_STYLE('',#140,POSITIVE_LENGTH_MEASURE(2.E-2),#81);
#950=PRESENTATION_STYLE_ASSIGNMENT((#949));
#951=STYLED_ITEM('',(#950),#948);
#952=DIRECTION('',(0.E0,0.E0,-1.E0));
#953=VECTOR('',#952,6.5E0);
#954=CARTESIAN_POINT('',(-7.108277346790E0,3.595E0,-8.046466E1));
#955=LINE('',#954,#953);
#956=CURVE_STYLE('',#140,POSITIVE_LENGTH_MEASURE(2.E-2),#81);
#957=PRESENTATION_STYLE_ASSIGNMENT((#956));
#958=STYLED_ITEM('',(#957),#955);
#959=DIRECTION('',(0.E0,0.E0,-1.E0));
#960=VECTOR('',#959,6.5E0);
#961=CARTESIAN_POINT('',(-1.3335E1,7.19E0,-8.046466E1));
#962=LINE('',#961,#960);
#963=CURVE_STYLE('',#140,POSITIVE_LENGTH_MEASURE(2.E-2),#81);
#964=PRESENTATION_STYLE_ASSIGNMENT((#963));
#965=STYLED_ITEM('',(#964),#962);
#966=DIRECTION('',(0.E0,0.E0,-1.E0));
#967=VECTOR('',#966,6.5E0);
#968=CARTESIAN_POINT('',(-1.956172265321E1,3.595E0,-8.046466E1));
#969=LINE('',#968,#967);
#970=CURVE_STYLE('',#140,POSITIVE_LENGTH_MEASURE(2.E-2),#81);
#971=PRESENTATION_STYLE_ASSIGNMENT((#970));
#972=STYLED_ITEM('',(#971),#969);
#973=DIRECTION('',(0.E0,1.E0,0.E0));
#974=VECTOR('',#973,7.19E0);
#975=CARTESIAN_POINT('',(-1.956172265321E1,-3.595E0,-8.696466E1));
#976=LINE('',#975,#974);
#977=CURVE_STYLE('',#140,POSITIVE_LENGTH_MEASURE(2.E-2),#81);
#978=PRESENTATION_STYLE_ASSIGNMENT((#977));
#979=STYLED_ITEM('',(#978),#976);
#980=DIRECTION('',(-8.660254037844E-1,5.E-1,0.E0));
#981=VECTOR('',#980,7.19E0);
#982=CARTESIAN_POINT('',(-1.3335E1,-7.19E0,-8.696466E1));
#983=LINE('',#982,#981);
#984=CURVE_STYLE('',#140,POSITIVE_LENGTH_MEASURE(2.E-2),#81);
#985=PRESENTATION_STYLE_ASSIGNMENT((#984));
#986=STYLED_ITEM('',(#985),#983);
#987=DIRECTION('',(-8.660254037844E-1,-5.E-1,0.E0));
#988=VECTOR('',#987,7.19E0);
#989=CARTESIAN_POINT('',(-7.108277346790E0,-3.595E0,-8.696466E1));
#990=LINE('',#989,#988);
#991=CURVE_STYLE('',#140,POSITIVE_LENGTH_MEASURE(2.E-2),#81);
#992=PRESENTATION_STYLE_ASSIGNMENT((#991));
#993=STYLED_ITEM('',(#992),#990);
#994=DIRECTION('',(0.E0,-1.E0,0.E0));
#995=VECTOR('',#994,7.19E0);
#996=CARTESIAN_POINT('',(-7.108277346790E0,3.595E0,-8.696466E1));
#997=LINE('',#996,#995);
#998=CURVE_STYLE('',#140,POSITIVE_LENGTH_MEASURE(2.E-2),#81);
#999=PRESENTATION_STYLE_ASSIGNMENT((#998));
#1000=STYLED_ITEM('',(#999),#997);
#1001=DIRECTION('',(8.660254037844E-1,-5.E-1,0.E0));
#1002=VECTOR('',#1001,7.19E0);
#1003=CARTESIAN_POINT('',(-1.3335E1,7.19E0,-8.696466E1));
#1004=LINE('',#1003,#1002);
#1005=CURVE_STYLE('',#140,POSITIVE_LENGTH_MEASURE(2.E-2),#81);
#1006=PRESENTATION_STYLE_ASSIGNMENT((#1005));
#1007=STYLED_ITEM('',(#1006),#1004);
#1008=DIRECTION('',(8.660254037844E-1,5.E-1,0.E0));
#1009=VECTOR('',#1008,7.19E0);
#1010=CARTESIAN_POINT('',(-1.956172265321E1,3.595E0,-8.696466E1));
#1011=LINE('',#1010,#1009);
#1012=CURVE_STYLE('',#140,POSITIVE_LENGTH_MEASURE(2.E-2),#81);
#1013=PRESENTATION_STYLE_ASSIGNMENT((#1012));
#1014=STYLED_ITEM('',(#1013),#1011);
#1015=DIRECTION('',(0.E0,1.E0,0.E0));
#1016=VECTOR('',#1015,7.19E0);
#1017=CARTESIAN_POINT('',(7.108277346790E0,-3.595E0,-8.696466E1));
#1018=LINE('',#1017,#1016);
#1019=CURVE_STYLE('',#140,POSITIVE_LENGTH_MEASURE(2.E-2),#81);
#1020=PRESENTATION_STYLE_ASSIGNMENT((#1019));
#1021=STYLED_ITEM('',(#1020),#1018);
#1022=DIRECTION('',(-8.660254037844E-1,5.E-1,0.E0));
#1023=VECTOR('',#1022,7.19E0);
#1024=CARTESIAN_POINT('',(1.3335E1,-7.19E0,-8.696466E1));
#1025=LINE('',#1024,#1023);
#1026=CURVE_STYLE('',#140,POSITIVE_LENGTH_MEASURE(2.E-2),#81);
#1027=PRESENTATION_STYLE_ASSIGNMENT((#1026));
#1028=STYLED_ITEM('',(#1027),#1025);
#1029=DIRECTION('',(-8.660254037844E-1,-5.E-1,0.E0));
#1030=VECTOR('',#1029,7.19E0);
#1031=CARTESIAN_POINT('',(1.956172265321E1,-3.595E0,-8.696466E1));
#1032=LINE('',#1031,#1030);
#1033=CURVE_STYLE('',#140,POSITIVE_LENGTH_MEASURE(2.E-2),#81);
#1034=PRESENTATION_STYLE_ASSIGNMENT((#1033));
#1035=STYLED_ITEM('',(#1034),#1032);
#1036=DIRECTION('',(0.E0,-1.E0,0.E0));
#1037=VECTOR('',#1036,7.19E0);
#1038=CARTESIAN_POINT('',(1.956172265321E1,3.595E0,-8.696466E1));
#1039=LINE('',#1038,#1037);
#1040=CURVE_STYLE('',#140,POSITIVE_LENGTH_MEASURE(2.E-2),#81);
#1041=PRESENTATION_STYLE_ASSIGNMENT((#1040));
#1042=STYLED_ITEM('',(#1041),#1039);
#1043=DIRECTION('',(8.660254037844E-1,-5.E-1,0.E0));
#1044=VECTOR('',#1043,7.19E0);
#1045=CARTESIAN_POINT('',(1.3335E1,7.19E0,-8.696466E1));
#1046=LINE('',#1045,#1044);
#1047=CURVE_STYLE('',#140,POSITIVE_LENGTH_MEASURE(2.E-2),#81);
#1048=PRESENTATION_STYLE_ASSIGNMENT((#1047));
#1049=STYLED_ITEM('',(#1048),#1046);
#1050=DIRECTION('',(8.660254037844E-1,5.E-1,0.E0));
#1051=VECTOR('',#1050,7.19E0);
#1052=CARTESIAN_POINT('',(7.108277346790E0,3.595E0,-8.696466E1));
#1053=LINE('',#1052,#1051);
#1054=CURVE_STYLE('',#140,POSITIVE_LENGTH_MEASURE(2.E-2),#81);
#1055=PRESENTATION_STYLE_ASSIGNMENT((#1054));
#1056=STYLED_ITEM('',(#1055),#1053);
#1057=DIRECTION('',(0.E0,0.E0,-1.E0));
#1058=VECTOR('',#1057,6.5E0);
#1059=CARTESIAN_POINT('',(7.108277346790E0,-3.595E0,-8.046466E1));
#1060=LINE('',#1059,#1058);
#1061=CURVE_STYLE('',#140,POSITIVE_LENGTH_MEASURE(2.E-2),#81);
#1062=PRESENTATION_STYLE_ASSIGNMENT((#1061));
#1063=STYLED_ITEM('',(#1062),#1060);
#1064=DIRECTION('',(0.E0,0.E0,-1.E0));
#1065=VECTOR('',#1064,6.5E0);
#1066=CARTESIAN_POINT('',(1.3335E1,-7.19E0,-8.046466E1));
#1067=LINE('',#1066,#1065);
#1068=CURVE_STYLE('',#140,POSITIVE_LENGTH_MEASURE(2.E-2),#81);
#1069=PRESENTATION_STYLE_ASSIGNMENT((#1068));
#1070=STYLED_ITEM('',(#1069),#1067);
#1071=DIRECTION('',(0.E0,0.E0,-1.E0));
#1072=VECTOR('',#1071,6.5E0);
#1073=CARTESIAN_POINT('',(1.956172265321E1,-3.595E0,-8.046466E1));
#1074=LINE('',#1073,#1072);
#1075=CURVE_STYLE('',#140,POSITIVE_LENGTH_MEASURE(2.E-2),#81);
#1076=PRESENTATION_STYLE_ASSIGNMENT((#1075));
#1077=STYLED_ITEM('',(#1076),#1074);
#1078=DIRECTION('',(0.E0,0.E0,-1.E0));
#1079=VECTOR('',#1078,6.5E0);
#1080=CARTESIAN_POINT('',(1.956172265321E1,3.595E0,-8.046466E1));
#1081=LINE('',#1080,#1079);
#1082=CURVE_STYLE('',#140,POSITIVE_LENGTH_MEASURE(2.E-2),#81);
#1083=PRESENTATION_STYLE_ASSIGNMENT((#1082));
#1084=STYLED_ITEM('',(#1083),#1081);
#1085=DIRECTION('',(0.E0,0.E0,-1.E0));
#1086=VECTOR('',#1085,6.5E0);
#1087=CARTESIAN_POINT('',(1.3335E1,7.19E0,-8.046466E1));
#1088=LINE('',#1087,#1086);
#1089=CURVE_STYLE('',#140,POSITIVE_LENGTH_MEASURE(2.E-2),#81);
#1090=PRESENTATION_STYLE_ASSIGNMENT((#1089));
#1091=STYLED_ITEM('',(#1090),#1088);
#1092=DIRECTION('',(0.E0,0.E0,-1.E0));
#1093=VECTOR('',#1092,6.5E0);
#1094=CARTESIAN_POINT('',(7.108277346790E0,3.595E0,-8.046466E1));
#1095=LINE('',#1094,#1093);
#1096=CURVE_STYLE('',#140,POSITIVE_LENGTH_MEASURE(2.E-2),#81);
#1097=PRESENTATION_STYLE_ASSIGNMENT((#1096));
#1098=STYLED_ITEM('',(#1097),#1095);
#1099=CARTESIAN_POINT('',(-1.306950158603E1,3.312795721200E0,-8.696466E1));
#1100=CARTESIAN_POINT('',(-1.314535942815E1,3.326857200899E0,-8.696466E1));
#1101=CARTESIAN_POINT('',(-1.329808474442E1,3.349688930158E0,-8.696466E1));
#1102=CARTESIAN_POINT('',(-1.353071261645E1,3.368030321568E0,-8.696466E1));
#1103=CARTESIAN_POINT('',(-1.376543080454E1,3.370113210142E0,-8.696466E1));
#1104=CARTESIAN_POINT('',(-1.400074995812E1,3.355807537001E0,-8.696466E1));
#1105=CARTESIAN_POINT('',(-1.423584761760E1,3.325033138386E0,-8.696466E1));
#1106=CARTESIAN_POINT('',(-1.446946136720E1,3.277786984115E0,-8.696466E1));
#1107=CARTESIAN_POINT('',(-1.470032184308E1,3.214207142549E0,-8.696466E1));
#1108=CARTESIAN_POINT('',(-1.492764288841E1,3.134336799125E0,-8.696466E1));
#1109=CARTESIAN_POINT('',(-1.514978971196E1,3.038603272943E0,-8.696466E1));
#1110=CARTESIAN_POINT('',(-1.536604489188E1,2.927186491478E0,-8.696466E1));
#1111=CARTESIAN_POINT('',(-1.557513834330E1,2.800553482624E0,-8.696466E1));
#1112=CARTESIAN_POINT('',(-1.577596640978E1,2.659245828752E0,-8.696466E1));
#1113=CARTESIAN_POINT('',(-1.596777964610E1,2.503586385092E0,-8.696466E1));
#1114=CARTESIAN_POINT('',(-1.614917245241E1,2.334545883487E0,-8.696466E1));
#1115=CARTESIAN_POINT('',(-1.631955504736E1,2.152511625838E0,-8.696466E1));
#1116=CARTESIAN_POINT('',(-1.647784399795E1,1.958401338069E0,-8.696466E1));
#1117=CARTESIAN_POINT('',(-1.662319903511E1,1.753084862044E0,-8.696466E1));
#1118=CARTESIAN_POINT('',(-1.675501997260E1,1.537122485280E0,-8.696466E1));
#1119=CARTESIAN_POINT('',(-1.687229556440E1,1.311927682433E0,-8.696466E1));
#1120=CARTESIAN_POINT('',(-1.697461636575E1,1.078032451506E0,-8.696466E1));
#1121=CARTESIAN_POINT('',(-1.706124714291E1,8.367103447361E-1,-8.696466E1));
#1122=CARTESIAN_POINT('',(-1.713168891352E1,5.890735385821E-1,-8.696466E1));
#1123=CARTESIAN_POINT('',(-1.718557115874E1,3.358223573114E-1,-8.696466E1));
#1124=CARTESIAN_POINT('',(-1.722240056E1,7.867812062350E-2,-8.696466E1));
#1125=CARTESIAN_POINT('',(-1.724197655080E1,-1.817458017831E-1,-8.696466E1));
#1126=CARTESIAN_POINT('',(-1.724402111812E1,-4.439895852719E-1,-8.696466E1));
#1127=CARTESIAN_POINT('',(-1.722845108414E1,-7.068259415111E-1,-8.696466E1));
#1128=CARTESIAN_POINT('',(-1.719502303780E1,-9.701026320165E-1,-8.696466E1));
#1129=CARTESIAN_POINT('',(-1.716099181782E1,-1.143952939719E0,-8.696466E1));
#1130=CARTESIAN_POINT('',(-1.714099291024E1,-1.230616905129E0,-8.696466E1));
#1132=CURVE_STYLE('',#140,POSITIVE_LENGTH_MEASURE(2.E-2),#81);
#1133=PRESENTATION_STYLE_ASSIGNMENT((#1132));
#1134=STYLED_ITEM('',(#1133),#1131);
#1135=DIRECTION('',(-2.779453192742E-1,8.202111920070E-1,5.E-1));
#1136=VECTOR('',#1135,7.8125E-1);
#1137=CARTESIAN_POINT('',(-1.205122556078E1,-3.788393219981E0,-9.0399375E1));
#1138=LINE('',#1137,#1136);
#1139=CURVE_STYLE('',#140,POSITIVE_LENGTH_MEASURE(2.E-2),#81);
#1140=PRESENTATION_STYLE_ASSIGNMENT((#1139));
#1141=STYLED_ITEM('',(#1140),#1138);
#1142=CARTESIAN_POINT('',(-1.3335E1,-4.E0,-8.7964375E1));
#1143=CARTESIAN_POINT('',(-1.324321706369E1,-4.E0,-8.795981009125E1));
#1144=CARTESIAN_POINT('',(-1.305965121232E1,-3.993679427549E0,
-8.795068027285E1));
#1145=CARTESIAN_POINT('',(-1.278560643316E1,-3.965281706820E0,
-8.793698553455E1));
#1146=CARTESIAN_POINT('',(-1.251416423527E1,-3.918101704381E0,
-8.792329080959E1));
#1147=CARTESIAN_POINT('',(-1.224660974023E1,-3.852362777777E0,
-8.790959606713E1));
#1148=CARTESIAN_POINT('',(-1.198421092953E1,-3.768376464496E0,
-8.789590134068E1));
#1149=CARTESIAN_POINT('',(-1.172821015161E1,-3.666540437064E0,
-8.788220660177E1));
#1150=CARTESIAN_POINT('',(-1.147981978670E1,-3.547336863915E0,
-8.786851183670E1));
#1151=CARTESIAN_POINT('',(-1.124021687659E1,-3.411330544818E0,
-8.785481707091E1));
#1152=CARTESIAN_POINT('',(-1.101053660981E1,-3.259165886193E0,
-8.784112231997E1));
#1153=CARTESIAN_POINT('',(-1.079186700403E1,-3.091563823067E0,
-8.782742759249E1));
#1154=CARTESIAN_POINT('',(-1.058524318157E1,-2.909317761698E0,
-8.781373284853E1));
#1155=CARTESIAN_POINT('',(-1.039164388723E1,-2.713290849297E0,
-8.780003808599E1));
#1156=CARTESIAN_POINT('',(-1.021198645074E1,-2.504411857847E0,
-8.778634332431E1));
#1157=CARTESIAN_POINT('',(-1.004712207879E1,-2.283670532660E0,
-8.777264858371E1));
#1158=CARTESIAN_POINT('',(-9.897831418918E0,-2.052112201462E0,
-8.775895384596E1));
#1159=CARTESIAN_POINT('',(-9.764821505667E0,-1.810833486493E0,
-8.774525909981E1));
#1160=CARTESIAN_POINT('',(-9.648722349838E0,-1.560977101759E0,
-8.773156433819E1));
#1161=CARTESIAN_POINT('',(-9.550084083953E0,-1.303726916620E0,
-8.771786958212E1));
#1162=CARTESIAN_POINT('',(-9.469373944997E0,-1.040301662627E0,
-8.770417484177E1));
#1163=CARTESIAN_POINT('',(-9.406974089914E0,-7.719487118734E-1,
-8.769048009625E1));
#1164=CARTESIAN_POINT('',(-9.363180116058E0,-4.999392084672E-1,
-8.767678534769E1));
#1165=CARTESIAN_POINT('',(-9.338199471248E0,-2.255613850122E-1,
-8.766309058645E1));
#1166=CARTESIAN_POINT('',(-9.332150528438E0,4.988462256272E-2,
-8.764939583693E1));
#1167=CARTESIAN_POINT('',(-9.345061898236E0,3.250943289633E-1,
-8.763570108800E1));
#1168=CARTESIAN_POINT('',(-9.376872433235E0,5.987641775810E-1,
-8.762200633816E1));
#1169=CARTESIAN_POINT('',(-9.427431457584E0,8.695978923741E-1,
-8.760831158655E1));
#1170=CARTESIAN_POINT('',(-9.496499542500E0,1.136312733328E0,
-8.759461682673E1));
#1171=CARTESIAN_POINT('',(-9.583749415117E0,1.397644960539E0,
-8.758092207898E1));
#1172=CARTESIAN_POINT('',(-9.688767940379E0,1.652357156888E0,
-8.756722732034E1));
#1173=CARTESIAN_POINT('',(-9.811057565771E0,1.899242508378E0,
-8.755353256753E1));
#1174=CARTESIAN_POINT('',(-9.950039092304E0,2.137131736499E0,
-8.753983781288E1));
#1175=CARTESIAN_POINT('',(-1.010505422649E1,2.364898030046E0,
-8.752614305582E1));
#1176=CARTESIAN_POINT('',(-1.027536863222E1,2.581462435957E0,
-8.751244830216E1));
#1177=CARTESIAN_POINT('',(-1.046017577472E1,2.785799363751E0,
-8.749875353755E1));
#1178=CARTESIAN_POINT('',(-1.065860001468E1,2.976940630227E0,
-8.748505878172E1));
#1179=CARTESIAN_POINT('',(-1.086970159602E1,3.153981004735E0,
-8.747136402506E1));
#1180=CARTESIAN_POINT('',(-1.109248055633E1,3.316081867749E0,
-8.745766926993E1));
#1181=CARTESIAN_POINT('',(-1.132588182860E1,3.462475504557E0,
-8.744397450616E1));
#1182=CARTESIAN_POINT('',(-1.156879980181E1,3.592468411693E0,
-8.743027973817E1));
#1183=CARTESIAN_POINT('',(-1.182008359410E1,3.705444735361E0,
-8.741658497952E1));
#1184=CARTESIAN_POINT('',(-1.207854308021E1,3.800869428402E0,
-8.740289022231E1));
#1185=CARTESIAN_POINT('',(-1.234295407256E1,3.878290514173E0,
-8.738919546335E1));
#1186=CARTESIAN_POINT('',(-1.261206434997E1,3.937341300155E0,
-8.737550069184E1));
#1187=CARTESIAN_POINT('',(-1.288459895216E1,3.977741988373E0,
-8.736180592137E1));
#1188=CARTESIAN_POINT('',(-1.315926679854E1,3.999301224011E0,
-8.734811115983E1));
#1189=CARTESIAN_POINT('',(-1.343476688559E1,4.001916893896E0,
-8.733441640602E1));
#1190=CARTESIAN_POINT('',(-1.370979313732E1,3.985576782729E0,
-8.732072171550E1));
#1191=CARTESIAN_POINT('',(-1.398304471608E1,3.950358252883E0,
-8.730702699500E1));
#1192=CARTESIAN_POINT('',(-1.425322653261E1,3.896428139232E0,
-8.729333228348E1));
#1193=CARTESIAN_POINT('',(-1.451905882939E1,3.824041956788E0,
-8.727963758109E1));
#1194=CARTESIAN_POINT('',(-1.477928262143E1,3.733542542462E0,
-8.726594287903E1));
#1195=CARTESIAN_POINT('',(-1.503266536331E1,3.625358537090E0,
-8.725224817454E1));
#1196=CARTESIAN_POINT('',(-1.527800679619E1,3.500002399821E0,
-8.723855347122E1));
#1197=CARTESIAN_POINT('',(-1.551414485157E1,3.358067884379E0,
-8.722485876718E1));
#1198=CARTESIAN_POINT('',(-1.573996094943E1,3.200227340842E0,
-8.721116406681E1));
#1199=CARTESIAN_POINT('',(-1.595438557998E1,3.027228332946E0,
-8.719746936357E1));
#1200=CARTESIAN_POINT('',(-1.615640295902E1,2.839890408128E0,
-8.718377466569E1));
#1201=CARTESIAN_POINT('',(-1.634505630219E1,2.639100839664E0,
-8.717007996644E1));
#1202=CARTESIAN_POINT('',(-1.651945193432E1,2.425810800819E0,
-8.715638527237E1));
#1203=CARTESIAN_POINT('',(-1.667876385063E1,2.201030548444E0,
-8.714269058089E1));
#1204=CARTESIAN_POINT('',(-1.682223746165E1,1.965824770089E0,
-8.712899589060E1));
#1205=CARTESIAN_POINT('',(-1.694919313280E1,1.721307681128E0,
-8.711530120807E1));
#1206=CARTESIAN_POINT('',(-1.705902961246E1,1.468637313982E0,
-8.710160652395E1));
#1207=CARTESIAN_POINT('',(-1.715122655312E1,1.209010743531E0,
-8.708791185199E1));
#1208=CARTESIAN_POINT('',(-1.722534735272E1,9.436575403941E-1,
-8.707421718151E1));
#1209=CARTESIAN_POINT('',(-1.728104091257E1,6.738346719095E-1,
-8.706052251665E1));
#1210=CARTESIAN_POINT('',(-1.731804345910E1,4.008202123875E-1,
-8.704682785806E1));
#1211=CARTESIAN_POINT('',(-1.733617974543E1,1.259072791823E-1,
-8.703313320286E1));
#1212=CARTESIAN_POINT('',(-1.733536389441E1,-1.496017120876E-1,
-8.701943856351E1));
#1213=CARTESIAN_POINT('',(-1.731559980794E1,-4.244021260087E-1,
-8.700574392267E1));
#1214=CARTESIAN_POINT('',(-1.727698105213E1,-6.971925241658E-1,
-8.699204927065E1));
#1215=CARTESIAN_POINT('',(-1.721969055107E1,-9.666805504914E-1,
-8.697835462010E1));
#1216=CARTESIAN_POINT('',(-1.716923008676E1,-1.143286320623E0,
-8.696922487129E1));
#1217=CARTESIAN_POINT('',(-1.714099291024E1,-1.230616905129E0,-8.696466E1));
#1219=CURVE_STYLE('',#140,POSITIVE_LENGTH_MEASURE(2.E-2),#81);
#1220=PRESENTATION_STYLE_ASSIGNMENT((#1219));
#1221=STYLED_ITEM('',(#1220),#1218);
#1222=CARTESIAN_POINT('',(-1.3335E1,0.E0,-8.696466E1));
#1223=DIRECTION('',(0.E0,0.E0,-1.E0));
#1224=DIRECTION('',(-4.552664593299E-1,-8.903552386600E-1,0.E0));
#1225=AXIS2_PLACEMENT_3D('',#1222,#1223,#1224);
#1227=CURVE_STYLE('',#140,POSITIVE_LENGTH_MEASURE(2.E-2),#81);
#1228=PRESENTATION_STYLE_ASSIGNMENT((#1227));
#1229=STYLED_ITEM('',(#1228),#1226);
#1230=CARTESIAN_POINT('',(-1.515606583732E1,-3.561420954640E0,-8.696466E1));
#1231=CARTESIAN_POINT('',(-1.523818267467E1,-3.519432049349E0,
-8.696924710889E1));
#1232=CARTESIAN_POINT('',(-1.539951081142E1,-3.429771754782E0,
-8.697842133281E1));
#1233=CARTESIAN_POINT('',(-1.563162920692E1,-3.278876867319E0,
-8.699218269492E1));
#1234=CARTESIAN_POINT('',(-1.585276314121E1,-3.112299478516E0,
-8.700594405984E1));
#1235=CARTESIAN_POINT('',(-1.606185540803E1,-2.930835886928E0,
-8.701970545763E1));
#1236=CARTESIAN_POINT('',(-1.625790573739E1,-2.735354004478E0,
-8.703346688117E1));
#1237=CARTESIAN_POINT('',(-1.643997616515E1,-2.526788969231E0,
-8.704722831516E1));
#1238=CARTESIAN_POINT('',(-1.660719564937E1,-2.306138568425E0,
-8.706098974383E1));
#1239=CARTESIAN_POINT('',(-1.675876451150E1,-2.074458020977E0,
-8.707475117615E1));
#1240=CARTESIAN_POINT('',(-1.689395792302E1,-1.832855172496E0,
-8.708851262631E1));
#1241=CARTESIAN_POINT('',(-1.701212915987E1,-1.582485624349E0,
-8.710227409054E1));
#1242=CARTESIAN_POINT('',(-1.711271287344E1,-1.324547106954E0,
-8.711603555569E1));
#1243=CARTESIAN_POINT('',(-1.719522794548E1,-1.060273451171E0,
-8.712979701547E1));
#1244=CARTESIAN_POINT('',(-1.725927976682E1,-7.909285173643E-1,
-8.714355847767E1));
#1245=CARTESIAN_POINT('',(-1.730456198117E1,-5.178004534519E-1,
-8.715731994785E1));
#1246=CARTESIAN_POINT('',(-1.733085796088E1,-2.421957375928E-1,
-8.717108141979E1));
#1247=CARTESIAN_POINT('',(-1.733804193012E1,3.456724863669E-2,
-8.718484288475E1));
#1248=CARTESIAN_POINT('',(-1.732607956038E1,3.111647627443E-1,
-8.719860434281E1));
#1249=CARTESIAN_POINT('',(-1.729502808863E1,5.862739128217E-1,
-8.721236579686E1));
#1250=CARTESIAN_POINT('',(-1.724503602944E1,8.585789415146E-1,
-8.722612725058E1));
#1251=CARTESIAN_POINT('',(-1.717634254124E1,1.126777253466E0,
-8.723988869491E1));
#1252=CARTESIAN_POINT('',(-1.708927625638E1,1.389586000300E0,
-8.725365012537E1));
#1253=CARTESIAN_POINT('',(-1.698425361136E1,1.645748308404E0,
-8.726741154766E1));
#1254=CARTESIAN_POINT('',(-1.686177702754E1,1.894038850770E0,
-8.728117295407E1));
#1255=CARTESIAN_POINT('',(-1.672243227350E1,2.133270241217E0,
-8.729493435256E1));
#1256=CARTESIAN_POINT('',(-1.656688596854E1,2.362298103694E0,
-8.730869573277E1));
#1257=CARTESIAN_POINT('',(-1.639588215424E1,2.580027063834E0,
-8.732245709412E1));
#1258=CARTESIAN_POINT('',(-1.621023864104E1,2.785415923364E0,
-8.733621844591E1));
#1259=CARTESIAN_POINT('',(-1.601084368020E1,2.977482110727E0,
-8.734997976835E1));
#1260=CARTESIAN_POINT('',(-1.579865003041E1,3.155307869816E0,
-8.736374112445E1));
#1261=CARTESIAN_POINT('',(-1.557467288377E1,3.318042291874E0,
-8.737750249025E1));
#1262=CARTESIAN_POINT('',(-1.533998316878E1,3.464907195879E0,
-8.739126388370E1));
#1263=CARTESIAN_POINT('',(-1.509570351852E1,3.595199927033E0,
-8.740502529337E1));
#1264=CARTESIAN_POINT('',(-1.484300257408E1,3.708297137569E0,
-8.741878670330E1));
#1265=CARTESIAN_POINT('',(-1.458308869323E1,3.803657987418E0,
-8.743254812856E1));
#1266=CARTESIAN_POINT('',(-1.431720512200E1,3.880826281069E0,
-8.744630956293E1));
#1267=CARTESIAN_POINT('',(-1.404662332743E1,3.939432932700E0,
-8.746007101778E1));
#1268=CARTESIAN_POINT('',(-1.377263776928E1,3.979197500035E0,
-8.747383247797E1));
#1269=CARTESIAN_POINT('',(-1.349655924972E1,3.999929768538E0,
-8.748759392645E1));
#1270=CARTESIAN_POINT('',(-1.321970732661E1,4.001530642780E0,
-8.750135540841E1));
#1271=CARTESIAN_POINT('',(-1.294340477513E1,3.983992123436E0,
-8.751511699353E1));
#1272=CARTESIAN_POINT('',(-1.266897560525E1,3.947398063441E0,
-8.752887856016E1));
#1273=CARTESIAN_POINT('',(-1.239773203979E1,3.891923526424E0,
-8.754264012701E1));
#1274=CARTESIAN_POINT('',(-1.213097166894E1,3.817833903355E0,
-8.755640168231E1));
#1275=CARTESIAN_POINT('',(-1.186997013209E1,3.725483517528E0,
-8.757016324016E1));
#1276=CARTESIAN_POINT('',(-1.161597584106E1,3.615314079046E0,
-8.758392479882E1));
#1277=CARTESIAN_POINT('',(-1.137020367635E1,3.487852542560E0,
-8.759768635704E1));
#1278=CARTESIAN_POINT('',(-1.113382915612E1,3.343708548944E0,
-8.761144791568E1));
#1279=CARTESIAN_POINT('',(-1.090798290823E1,3.183571577054E0,
-8.762520947186E1));
#1280=CARTESIAN_POINT('',(-1.069374505685E1,3.008207485670E0,
-8.763897103200E1));
#1281=CARTESIAN_POINT('',(-1.049214041651E1,2.818455133022E0,
-8.765273258897E1));
#1282=CARTESIAN_POINT('',(-1.030413318422E1,2.615222035426E0,
-8.766649414820E1));
#1283=CARTESIAN_POINT('',(-1.013062267072E1,2.399480333947E0,
-8.768025570462E1));
#1284=CARTESIAN_POINT('',(-9.972438728144E0,2.172261872645E0,
-8.769401726182E1));
#1285=CARTESIAN_POINT('',(-9.830337961299E0,1.934653439892E0,
-8.770777881961E1));
#1286=CARTESIAN_POINT('',(-9.705000073563E0,1.687791598131E0,
-8.772154037377E1));
#1287=CARTESIAN_POINT('',(-9.597024493526E0,1.432856952854E0,
-8.773530193192E1));
#1288=CARTESIAN_POINT('',(-9.506927752406E0,1.171069081454E0,
-8.774906348226E1));
#1289=CARTESIAN_POINT('',(-9.435140695276E0,9.036798859479E-1,
-8.776282503720E1));
#1290=CARTESIAN_POINT('',(-9.382006731229E0,6.319684610778E-1,
-8.777658658792E1));
#1291=CARTESIAN_POINT('',(-9.347779968190E0,3.572343070243E-1,
-8.779034813955E1));
#1292=CARTESIAN_POINT('',(-9.332624126349E0,8.079150089332E-2,
-8.780410969100E1));
#1293=CARTESIAN_POINT('',(-9.336611676005E0,-1.960375474938E-1,
-8.781787123329E1));
#1294=CARTESIAN_POINT('',(-9.359723562093E0,-4.719292420444E-1,
-8.783163279029E1));
#1295=CARTESIAN_POINT('',(-9.401849287464E0,-7.455638477243E-1,
-8.784539435514E1));
#1296=CARTESIAN_POINT('',(-9.462787342608E0,-1.015632348150E0,
-8.785915591707E1));
#1297=CARTESIAN_POINT('',(-9.542246138714E0,-1.280842696817E0,
-8.787291745997E1));
#1298=CARTESIAN_POINT('',(-9.639845635390E0,-1.539926658361E0,
-8.788667899674E1));
#1299=CARTESIAN_POINT('',(-9.755119179754E0,-1.791645404620E0,
-8.790044054752E1));
#1300=CARTESIAN_POINT('',(-9.887515397471E0,-2.034794792863E0,
-8.791420210425E1));
#1301=CARTESIAN_POINT('',(-1.003640087739E1,-2.268211565633E0,
-8.792796365133E1));
#1302=CARTESIAN_POINT('',(-1.020106339324E1,-2.490779231811E0,
-8.794172518355E1));
#1303=CARTESIAN_POINT('',(-1.038071547424E1,-2.701433471679E0,
-8.795548671297E1));
#1304=CARTESIAN_POINT('',(-1.057449806432E1,-2.899166945338E0,
-8.796924825493E1));
#1305=CARTESIAN_POINT('',(-1.078148422296E1,-3.083033740285E0,
-8.798300980132E1));
#1306=CARTESIAN_POINT('',(-1.100068354261E1,-3.252154133471E0,
-8.799677132805E1));
#1307=CARTESIAN_POINT('',(-1.123104789956E1,-3.405719509182E0,
-8.801053285593E1));
#1308=CARTESIAN_POINT('',(-1.147147527398E1,-3.542995260060E0,
-8.802429437415E1));
#1309=CARTESIAN_POINT('',(-1.172081610700E1,-3.663325023617E0,
-8.803805590573E1));
#1310=CARTESIAN_POINT('',(-1.197787756185E1,-3.766133094476E0,
-8.805181743624E1));
#1311=CARTESIAN_POINT('',(-1.224142973536E1,-3.850927663958E0,
-8.806557894666E1));
#1312=CARTESIAN_POINT('',(-1.251021267531E1,-3.917303364776E0,
-8.807934046923E1));
#1313=CARTESIAN_POINT('',(-1.278294020485E1,-3.964942591827E0,
-8.809310197382E1));
#1314=CARTESIAN_POINT('',(-1.305830853336E1,-3.993617611383E0,
-8.810686349343E1));
#1315=CARTESIAN_POINT('',(-1.324276950513E1,-4.E0,-8.811603783151E1));
#1316=CARTESIAN_POINT('',(-1.3335E1,-4.E0,-8.8120625E1));
#1318=CURVE_STYLE('',#140,POSITIVE_LENGTH_MEASURE(2.E-2),#81);
#1319=PRESENTATION_STYLE_ASSIGNMENT((#1318));
#1320=STYLED_ITEM('',(#1319),#1317);
#1321=CARTESIAN_POINT('',(-1.3335E1,4.E0,-8.8589375E1));
#1322=CARTESIAN_POINT('',(-1.324398334616E1,4.E0,-8.859390179699E1));
#1323=CARTESIAN_POINT('',(-1.306179874831E1,3.993788838017E0,
-8.860296288530E1));
#1324=CARTESIAN_POINT('',(-1.278906640971E1,3.965731710813E0,
-8.861659107176E1));
#1325=CARTESIAN_POINT('',(-1.251901028782E1,3.919069475415E0,
-8.863021359925E1));
#1326=CARTESIAN_POINT('',(-1.225367654358E1,3.854288118537E0,
-8.864378994727E1));
#1327=CARTESIAN_POINT('',(-1.199358842983E1,3.771669865494E0,
-8.865735472073E1));
#1328=CARTESIAN_POINT('',(-1.173924306780E1,3.671297846090E0,-8.867094631E1));
#1329=CARTESIAN_POINT('',(-1.149277702281E1,3.554021805905E0,
-8.868451357195E1));
#1330=CARTESIAN_POINT('',(-1.125449436413E1,3.419997749007E0,
-8.869810288297E1));
#1331=CARTESIAN_POINT('',(-1.102622235620E1,3.270223178442E0,
-8.871167393446E1));
#1332=CARTESIAN_POINT('',(-1.080863625369E1,3.105220596260E0,
-8.872524761946E1));
#1333=CARTESIAN_POINT('',(-1.060251560011E1,2.925472082416E0,
-8.873884185755E1));
#1334=CARTESIAN_POINT('',(-1.040954102574E1,2.732501355199E0,
-8.875240707918E1));
#1335=CARTESIAN_POINT('',(-1.022976669181E1,2.526343498526E0,
-8.876600356722E1));
#1336=CARTESIAN_POINT('',(-1.006483811413E1,2.308870628189E0,
-8.877957052595E1));
#1337=CARTESIAN_POINT('',(-9.914873592766E0,2.080300969917E0,
-8.879315913753E1));
#1338=CARTESIAN_POINT('',(-9.780925681830E0,1.842117054294E0,
-8.880674229710E1));
#1339=CARTESIAN_POINT('',(-9.663602631529E0,1.595539852862E0,
-8.882031555509E1));
#1340=CARTESIAN_POINT('',(-9.563223744809E0,1.341104187771E0,
-8.883391145204E1));
#1341=CARTESIAN_POINT('',(-9.480641045197E0,1.081094436519E0,
-8.884747194891E1));
#1342=CARTESIAN_POINT('',(-9.415822074924E0,8.154371083870E-1,
-8.886106438679E1));
#1343=CARTESIAN_POINT('',(-9.369360322701E0,5.463905621832E-1,
-8.887463580038E1));
#1344=CARTESIAN_POINT('',(-9.341313150117E0,2.745522222335E-1,
-8.888821978813E1));
#1345=CARTESIAN_POINT('',(-9.331900348979E0,1.439221915727E-3,
-8.890180348108E1));
#1346=CARTESIAN_POINT('',(-9.341087194857E0,-2.711678415956E-1,
-8.891536163816E1));
#1347=CARTESIAN_POINT('',(-9.368953361197E0,-5.436274641535E-1,
-8.892897541868E1));
#1348=CARTESIAN_POINT('',(-9.415481781718E0,-8.139085154254E-1,
-8.894260779516E1));
#1349=CARTESIAN_POINT('',(-9.480375685342E0,-1.080189116611E0,
-8.895623114789E1));
#1350=CARTESIAN_POINT('',(-9.562989109618E0,-1.340416585403E0,
-8.896980245517E1));
#1351=CARTESIAN_POINT('',(-9.663064656874E0,-1.594295438383E0,
-8.898336706599E1));
#1352=CARTESIAN_POINT('',(-9.780603720642E0,-1.841547227483E0,
-8.899697520858E1));
#1353=CARTESIAN_POINT('',(-9.914944514977E0,-2.080438304229E0,
-8.901059852138E1));
#1354=CARTESIAN_POINT('',(-1.006505641208E1,-2.309187081654E0,
-8.902419856204E1));
#1355=CARTESIAN_POINT('',(-1.023002888461E1,-2.526648806933E0,
-8.903776644016E1));
#1356=CARTESIAN_POINT('',(-1.040942673466E1,-2.732380413809E0,
-8.905133464547E1));
#1357=CARTESIAN_POINT('',(-1.060293045637E1,-2.925885960778E0,
-8.906493725828E1));
#1358=CARTESIAN_POINT('',(-1.080940722229E1,-3.105848946574E0,
-8.907855180573E1));
#1359=CARTESIAN_POINT('',(-1.102703518806E1,-3.270803018859E0,
-8.909212567267E1));
#1360=CARTESIAN_POINT('',(-1.125554194022E1,-3.420628401650E0,
-8.910570789982E1));
#1361=CARTESIAN_POINT('',(-1.149345610896E1,-3.554374854403E0,
-8.911927445466E1));
#1362=CARTESIAN_POINT('',(-1.174053182321E1,-3.671873406210E0,
-8.913287383962E1));
#1363=CARTESIAN_POINT('',(-1.199508050689E1,-3.772197330908E0,
-8.914647392840E1));
#1364=CARTESIAN_POINT('',(-1.225521410984E1,-3.854728842858E0,
-8.916003952766E1));
#1365=CARTESIAN_POINT('',(-1.252092171811E1,-3.919457200823E0,
-8.917363333331E1));
#1366=CARTESIAN_POINT('',(-1.278985790656E1,-3.965814323300E0,
-8.918719844103E1));
#1367=CARTESIAN_POINT('',(-1.306197174353E1,-3.993792832931E0,
-8.920079572368E1));
#1368=CARTESIAN_POINT('',(-1.324399338866E1,-4.E0,-8.920984870248E1));
#1369=CARTESIAN_POINT('',(-1.3335E1,-4.E0,-8.9214375E1));
#1371=CURVE_STYLE('',#140,POSITIVE_LENGTH_MEASURE(2.E-2),#81);
#1372=PRESENTATION_STYLE_ASSIGNMENT((#1371));
#1373=STYLED_ITEM('',(#1372),#1370);
#1374=DIRECTION('',(-2.273736754431E-14,0.E0,-1.E0));
#1375=VECTOR('',#1374,1.562500000001E-1);
#1376=CARTESIAN_POINT('',(-1.3335E1,4.E0,-8.8589375E1));
#1377=LINE('',#1376,#1375);
#1378=CURVE_STYLE('',#140,POSITIVE_LENGTH_MEASURE(2.E-2),#81);
#1379=PRESENTATION_STYLE_ASSIGNMENT((#1378));
#1380=STYLED_ITEM('',(#1379),#1377);
#1381=CARTESIAN_POINT('',(-1.205122556078E1,-3.788393219981E0,-8.9305625E1));
#1382=CARTESIAN_POINT('',(-1.196458851281E1,-3.759034486287E0,
-8.930107534212E1));
#1383=CARTESIAN_POINT('',(-1.179332791274E1,-3.694374538324E0,
-8.929197603683E1));
#1384=CARTESIAN_POINT('',(-1.154353447354E1,-3.579910522378E0,
-8.927831809438E1));
#1385=CARTESIAN_POINT('',(-1.130248831840E1,-3.448774770516E0,
-8.926467821502E1));
#1386=CARTESIAN_POINT('',(-1.107056546059E1,-3.301128835216E0,
-8.925101223701E1));
#1387=CARTESIAN_POINT('',(-1.084992308015E1,-3.138387517968E0,
-8.923738430296E1));
#1388=CARTESIAN_POINT('',(-1.064029373990E1,-2.960379823212E0,
-8.922371440656E1));
#1389=CARTESIAN_POINT('',(-1.044289349766E1,-2.767864614261E0,
-8.921000869620E1));
#1390=CARTESIAN_POINT('',(-1.025925543514E1,-2.562237473585E0,
-8.919630509016E1));
#1391=CARTESIAN_POINT('',(-1.009071077563E1,-2.345134814273E0,
-8.918264336543E1));
#1392=CARTESIAN_POINT('',(-9.937801624598E0,-2.117579463309E0,
-8.916901587086E1));
#1393=CARTESIAN_POINT('',(-9.800404339869E0,-1.879336702940E0,
-8.915534540266E1));
#1394=CARTESIAN_POINT('',(-9.679494143786E0,-1.631743027676E0,
-8.914164933916E1));
#1395=CARTESIAN_POINT('',(-9.575986928161E0,-1.376587851792E0,
-8.912796261411E1));
#1396=CARTESIAN_POINT('',(-9.490527243107E0,-1.115832585265E0,
-8.911432298683E1));
#1397=CARTESIAN_POINT('',(-9.423117029186E0,-8.498811009594E-1,
-8.910068535614E1));
#1398=CARTESIAN_POINT('',(-9.373990761078E0,-5.793598811607E-1,
-8.908701875485E1));
#1399=CARTESIAN_POINT('',(-9.343533205381E0,-3.056642458723E-1,
-8.907333031792E1));
#1400=CARTESIAN_POINT('',(-9.331981313407E0,-3.104623083897E-2,
-8.905966792571E1));
#1401=CARTESIAN_POINT('',(-9.339266575216E0,2.432985937528E-1,
-8.904602633711E1));
#1402=CARTESIAN_POINT('',(-9.365318067150E0,5.164760001795E-1,
-8.903238597729E1));
#1403=CARTESIAN_POINT('',(-9.410107478823E0,7.876933579094E-1,
-8.901872210935E1));
#1404=CARTESIAN_POINT('',(-9.473512594001E0,1.055493646176E0,
-8.900504264310E1));
#1405=CARTESIAN_POINT('',(-9.554891291385E0,1.317533221058E0,
-8.899140390304E1));
#1406=CARTESIAN_POINT('',(-9.654185218640E0,1.573762729518E0,
-8.897774467624E1));
#1407=CARTESIAN_POINT('',(-9.770632295627E0,1.822194512542E0,
-8.896410673337E1));
#1408=CARTESIAN_POINT('',(-9.904072777235E0,2.062510404838E0,
-8.895044345696E1));
#1409=CARTESIAN_POINT('',(-1.005371137429E1,2.293086928956E0,
-8.893678024774E1));
#1410=CARTESIAN_POINT('',(-1.021848267736E1,2.512463316143E0,
-8.892314255914E1));
#1411=CARTESIAN_POINT('',(-1.039834811896E1,2.720518170806E0,
-8.890947198471E1));
#1412=CARTESIAN_POINT('',(-1.059157767212E1,2.915261564867E0,
-8.889583548036E1));
#1413=CARTESIAN_POINT('',(-1.079809651067E1,3.096654654480E0,
-8.888217258320E1));
#1414=CARTESIAN_POINT('',(-1.101623073800E1,3.263189577837E0,
-8.886853118089E1));
#1415=CARTESIAN_POINT('',(-1.124554076072E1,3.414583868596E0,
-8.885487286415E1));
#1416=CARTESIAN_POINT('',(-1.148500676383E1,3.550023645593E0,
-8.884119785169E1));
#1417=CARTESIAN_POINT('',(-1.173252141110E1,3.668402045208E0,
-8.882756004045E1));
#1418=CARTESIAN_POINT('',(-1.198791023464E1,3.769676287188E0,
-8.881390378544E1));
#1419=CARTESIAN_POINT('',(-1.224926897128E1,3.853092769147E0,
-8.880026689510E1));
#1420=CARTESIAN_POINT('',(-1.251653580532E1,3.918595769007E0,
-8.878658879786E1));
#1421=CARTESIAN_POINT('',(-1.278769117640E1,3.965552172782E0,
-8.877290999975E1));
#1422=CARTESIAN_POINT('',(-1.306063866253E1,3.993721333895E0,
-8.875927063427E1));
#1423=CARTESIAN_POINT('',(-1.324356410653E1,4.E0,-8.875017264826E1));
#1424=CARTESIAN_POINT('',(-1.3335E1,4.E0,-8.8745625E1));
#1426=CURVE_STYLE('',#140,POSITIVE_LENGTH_MEASURE(2.E-2),#81);
#1427=PRESENTATION_STYLE_ASSIGNMENT((#1426));
#1428=STYLED_ITEM('',(#1427),#1425);
#1429=CARTESIAN_POINT('',(-1.3335E1,-4.E0,-8.9370625E1));
#1430=CARTESIAN_POINT('',(-1.324789148357E1,-4.E0,-8.936629257782E1));
#1431=CARTESIAN_POINT('',(-1.307367002322E1,-3.994312203517E0,
-8.935762753814E1));
#1432=CARTESIAN_POINT('',(-1.281318783527E1,-3.968688133652E0,
-8.934461661099E1));
#1433=CARTESIAN_POINT('',(-1.255542815787E1,-3.926201063880E0,
-8.933163066118E1));
#1434=CARTESIAN_POINT('',(-1.230042673447E1,-3.866843934343E0,
-8.931861580243E1));
#1435=CARTESIAN_POINT('',(-1.213367266845E1,-3.816332106804E0,
-8.930995462735E1));
#1436=CARTESIAN_POINT('',(-1.205122556078E1,-3.788393219981E0,-8.9305625E1));
#1438=CURVE_STYLE('',#140,POSITIVE_LENGTH_MEASURE(2.E-2),#81);
#1439=PRESENTATION_STYLE_ASSIGNMENT((#1438));
#1440=STYLED_ITEM('',(#1439),#1437);
#1441=CARTESIAN_POINT('',(-1.205122556078E1,-3.788393219981E0,-9.0399375E1));
#1442=CARTESIAN_POINT('',(-1.213367266845E1,-3.816332106804E0,
-9.040370462735E1));
#1443=CARTESIAN_POINT('',(-1.230042673447E1,-3.866843934343E0,
-9.041236580243E1));
#1444=CARTESIAN_POINT('',(-1.255542815787E1,-3.926201063880E0,
-9.042538066118E1));
#1445=CARTESIAN_POINT('',(-1.281318783527E1,-3.968688133652E0,
-9.043836661099E1));
#1446=CARTESIAN_POINT('',(-1.307367002322E1,-3.994312203517E0,
-9.045137753814E1));
#1447=CARTESIAN_POINT('',(-1.324789148357E1,-4.E0,-9.046004257782E1));
#1448=CARTESIAN_POINT('',(-1.3335E1,-4.E0,-9.0464375E1));
#1450=CURVE_STYLE('',#140,POSITIVE_LENGTH_MEASURE(2.E-2),#81);
#1451=PRESENTATION_STYLE_ASSIGNMENT((#1450));
#1452=STYLED_ITEM('',(#1451),#1449);
#1453=CARTESIAN_POINT('',(-1.3335E1,4.E0,-8.9839375E1));
#1454=CARTESIAN_POINT('',(-1.324356410653E1,4.E0,-8.984392264826E1));
#1455=CARTESIAN_POINT('',(-1.306063866253E1,3.993721333895E0,
-8.985302063427E1));
#1456=CARTESIAN_POINT('',(-1.278769117640E1,3.965552172782E0,
-8.986665999975E1));
#1457=CARTESIAN_POINT('',(-1.251653580532E1,3.918595769007E0,
-8.988033879786E1));
#1458=CARTESIAN_POINT('',(-1.224926897128E1,3.853092769147E0,
-8.989401689510E1));
#1459=CARTESIAN_POINT('',(-1.198791023464E1,3.769676287188E0,
-8.990765378544E1));
#1460=CARTESIAN_POINT('',(-1.173252141110E1,3.668402045208E0,
-8.992131004045E1));
#1461=CARTESIAN_POINT('',(-1.148500676383E1,3.550023645593E0,
-8.993494785169E1));
#1462=CARTESIAN_POINT('',(-1.124554076072E1,3.414583868596E0,
-8.994862286415E1));
#1463=CARTESIAN_POINT('',(-1.101623073800E1,3.263189577837E0,
-8.996228118089E1));
#1464=CARTESIAN_POINT('',(-1.079809651067E1,3.096654654480E0,
-8.997592258320E1));
#1465=CARTESIAN_POINT('',(-1.059157767212E1,2.915261564867E0,
-8.998958548036E1));
#1466=CARTESIAN_POINT('',(-1.039834811896E1,2.720518170806E0,
-9.000322198471E1));
#1467=CARTESIAN_POINT('',(-1.021848267736E1,2.512463316143E0,
-9.001689255914E1));
#1468=CARTESIAN_POINT('',(-1.005371137429E1,2.293086928956E0,
-9.003053024774E1));
#1469=CARTESIAN_POINT('',(-9.904072777235E0,2.062510404838E0,
-9.004419345696E1));
#1470=CARTESIAN_POINT('',(-9.770632295627E0,1.822194512542E0,
-9.005785673337E1));
#1471=CARTESIAN_POINT('',(-9.654185218640E0,1.573762729518E0,
-9.007149467624E1));
#1472=CARTESIAN_POINT('',(-9.554891291385E0,1.317533221058E0,
-9.008515390304E1));
#1473=CARTESIAN_POINT('',(-9.473512594001E0,1.055493646176E0,
-9.009879264310E1));
#1474=CARTESIAN_POINT('',(-9.410107478823E0,7.876933579094E-1,
-9.011247210935E1));
#1475=CARTESIAN_POINT('',(-9.365318067150E0,5.164760001795E-1,
-9.012613597729E1));
#1476=CARTESIAN_POINT('',(-9.339266575216E0,2.432985937528E-1,
-9.013977633711E1));
#1477=CARTESIAN_POINT('',(-9.331981313407E0,-3.104623083897E-2,
-9.015341792571E1));
#1478=CARTESIAN_POINT('',(-9.343533205381E0,-3.056642458723E-1,
-9.016708031792E1));
#1479=CARTESIAN_POINT('',(-9.373990761078E0,-5.793598811606E-1,
-9.018076875485E1));
#1480=CARTESIAN_POINT('',(-9.423117029186E0,-8.498811009595E-1,
-9.019443535614E1));
#1481=CARTESIAN_POINT('',(-9.490527243107E0,-1.115832585265E0,
-9.020807298683E1));
#1482=CARTESIAN_POINT('',(-9.575986928161E0,-1.376587851792E0,
-9.022171261411E1));
#1483=CARTESIAN_POINT('',(-9.679494143786E0,-1.631743027676E0,
-9.023539933916E1));
#1484=CARTESIAN_POINT('',(-9.800404339869E0,-1.879336702940E0,
-9.024909540266E1));
#1485=CARTESIAN_POINT('',(-9.937801624598E0,-2.117579463309E0,
-9.026276587086E1));
#1486=CARTESIAN_POINT('',(-1.009071077563E1,-2.345134814273E0,
-9.027639336543E1));
#1487=CARTESIAN_POINT('',(-1.025925543514E1,-2.562237473585E0,
-9.029005509016E1));
#1488=CARTESIAN_POINT('',(-1.044289349766E1,-2.767864614261E0,
-9.030375869620E1));
#1489=CARTESIAN_POINT('',(-1.064029373990E1,-2.960379823212E0,
-9.031746440656E1));
#1490=CARTESIAN_POINT('',(-1.084992308015E1,-3.138387517968E0,
-9.033113430296E1));
#1491=CARTESIAN_POINT('',(-1.107056546059E1,-3.301128835216E0,
-9.034476223701E1));
#1492=CARTESIAN_POINT('',(-1.130248831840E1,-3.448774770516E0,
-9.035842821503E1));
#1493=CARTESIAN_POINT('',(-1.154353447354E1,-3.579910522378E0,
-9.037206809438E1));
#1494=CARTESIAN_POINT('',(-1.179332791274E1,-3.694374538324E0,
-9.038572603683E1));
#1495=CARTESIAN_POINT('',(-1.196458851281E1,-3.759034486287E0,
-9.039482534212E1));
#1496=CARTESIAN_POINT('',(-1.205122556078E1,-3.788393219981E0,-9.0399375E1));
#1498=CURVE_STYLE('',#140,POSITIVE_LENGTH_MEASURE(2.E-2),#81);
#1499=PRESENTATION_STYLE_ASSIGNMENT((#1498));
#1500=STYLED_ITEM('',(#1499),#1497);
#1501=DIRECTION('',(-1.136868377215E-14,0.E0,-1.E0));
#1502=VECTOR('',#1501,1.562500000001E-1);
#1503=CARTESIAN_POINT('',(-1.3335E1,4.E0,-8.9839375E1));
#1504=LINE('',#1503,#1502);
#1505=CURVE_STYLE('',#140,POSITIVE_LENGTH_MEASURE(2.E-2),#81);
#1506=PRESENTATION_STYLE_ASSIGNMENT((#1505));
#1507=STYLED_ITEM('',(#1506),#1504);
#1508=CARTESIAN_POINT('',(-1.3335E1,-4.E0,-9.0620625E1));
#1509=CARTESIAN_POINT('',(-1.324399010843E1,-4.E0,-9.061609853934E1));
#1510=CARTESIAN_POINT('',(-1.306196859468E1,-3.993790200034E0,
-9.060704555671E1));
#1511=CARTESIAN_POINT('',(-1.278999313627E1,-3.965831694850E0,
-9.059345521691E1));
#1512=CARTESIAN_POINT('',(-1.252097475174E1,-3.919471535908E0,
-9.057988605708E1));
#1513=CARTESIAN_POINT('',(-1.225516179271E1,-3.854715418222E0,
-9.056628684438E1));
#1514=CARTESIAN_POINT('',(-1.199501988543E1,-3.772175953021E0,
-9.055272073711E1));
#1515=CARTESIAN_POINT('',(-1.174049970729E1,-3.671856204485E0,
-9.053912203293E1));
#1516=CARTESIAN_POINT('',(-1.149357496124E1,-3.554434541294E0,
-9.052553106447E1));
#1517=CARTESIAN_POINT('',(-1.125559545357E1,-3.420664229714E0,
-9.051196109532E1));
#1518=CARTESIAN_POINT('',(-1.102702274957E1,-3.270794839477E0,
-9.049837493376E1));
#1519=CARTESIAN_POINT('',(-1.080940699351E1,-3.105848327299E0,
-9.048480178078E1));
#1520=CARTESIAN_POINT('',(-1.060297069632E1,-2.925918481998E0,
-9.047118982059E1));
#1521=CARTESIAN_POINT('',(-1.040960003627E1,-2.732562841700E0,
-9.045759715086E1));
#1522=CARTESIAN_POINT('',(-1.023015017521E1,-2.526801644468E0,
-9.044402613409E1));
#1523=CARTESIAN_POINT('',(-1.006514054821E1,-2.309305830611E0,
-9.043045579540E1));
#1524=CARTESIAN_POINT('',(-9.915041517263E0,-2.080596164598E0,
-9.041685773259E1));
#1525=CARTESIAN_POINT('',(-9.780727957287E0,-1.841777426216E0,
-9.040323820404E1));
#1526=CARTESIAN_POINT('',(-9.663263118888E0,-1.594746044463E0,
-9.038964153658E1));
#1527=CARTESIAN_POINT('',(-9.563136843293E0,-1.340838104776E0,
-9.037607465030E1));
#1528=CARTESIAN_POINT('',(-9.480492263906E0,-1.080601490724E0,
-9.036250244588E1));
#1529=CARTESIAN_POINT('',(-9.415583458379E0,-8.143914283204E-1,
-9.034888232375E1));
#1530=CARTESIAN_POINT('',(-9.369039116394E0,-5.442155718821E-1,
-9.033525495137E1));
#1531=CARTESIAN_POINT('',(-9.341148275100E0,-2.720198561083E-1,
-9.032165409014E1));
#1532=CARTESIAN_POINT('',(-9.331898254300E0,6.151933660216E-4,
-9.030809443161E1));
#1533=CARTESIAN_POINT('',(-9.341259071711E0,2.737391126072E-1,
-9.029451028579E1));
#1534=CARTESIAN_POINT('',(-9.369238559352E0,5.455113543249E-1,
-9.028092991427E1));
#1535=CARTESIAN_POINT('',(-9.415659679165E0,8.146564683066E-1,
-9.026735401013E1));
#1536=CARTESIAN_POINT('',(-9.480399903050E0,1.080227851995E0,
-9.025376665467E1));
#1537=CARTESIAN_POINT('',(-9.562926286659E0,1.340270091250E0,
-9.024020546008E1));
#1538=CARTESIAN_POINT('',(-9.663251248474E0,1.594728756471E0,
-9.022660948361E1));
#1539=CARTESIAN_POINT('',(-9.780505124245E0,1.841307435038E0,
-9.021303763986E1));
#1540=CARTESIAN_POINT('',(-9.914432341786E0,2.079574469520E0,
-9.019945137760E1));
#1541=CARTESIAN_POINT('',(-1.006430031941E1,2.308107849841E0,
-9.018586691090E1));
#1542=CARTESIAN_POINT('',(-1.022922218867E1,2.525676887332E0,
-9.017229634108E1));
#1543=CARTESIAN_POINT('',(-1.040896790631E1,2.731887329376E0,
-9.015869882218E1));
#1544=CARTESIAN_POINT('',(-1.060190838894E1,2.924906420375E0,
-9.014513310110E1));
#1545=CARTESIAN_POINT('',(-1.080803397982E1,3.104730266910E0,
-9.013153621300E1));
#1546=CARTESIAN_POINT('',(-1.102556944536E1,3.269764228357E0,
-9.011796359935E1));
#1547=CARTESIAN_POINT('',(-1.125393976853E1,3.419662753275E0,
-9.010438508060E1));
#1548=CARTESIAN_POINT('',(-1.149219235243E1,3.553718027217E0,
-9.009079631712E1));
#1549=CARTESIAN_POINT('',(-1.173867918356E1,3.671055504430E0,
-9.007722681366E1));
#1550=CARTESIAN_POINT('',(-1.199308576633E1,3.771489786073E0,
-9.006363125261E1));
#1551=CARTESIAN_POINT('',(-1.225308226545E1,3.854123443678E0,
-9.005007059657E1));
#1552=CARTESIAN_POINT('',(-1.251867840754E1,3.919007014459E0,
-9.003648037483E1));
#1553=CARTESIAN_POINT('',(-1.278890415568E1,3.965712296437E0,
-9.002284919547E1));
#1554=CARTESIAN_POINT('',(-1.306175693015E1,3.993788149297E0,
-9.000921496038E1));
#1555=CARTESIAN_POINT('',(-1.324397650975E1,4.E0,-9.000015213700E1));
#1556=CARTESIAN_POINT('',(-1.3335E1,4.E0,-8.9995625E1));
#1558=CURVE_STYLE('',#140,POSITIVE_LENGTH_MEASURE(2.E-2),#81);
#1559=PRESENTATION_STYLE_ASSIGNMENT((#1558));
#1560=STYLED_ITEM('',(#1559),#1557);
#1561=CARTESIAN_POINT('',(-1.3335E1,4.E0,-9.1089375E1));
#1562=CARTESIAN_POINT('',(-1.324397650975E1,4.E0,-9.109390213700E1));
#1563=CARTESIAN_POINT('',(-1.306175693015E1,3.993788149297E0,
-9.110296496038E1));
#1564=CARTESIAN_POINT('',(-1.278890415568E1,3.965712296437E0,
-9.111659919547E1));
#1565=CARTESIAN_POINT('',(-1.251867840754E1,3.919007014459E0,
-9.113023037483E1));
#1566=CARTESIAN_POINT('',(-1.225308226545E1,3.854123443678E0,
-9.114382059657E1));
#1567=CARTESIAN_POINT('',(-1.199308576633E1,3.771489786073E0,
-9.115738125261E1));
#1568=CARTESIAN_POINT('',(-1.173867918356E1,3.671055504430E0,
-9.117097681366E1));
#1569=CARTESIAN_POINT('',(-1.149219235243E1,3.553718027217E0,
-9.118454631712E1));
#1570=CARTESIAN_POINT('',(-1.125393976853E1,3.419662753275E0,
-9.119813508060E1));
#1571=CARTESIAN_POINT('',(-1.102556944536E1,3.269764228357E0,
-9.121171359935E1));
#1572=CARTESIAN_POINT('',(-1.080803397982E1,3.104730266910E0,
-9.122528621300E1));
#1573=CARTESIAN_POINT('',(-1.060190838894E1,2.924906420375E0,
-9.123888310110E1));
#1574=CARTESIAN_POINT('',(-1.040896790631E1,2.731887329376E0,
-9.125244882218E1));
#1575=CARTESIAN_POINT('',(-1.022922218867E1,2.525676887332E0,
-9.126604634108E1));
#1576=CARTESIAN_POINT('',(-1.006430031941E1,2.308107849841E0,
-9.127961691090E1));
#1577=CARTESIAN_POINT('',(-9.914432341786E0,2.079574469520E0,
-9.129320137760E1));
#1578=CARTESIAN_POINT('',(-9.780505124245E0,1.841307435038E0,
-9.130678763986E1));
#1579=CARTESIAN_POINT('',(-9.663251248474E0,1.594728756471E0,
-9.132035948361E1));
#1580=CARTESIAN_POINT('',(-9.562926286659E0,1.340270091250E0,
-9.133395546008E1));
#1581=CARTESIAN_POINT('',(-9.480399903050E0,1.080227851995E0,
-9.134751665467E1));
#1582=CARTESIAN_POINT('',(-9.415659679165E0,8.146564683066E-1,
-9.136110401013E1));
#1583=CARTESIAN_POINT('',(-9.369238559352E0,5.455113543249E-1,
-9.137467991427E1));
#1584=CARTESIAN_POINT('',(-9.341259071711E0,2.737391126072E-1,
-9.138826028579E1));
#1585=CARTESIAN_POINT('',(-9.331898254300E0,6.151933660178E-4,
-9.140184443161E1));
#1586=CARTESIAN_POINT('',(-9.341148275100E0,-2.720198561083E-1,
-9.141540409014E1));
#1587=CARTESIAN_POINT('',(-9.369039116394E0,-5.442155718821E-1,
-9.142900495137E1));
#1588=CARTESIAN_POINT('',(-9.415583458379E0,-8.143914283204E-1,
-9.144263232375E1));
#1589=CARTESIAN_POINT('',(-9.480492263906E0,-1.080601490724E0,
-9.145625244588E1));
#1590=CARTESIAN_POINT('',(-9.563136843293E0,-1.340838104776E0,
-9.146982465030E1));
#1591=CARTESIAN_POINT('',(-9.663263118888E0,-1.594746044463E0,
-9.148339153658E1));
#1592=CARTESIAN_POINT('',(-9.780727957287E0,-1.841777426216E0,
-9.149698820404E1));
#1593=CARTESIAN_POINT('',(-9.915041517263E0,-2.080596164598E0,
-9.151060773259E1));
#1594=CARTESIAN_POINT('',(-1.006514054821E1,-2.309305830611E0,
-9.152420579540E1));
#1595=CARTESIAN_POINT('',(-1.023015017521E1,-2.526801644468E0,
-9.153777613409E1));
#1596=CARTESIAN_POINT('',(-1.040960003627E1,-2.732562841700E0,
-9.155134715086E1));
#1597=CARTESIAN_POINT('',(-1.060297069632E1,-2.925918481998E0,
-9.156493982059E1));
#1598=CARTESIAN_POINT('',(-1.080940699351E1,-3.105848327299E0,
-9.157855178078E1));
#1599=CARTESIAN_POINT('',(-1.102702274957E1,-3.270794839477E0,
-9.159212493376E1));
#1600=CARTESIAN_POINT('',(-1.125559545357E1,-3.420664229714E0,
-9.160571109532E1));
#1601=CARTESIAN_POINT('',(-1.149357496124E1,-3.554434541294E0,
-9.161928106447E1));
#1602=CARTESIAN_POINT('',(-1.174049970729E1,-3.671856204485E0,
-9.163287203293E1));
#1603=CARTESIAN_POINT('',(-1.199501988543E1,-3.772175953021E0,
-9.164647073711E1));
#1604=CARTESIAN_POINT('',(-1.225516179271E1,-3.854715418222E0,
-9.166003684438E1));
#1605=CARTESIAN_POINT('',(-1.252097475174E1,-3.919471535908E0,
-9.167363605708E1));
#1606=CARTESIAN_POINT('',(-1.278999313627E1,-3.965831694850E0,
-9.168720521691E1));
#1607=CARTESIAN_POINT('',(-1.306196859468E1,-3.993790200034E0,
-9.170079555671E1));
#1608=CARTESIAN_POINT('',(-1.324399010843E1,-4.E0,-9.170984853934E1));
#1609=CARTESIAN_POINT('',(-1.3335E1,-4.E0,-9.1714375E1));
#1611=CURVE_STYLE('',#140,POSITIVE_LENGTH_MEASURE(2.E-2),#81);
#1612=PRESENTATION_STYLE_ASSIGNMENT((#1611));
#1613=STYLED_ITEM('',(#1612),#1610);
#1614=DIRECTION('',(-2.273736754431E-14,-1.705302565823E-14,-1.E0));
#1615=VECTOR('',#1614,1.562500000001E-1);
#1616=CARTESIAN_POINT('',(-1.3335E1,4.E0,-9.1089375E1));
#1617=LINE('',#1616,#1615);
#1618=CURVE_STYLE('',#140,POSITIVE_LENGTH_MEASURE(2.E-2),#81);
#1619=PRESENTATION_STYLE_ASSIGNMENT((#1618));
#1620=STYLED_ITEM('',(#1619),#1617);
#1621=CARTESIAN_POINT('',(-1.3335E1,-4.E0,-9.1870625E1));
#1622=CARTESIAN_POINT('',(-1.324398624413E1,-4.E0,-9.186609834714E1));
#1623=CARTESIAN_POINT('',(-1.306195657175E1,-3.993790010076E0,
-9.185704496035E1));
#1624=CARTESIAN_POINT('',(-1.278994952885E1,-3.965826104473E0,
-9.184345303180E1));
#1625=CARTESIAN_POINT('',(-1.252093564766E1,-3.919463093077E0,
-9.182988407020E1));
#1626=CARTESIAN_POINT('',(-1.225513762587E1,-3.854708211358E0,
-9.181628558867E1));
#1627=CARTESIAN_POINT('',(-1.199499859452E1,-3.772169228854E0,
-9.180271963449E1));
#1628=CARTESIAN_POINT('',(-1.174052736155E1,-3.671861291718E0,
-9.178912338813E1));
#1629=CARTESIAN_POINT('',(-1.149388717550E1,-3.554595277665E0,
-9.177554851884E1));
#1630=CARTESIAN_POINT('',(-1.125564563982E1,-3.420703429423E0,
-9.176196423440E1));
#1631=CARTESIAN_POINT('',(-1.102699415431E1,-3.270771747836E0,
-9.174837311529E1));
#1632=CARTESIAN_POINT('',(-1.080954788239E1,-3.105955610494E0,
-9.173481058403E1));
#1633=CARTESIAN_POINT('',(-1.060335067234E1,-2.926256454660E0,
-9.172121507787E1));
#1634=CARTESIAN_POINT('',(-1.041028278827E1,-2.733291551521E0,
-9.170764677650E1));
#1635=CARTESIAN_POINT('',(-1.023051985698E1,-2.527274199886E0,
-9.169405594649E1));
#1636=CARTESIAN_POINT('',(-1.006542051443E1,-2.309686368825E0,
-9.168047927329E1));
#1637=CARTESIAN_POINT('',(-9.915635060707E0,-2.081550680573E0,
-9.166691359032E1));
#1638=CARTESIAN_POINT('',(-9.781224985946E0,-1.842757262096E0,
-9.165329278715E1));
#1639=CARTESIAN_POINT('',(-9.663391888054E0,-1.595100966090E0,
-9.163966026763E1));
#1640=CARTESIAN_POINT('',(-9.562923016420E0,-1.340276199836E0,
-9.162604478985E1));
#1641=CARTESIAN_POINT('',(-9.480378648177E0,-1.080130356852E0,
-9.161247838429E1));
#1642=CARTESIAN_POINT('',(-9.415704799583E0,-8.148862833857E-1,
-9.159890762681E1));
#1643=CARTESIAN_POINT('',(-9.369141656697E0,-5.449894088102E-1,
-9.158529372959E1));
#1644=CARTESIAN_POINT('',(-9.341155536374E0,-2.723528315251E-1,
-9.157167062840E1));
#1645=CARTESIAN_POINT('',(-9.331893696600E0,8.579026082429E-4,
-9.155808237493E1));
#1646=CARTESIAN_POINT('',(-9.341270164359E0,2.737567621121E-1,
-9.154450937179E1));
#1647=CARTESIAN_POINT('',(-9.369208362227E0,5.453383375585E-1,
-9.153093863311E1));
#1648=CARTESIAN_POINT('',(-9.415741600494E0,8.151289585571E-1,
-9.151733018639E1));
#1649=CARTESIAN_POINT('',(-9.480650979753E0,1.081149202576E0,
-9.150371920635E1));
#1650=CARTESIAN_POINT('',(-9.563298291499E0,1.341313826952E0,
-9.149015039547E1));
#1651=CARTESIAN_POINT('',(-9.663624750506E0,1.595575163937E0,
-9.147656350389E1));
#1652=CARTESIAN_POINT('',(-9.780892056786E0,1.842063929350E0,
-9.146299541123E1));
#1653=CARTESIAN_POINT('',(-9.915061494687E0,2.080623859767E0,
-9.144939057002E1));
#1654=CARTESIAN_POINT('',(-1.006509793375E1,2.309239594723E0,
-9.143579810644E1));
#1655=CARTESIAN_POINT('',(-1.023009755249E1,2.526751290496E0,
-9.142222746736E1));
#1656=CARTESIAN_POINT('',(-1.040987412657E1,2.732856279057E0,
-9.140863288801E1));
#1657=CARTESIAN_POINT('',(-1.060289148348E1,2.925827580222E0,
-9.139506614943E1));
#1658=CARTESIAN_POINT('',(-1.080914682048E1,3.105635641441E0,
-9.138146491378E1));
#1659=CARTESIAN_POINT('',(-1.102671531699E1,3.270575643994E0,
-9.136789382186E1));
#1660=CARTESIAN_POINT('',(-1.125533449922E1,3.420518147742E0,
-9.135430376749E1));
#1661=CARTESIAN_POINT('',(-1.149379229599E1,3.554548699379E0,
-9.134070672935E1));
#1662=CARTESIAN_POINT('',(-1.174030356692E1,3.671759208831E0,
-9.132713883788E1));
#1663=CARTESIAN_POINT('',(-1.199468364507E1,3.772057432673E0,
-9.131354697475E1));
#1664=CARTESIAN_POINT('',(-1.225484502876E1,3.854626387527E0,
-9.129997949924E1));
#1665=CARTESIAN_POINT('',(-1.252080005152E1,3.919448080436E0,
-9.128637269144E1));
#1666=CARTESIAN_POINT('',(-1.279042773664E1,3.965893865676E0,
-9.127277295704E1));
#1667=CARTESIAN_POINT('',(-1.306199173213E1,3.993782961962E0,
-9.125920333488E1));
#1668=CARTESIAN_POINT('',(-1.324400562892E1,4.E0,-9.125015068873E1));
#1669=CARTESIAN_POINT('',(-1.3335E1,4.E0,-9.1245625E1));
#1671=CURVE_STYLE('',#140,POSITIVE_LENGTH_MEASURE(2.E-2),#81);
#1672=PRESENTATION_STYLE_ASSIGNMENT((#1671));
#1673=STYLED_ITEM('',(#1672),#1670);
#1674=CARTESIAN_POINT('',(-1.515606583732E1,-3.561420954640E0,-8.696466E1));
#1675=CARTESIAN_POINT('',(-1.507378237187E1,-3.594930681464E0,-8.696466E1));
#1676=CARTESIAN_POINT('',(-1.490775803703E1,-3.656143400191E0,-8.696466E1));
#1677=CARTESIAN_POINT('',(-1.465397412337E1,-3.730894064725E0,-8.696466E1));
#1678=CARTESIAN_POINT('',(-1.439686043922E1,-3.788238302719E0,-8.696466E1));
#1679=CARTESIAN_POINT('',(-1.413763709835E1,-3.828041970957E0,-8.696466E1));
#1680=CARTESIAN_POINT('',(-1.387756687416E1,-3.850259443490E0,-8.696466E1));
#1681=CARTESIAN_POINT('',(-1.361749242718E1,-3.854920026037E0,-8.696466E1));
#1682=CARTESIAN_POINT('',(-1.335916629465E1,-3.842130859103E0,-8.696466E1));
#1683=CARTESIAN_POINT('',(-1.310324424381E1,-3.812073979441E0,-8.696466E1));
#1684=CARTESIAN_POINT('',(-1.285114613118E1,-3.765016426429E0,-8.696466E1));
#1685=CARTESIAN_POINT('',(-1.260406550684E1,-3.701352656533E0,-8.696466E1));
#1686=CARTESIAN_POINT('',(-1.236274162309E1,-3.621382597153E0,-8.696466E1));
#1687=CARTESIAN_POINT('',(-1.212875959974E1,-3.525777569547E0,-8.696466E1));
#1688=CARTESIAN_POINT('',(-1.190270946516E1,-3.414943490234E0,-8.696466E1));
#1689=CARTESIAN_POINT('',(-1.168580206357E1,-3.289590146202E0,-8.696466E1));
#1690=CARTESIAN_POINT('',(-1.147903511073E1,-3.150490663994E0,-8.696466E1));
#1691=CARTESIAN_POINT('',(-1.128300141573E1,-2.998177933786E0,-8.696466E1));
#1692=CARTESIAN_POINT('',(-1.109894150211E1,-2.833794636495E0,-8.696466E1));
#1693=CARTESIAN_POINT('',(-1.092727870764E1,-2.657924183734E0,-8.696466E1));
#1694=CARTESIAN_POINT('',(-1.076891775228E1,-2.471650594628E0,-8.696466E1));
#1695=CARTESIAN_POINT('',(-1.062451142538E1,-2.276009102216E0,-8.696466E1));
#1696=CARTESIAN_POINT('',(-1.049445298191E1,-2.071726212173E0,-8.696466E1));
#1697=CARTESIAN_POINT('',(-1.037949686494E1,-1.860261826129E0,-8.696466E1));
#1698=CARTESIAN_POINT('',(-1.027983360716E1,-1.642279176740E0,-8.696466E1));
#1699=CARTESIAN_POINT('',(-1.019597247098E1,-1.419171055758E0,-8.696466E1));
#1700=CARTESIAN_POINT('',(-1.012813960448E1,-1.192048934456E0,-8.696466E1));
#1701=CARTESIAN_POINT('',(-1.007647595920E1,-9.617803199188E-1,-8.696466E1));
#1702=CARTESIAN_POINT('',(-1.004117349796E1,-7.299912959132E-1,-8.696466E1));
#1703=CARTESIAN_POINT('',(-1.002218498789E1,-4.971394106334E-1,-8.696466E1));
#1704=CARTESIAN_POINT('',(-1.002040275170E1,-3.426671546037E-1,-8.696466E1));
#1705=CARTESIAN_POINT('',(-1.002220427880E1,-2.654984139649E-1,-8.696466E1));
#1707=CURVE_STYLE('',#140,POSITIVE_LENGTH_MEASURE(2.E-2),#81);
#1708=PRESENTATION_STYLE_ASSIGNMENT((#1707));
#1709=STYLED_ITEM('',(#1708),#1706);
#1710=CARTESIAN_POINT('',(-1.226837034146E1,-3.147603226225E0,-8.969625E1));
#1711=CARTESIAN_POINT('',(-1.219174256082E1,-3.121636337256E0,
-8.969140675532E1));
#1712=CARTESIAN_POINT('',(-1.204038436107E1,-3.064103620779E0,
-8.968172026596E1));
#1713=CARTESIAN_POINT('',(-1.182024947083E1,-2.961467793214E0,
-8.966719053191E1));
#1714=CARTESIAN_POINT('',(-1.160819071589E1,-2.843042446044E0,
-8.965266079787E1));
#1715=CARTESIAN_POINT('',(-1.140533870877E1,-2.709458978406E0,
-8.963813106383E1));
#1716=CARTESIAN_POINT('',(-1.121277498933E1,-2.561429612218E0,
-8.962360132979E1));
#1717=CARTESIAN_POINT('',(-1.103152623995E1,-2.399743588615E0,
-8.960907159574E1));
#1718=CARTESIAN_POINT('',(-1.086255881652E1,-2.225262961666E0,
-8.959454186170E1));
#1719=CARTESIAN_POINT('',(-1.070677359490E1,-2.038918001745E0,
-8.958001212766E1));
#1720=CARTESIAN_POINT('',(-1.056500116804E1,-1.841702235775E0,
-8.956548239362E1));
#1721=CARTESIAN_POINT('',(-1.043799741753E1,-1.634667150054E0,
-8.955095265957E1));
#1722=CARTESIAN_POINT('',(-1.032643948346E1,-1.418916584098E0,
-8.953642292553E1));
#1723=CARTESIAN_POINT('',(-1.023092215418E1,-1.195600845352E0,
-8.952189319149E1));
#1724=CARTESIAN_POINT('',(-1.015195469508E1,-9.659105761486E-1,
-8.950736345745E1));
#1725=CARTESIAN_POINT('',(-1.008995813334E1,-7.310704056124E-1,
-8.949283372340E1));
#1726=CARTESIAN_POINT('',(-1.004526301322E1,-4.923324203620E-1,
-8.947830398936E1));
#1727=CARTESIAN_POINT('',(-1.001810763364E1,-2.509694888170E-1,
-8.946377425532E1));
#1728=CARTESIAN_POINT('',(-1.000863677770E1,-8.268474703139E-3,
-8.944924452128E1));
#1729=CARTESIAN_POINT('',(-1.001690094074E1,2.344766240599E-1,
-8.943471478723E1));
#1730=CARTESIAN_POINT('',(-1.004285606108E1,4.759715745084E-1,
-8.942018505319E1));
#1731=CARTESIAN_POINT('',(-1.008636375500E1,7.149288090373E-1,
-8.940565531915E1));
#1732=CARTESIAN_POINT('',(-1.014719205452E1,9.500742902658E-1,
-8.939112558511E1));
#1733=CARTESIAN_POINT('',(-1.022501664416E1,1.180154303764E0,
-8.937659585106E1));
#1734=CARTESIAN_POINT('',(-1.031942259011E1,1.403942142425E0,
-8.936206611702E1));
#1735=CARTESIAN_POINT('',(-1.042990655250E1,1.620244646844E0,
-8.934753638298E1));
#1736=CARTESIAN_POINT('',(-1.055587946904E1,1.827908566831E0,
-8.933300664894E1));
#1737=CARTESIAN_POINT('',(-1.069666969566E1,2.025826710141E0,
-8.931847691489E1));
#1738=CARTESIAN_POINT('',(-1.085152658755E1,2.212943845643E0,
-8.930394718085E1));
#1739=CARTESIAN_POINT('',(-1.101962450128E1,2.388262329446E0,
-8.928941744681E1));
#1740=CARTESIAN_POINT('',(-1.120006719688E1,2.550847423992E0,
-8.927488771277E1));
#1741=CARTESIAN_POINT('',(-1.139189261627E1,2.699832281753E0,
-8.926035797872E1));
#1742=CARTESIAN_POINT('',(-1.159407801260E1,2.834422566963E0,
-8.924582824468E1));
#1743=CARTESIAN_POINT('',(-1.180554540324E1,2.953900690741E0,
-8.923129851064E1));
#1744=CARTESIAN_POINT('',(-1.202516731714E1,3.057629637028E0,
-8.921676877660E1));
#1745=CARTESIAN_POINT('',(-1.225177280618E1,3.145056358935E0,
-8.920223904255E1));
#1746=CARTESIAN_POINT('',(-1.248415368820E1,3.215714727400E0,
-8.918770930851E1));
#1747=CARTESIAN_POINT('',(-1.272107098867E1,3.269228016423E0,
-8.917317957447E1));
#1748=CARTESIAN_POINT('',(-1.296126154643E1,3.305310911645E0,
-8.915864984043E1));
#1749=CARTESIAN_POINT('',(-1.320344474844E1,3.323771031540E0,
-8.914412010638E1));
#1750=CARTESIAN_POINT('',(-1.344632935758E1,3.324509953130E0,
-8.912959037234E1));
#1751=CARTESIAN_POINT('',(-1.368862039707E1,3.307523736739E0,
-8.911506063830E1));
#1752=CARTESIAN_POINT('',(-1.392902605483E1,3.272902947003E0,
-8.910053090426E1));
#1753=CARTESIAN_POINT('',(-1.416626457099E1,3.220832170006E0,
-8.908600117021E1));
#1754=CARTESIAN_POINT('',(-1.439907107177E1,3.151589029132E0,
-8.907147143617E1));
#1755=CARTESIAN_POINT('',(-1.462620431338E1,3.065542704877E0,
-8.905694170213E1));
#1756=CARTESIAN_POINT('',(-1.484645329989E1,2.963151966499E0,
-8.904241196809E1));
#1757=CARTESIAN_POINT('',(-1.505864373983E1,2.844962726025E0,
-8.902788223404E1));
#1758=CARTESIAN_POINT('',(-1.526164430711E1,2.711605127634E0,-8.90133525E1));
#1759=CARTESIAN_POINT('',(-1.545437267287E1,2.563790187947E0,
-8.899882276596E1));
#1760=CARTESIAN_POINT('',(-1.563580127608E1,2.402306005132E0,
-8.898429303191E1));
#1761=CARTESIAN_POINT('',(-1.580496280215E1,2.228013557034E0,
-8.896976329787E1));
#1762=CARTESIAN_POINT('',(-1.596095534027E1,2.041842110745E0,
-8.895523356383E1));
#1763=CARTESIAN_POINT('',(-1.610294719216E1,1.844784268068E0,
-8.894070382979E1));
#1764=CARTESIAN_POINT('',(-1.623018130635E1,1.637890673308E0,
-8.892617409574E1));
#1765=CARTESIAN_POINT('',(-1.634197931450E1,1.422264411602E0,
-8.891164436170E1));
#1766=CARTESIAN_POINT('',(-1.643774514828E1,1.199055127647E0,
-8.889711462766E1));
#1767=CARTESIAN_POINT('',(-1.651696821737E1,9.694528961950E-1,
-8.888258489362E1));
#1768=CARTESIAN_POINT('',(-1.657922613175E1,7.346818769842E-1,
-8.886805515957E1));
#1769=CARTESIAN_POINT('',(-1.662418695374E1,4.959937879423E-1,
-8.885352542553E1));
#1770=CARTESIAN_POINT('',(-1.665161096777E1,2.546612314592E-1,
-8.883899569149E1));
#1771=CARTESIAN_POINT('',(-1.666135195847E1,1.197090931153E-2,
-8.882446595745E1));
#1772=CARTESIAN_POINT('',(-1.665335799027E1,-2.307832375869E-1,
-8.880993622340E1));
#1773=CARTESIAN_POINT('',(-1.662767168422E1,-4.723069280309E-1,
-8.879540648936E1));
#1774=CARTESIAN_POINT('',(-1.658442999083E1,-7.113124411836E-1,
-8.878087675532E1));
#1775=CARTESIAN_POINT('',(-1.652386345988E1,-9.465254822594E-1,
-8.876634702128E1));
#1776=CARTESIAN_POINT('',(-1.644629501116E1,-1.176691976623E0,
-8.875181728723E1));
#1777=CARTESIAN_POINT('',(-1.635213821284E1,-1.400584756080E0,
-8.873728755319E1));
#1778=CARTESIAN_POINT('',(-1.624189507641E1,-1.617010101720E0,
-8.872275781915E1));
#1779=CARTESIAN_POINT('',(-1.611615338018E1,-1.824814108403E0,
-8.870822808511E1));
#1780=CARTESIAN_POINT('',(-1.597558353541E1,-2.022888836992E0,
-8.869369835106E1));
#1781=CARTESIAN_POINT('',(-1.582093501193E1,-2.210178221498E0,
-8.867916861702E1));
#1782=CARTESIAN_POINT('',(-1.565303234221E1,-2.385683699657E0,
-8.866463888298E1));
#1783=CARTESIAN_POINT('',(-1.547277072524E1,-2.548469536921E0,
-8.865010914894E1));
#1784=CARTESIAN_POINT('',(-1.528111125368E1,-2.697667815473E0,
-8.863557941489E1));
#1785=CARTESIAN_POINT('',(-1.507907578956E1,-2.832483061659E0,
-8.862104968085E1));
#1786=CARTESIAN_POINT('',(-1.486774151616E1,-2.952196487186E0,
-8.860651994681E1));
#1787=CARTESIAN_POINT('',(-1.464823519478E1,-3.056169821445E0,
-8.859199021277E1));
#1788=CARTESIAN_POINT('',(-1.442172715725E1,-3.143848714557E0,
-8.857746047872E1));
#1789=CARTESIAN_POINT('',(-1.418942506613E1,-3.214765692969E0,
-8.856293074468E1));
#1790=CARTESIAN_POINT('',(-1.395256747589E1,-3.268542651863E0,
-8.854840101064E1));
#1791=CARTESIAN_POINT('',(-1.371241722932E1,-3.304892871083E0,
-8.853387127660E1));
#1792=CARTESIAN_POINT('',(-1.347025472454E1,-3.323622543823E0,
-8.851934154255E1));
#1793=CARTESIAN_POINT('',(-1.322737108831E1,-3.324631809944E0,
-8.850481180851E1));
#1794=CARTESIAN_POINT('',(-1.298506129224E1,-3.307915288385E0,
-8.849028207447E1));
#1795=CARTESIAN_POINT('',(-1.274461724841E1,-3.273562105863E0,
-8.847575234043E1));
#1796=CARTESIAN_POINT('',(-1.250732092135E1,-3.221755421673E0,
-8.846122260638E1));
#1797=CARTESIAN_POINT('',(-1.227443749305E1,-3.152771451148E0,
-8.844669287234E1));
#1798=CARTESIAN_POINT('',(-1.204720861747E1,-3.066977992975E0,
-8.843216313830E1));
#1799=CARTESIAN_POINT('',(-1.182684580042E1,-2.964832468220E0,
-8.841763340426E1));
#1800=CARTESIAN_POINT('',(-1.161452394028E1,-2.846879481514E0,
-8.840310367021E1));
#1801=CARTESIAN_POINT('',(-1.141137506383E1,-2.713747917414E0,
-8.838857393617E1));
#1802=CARTESIAN_POINT('',(-1.121848229065E1,-2.566147587403E0,
-8.837404420213E1));
#1803=CARTESIAN_POINT('',(-1.103687405834E1,-2.404865445425E0,
-8.835951446809E1));
#1804=CARTESIAN_POINT('',(-1.086751863922E1,-2.230761392113E0,
-8.834498473404E1));
#1805=CARTESIAN_POINT('',(-1.071131897786E1,-2.044763690103E0,-8.8330455E1));
#1806=CARTESIAN_POINT('',(-1.056910787685E1,-1.847864014854E0,
-8.831592526596E1));
#1807=CARTESIAN_POINT('',(-1.044164355663E1,-1.641112167377E0,
-8.830139553191E1));
#1808=CARTESIAN_POINT('',(-1.032960561290E1,-1.425610477060E0,
-8.828686579787E1));
#1809=CARTESIAN_POINT('',(-1.023359139325E1,-1.202507924430E0,
-8.827233606383E1));
#1810=CARTESIAN_POINT('',(-1.015411281232E1,-9.729940151847E-1,
-8.825780632979E1));
#1811=CARTESIAN_POINT('',(-1.009159362243E1,-7.382924381576E-1,
-8.824327659574E1));
#1812=CARTESIAN_POINT('',(-1.004636715428E1,-4.996545410350E-1,
-8.822874686170E1));
#1813=CARTESIAN_POINT('',(-1.001867453978E1,-2.583526586012E-1,
-8.821421712766E1));
#1814=CARTESIAN_POINT('',(-1.000866342637E1,-1.567332908914E-2,
-8.819968739362E1));
#1815=CARTESIAN_POINT('',(-1.001638718985E1,2.270895651962E-1,
-8.818515765957E1));
#1816=CARTESIAN_POINT('',(-1.004180464978E1,4.686416964116E-1,
-8.817062792553E1));
#1817=CARTESIAN_POINT('',(-1.008478028905E1,7.076951920839E-1,
-8.815609819149E1));
#1818=CARTESIAN_POINT('',(-1.014508497641E1,9.429755016011E-1,
-8.814156845745E1));
#1819=CARTESIAN_POINT('',(-1.022239718811E1,1.173228191676E0,
-8.812703872340E1));
#1820=CARTESIAN_POINT('',(-1.031630472216E1,1.397225634549E0,
-8.811250898936E1));
#1821=CARTESIAN_POINT('',(-1.042630689603E1,1.613773553279E0,
-8.809797925532E1));
#1822=CARTESIAN_POINT('',(-1.055181721618E1,1.821717389210E0,
-8.808344952128E1));
#1823=CARTESIAN_POINT('',(-1.069216650494E1,2.019948457684E0,
-8.806891978723E1));
#1824=CARTESIAN_POINT('',(-1.084660646842E1,2.207409859160E0,
-8.805439005319E1));
#1825=CARTESIAN_POINT('',(-1.101431368612E1,2.383102114240E0,
-8.803986031915E1));
#1826=CARTESIAN_POINT('',(-1.119439400112E1,2.546088492548E0,
-8.802533058511E1));
#1827=CARTESIAN_POINT('',(-1.138588728742E1,2.695500007048E0,
-8.801080085106E1));
#1828=CARTESIAN_POINT('',(-1.158777256901E1,2.830540047188E0,
-8.799627111702E1));
#1829=CARTESIAN_POINT('',(-1.179897346335E1,2.950488626149E0,
-8.798174138298E1));
#1830=CARTESIAN_POINT('',(-1.201836392027E1,3.054706219569E0,
-8.796721164894E1));
#1831=CARTESIAN_POINT('',(-1.224477422568E1,3.142637175260E0,
-8.795268191489E1));
#1832=CARTESIAN_POINT('',(-1.247699723809E1,3.213812675759E0,
-8.793815218085E1));
#1833=CARTESIAN_POINT('',(-1.271379482466E1,3.267853237900E0,
-8.792362244681E1));
#1834=CARTESIAN_POINT('',(-1.295390446252E1,3.304470736083E0,
-8.790909271277E1));
#1835=CARTESIAN_POINT('',(-1.319604597006E1,3.323469938465E0,
-8.789456297872E1));
#1836=CARTESIAN_POINT('',(-1.343892833245E1,3.324749547866E0,
-8.788003324468E1));
#1837=CARTESIAN_POINT('',(-1.368125658490E1,3.308302741850E0,
-8.786550351064E1));
#1838=CARTESIAN_POINT('',(-1.392173871693E1,3.274217209102E0,
-8.785097377660E1));
#1839=CARTESIAN_POINT('',(-1.415909256091E1,3.222674681902E0,
-8.783644404255E1));
#1840=CARTESIAN_POINT('',(-1.439205262820E1,3.153949967190E0,
-8.782191430851E1));
#1841=CARTESIAN_POINT('',(-1.461937685624E1,3.068409481389E0,
-8.780738457447E1));
#1842=CARTESIAN_POINT('',(-1.483985323081E1,2.966509296805E0,
-8.779285484043E1));
#1843=CARTESIAN_POINT('',(-1.505230624810E1,2.84879271E0,-8.777832510638E1));
#1844=CARTESIAN_POINT('',(-1.525560318205E1,2.715887345128E0,
-8.776379537234E1));
#1845=CARTESIAN_POINT('',(-1.544866012367E1,2.568501807655E0,
-8.774926563830E1));
#1846=CARTESIAN_POINT('',(-1.563044776008E1,2.407421906326E0,
-8.773473590426E1));
#1847=CARTESIAN_POINT('',(-1.579999686244E1,2.233506463499E0,
-8.772020617021E1));
#1848=CARTESIAN_POINT('',(-1.595640345353E1,2.047682736201E0,
-8.770567643617E1));
#1849=CARTESIAN_POINT('',(-1.609883362748E1,1.850941472319E0,
-8.769114670213E1));
#1850=CARTESIAN_POINT('',(-1.622652799582E1,1.644331628269E0,
-8.767661696809E1));
#1851=CARTESIAN_POINT('',(-1.633880573632E1,1.428954776328E0,
-8.766208723404E1));
#1852=CARTESIAN_POINT('',(-1.643506822287E1,1.205959231425E0,-8.76475575E1));
#1853=CARTESIAN_POINT('',(-1.651480221718E1,9.765339287307E-1,
-8.763302776596E1));
#1854=CARTESIAN_POINT('',(-1.657758260513E1,7.419020846593E-1,
-8.761849803191E1));
#1855=CARTESIAN_POINT('',(-1.662307466341E1,5.033146751050E-1,
-8.760396829787E1));
#1856=CARTESIAN_POINT('',(-1.665103584408E1,2.620437656697E-1,
-8.758943856383E1));
#1857=CARTESIAN_POINT('',(-1.666131706778E1,1.937572944907E-2,
-8.757490882979E1));
#1858=CARTESIAN_POINT('',(-1.665386351860E1,-2.233956114639E-1,
-8.756037909574E1));
#1859=CARTESIAN_POINT('',(-1.662871493627E1,-4.649758841914E-1,
-8.754584936170E1));
#1860=CARTESIAN_POINT('',(-1.658600540435E1,-7.040770662195E-1,
-8.753131962766E1));
#1861=CARTESIAN_POINT('',(-1.652596263530E1,-9.394243526891E-1,
-8.751678989362E1));
#1862=CARTESIAN_POINT('',(-1.644890675641E1,-1.169762953215E0,
-8.750226015957E1));
#1863=CARTESIAN_POINT('',(-1.635524860299E1,-1.393864781993E0,
-8.748773042553E1));
#1864=CARTESIAN_POINT('',(-1.624548752794E1,-1.610535005531E0,
-8.747320069149E1));
#1865=CARTESIAN_POINT('',(-1.612020873938E1,-1.818618413088E0,
-8.745867095745E1));
#1866=CARTESIAN_POINT('',(-1.598008018050E1,-2.017005575858E0,
-8.744414122340E1));
#1867=CARTESIAN_POINT('',(-1.582584896835E1,-2.204638762058E0,
-8.742961148936E1));
#1868=CARTESIAN_POINT('',(-1.565833741045E1,-2.380517576395E0,
-8.741508175532E1));
#1869=CARTESIAN_POINT('',(-1.547843862052E1,-2.543704293821E0,
-8.740055202128E1));
#1870=CARTESIAN_POINT('',(-1.528711175672E1,-2.693328859163E0,
-8.738602228723E1));
#1871=CARTESIAN_POINT('',(-1.508537690777E1,-2.828593525956E0,
-8.737149255319E1));
#1872=CARTESIAN_POINT('',(-1.487430965415E1,-2.948777109748E0,
-8.735696281915E1));
#1873=CARTESIAN_POINT('',(-1.465503533350E1,-3.053238833212E0,
-8.734243308511E1));
#1874=CARTESIAN_POINT('',(-1.442872304071E1,-3.141421742544E0,
-8.732790335106E1));
#1875=CARTESIAN_POINT('',(-1.419657939471E1,-3.212855676953E0,
-8.731337361702E1));
#1876=CARTESIAN_POINT('',(-1.395984210518E1,-3.267159775389E0,
-8.729884388298E1));
#1877=CARTESIAN_POINT('',(-1.371977337351E1,-3.304044507170E0,
-8.728431414894E1));
#1878=CARTESIAN_POINT('',(-1.347765316320E1,-3.323313215655E0,
-8.726978441489E1));
#1879=CARTESIAN_POINT('',(-1.323477237554E1,-3.324863166751E0,
-8.725525468085E1));
#1880=CARTESIAN_POINT('',(-1.299242596693E1,-3.308686096653E0,
-8.724072494681E1));
#1881=CARTESIAN_POINT('',(-1.275190604465E1,-3.274868255908E0,
-8.722619521277E1));
#1882=CARTESIAN_POINT('',(-1.251449497780E1,-3.223589949555E0,
-8.721166547872E1));
#1883=CARTESIAN_POINT('',(-1.228145856013E1,-3.155124575798E0,
-8.719713574468E1));
#1884=CARTESIAN_POINT('',(-1.205403926127E1,-3.069837168347E0,
-8.718260601064E1));
#1885=CARTESIAN_POINT('',(-1.183344960232E1,-2.968182450178E0,
-8.716807627660E1));
#1886=CARTESIAN_POINT('',(-1.162086569108E1,-2.850702409113E0,
-8.715354654255E1));
#1887=CARTESIAN_POINT('',(-1.141742095151E1,-2.718023408124E0,
-8.713901680851E1));
#1888=CARTESIAN_POINT('',(-1.122420008063E1,-2.570852845786E0,
-8.712448707447E1));
#1889=CARTESIAN_POINT('',(-1.104223326533E1,-2.409975384669E0,
-8.710995734043E1));
#1890=CARTESIAN_POINT('',(-1.087249068979E1,-2.236248767790E0,
-8.709542760638E1));
#1891=CARTESIAN_POINT('',(-1.071587736274E1,-2.050599245422E0,
-8.708089787234E1));
#1892=CARTESIAN_POINT('',(-1.057322829232E1,-1.854016636647E0,
-8.706636813830E1));
#1893=CARTESIAN_POINT('',(-1.044530403406E1,-1.647549052005E0,
-8.705183840426E1));
#1894=CARTESIAN_POINT('',(-1.033278663588E1,-1.432297305230E0,
-8.703730867021E1));
#1895=CARTESIAN_POINT('',(-1.023627600169E1,-1.209409044469E0,
-8.702277893617E1));
#1896=CARTESIAN_POINT('',(-1.015628669275E1,-9.800726320222E-1,
-8.700824920213E1));
#1897=CARTESIAN_POINT('',(-1.009324518468E1,-7.455108136037E-1,
-8.699371946809E1));
#1898=CARTESIAN_POINT('',(-1.004748759203E1,-5.069741796976E-1,
-8.697918973404E1));
#1899=CARTESIAN_POINT('',(-1.002866778540E1,-3.461477733564E-1,
-8.696950324468E1));
#1900=CARTESIAN_POINT('',(-1.002220427880E1,-2.654984139649E-1,-8.696466E1));
#1902=CURVE_STYLE('',#140,POSITIVE_LENGTH_MEASURE(2.E-2),#81);
#1903=PRESENTATION_STYLE_ASSIGNMENT((#1902));
#1904=STYLED_ITEM('',(#1903),#1901);
#1905=DIRECTION('',(2.779453192742E-1,-8.202111920070E-1,5.E-1));
#1906=VECTOR('',#1905,7.8125E-1);
#1907=CARTESIAN_POINT('',(-1.226837034146E1,-3.147603226225E0,-8.969625E1));
#1908=LINE('',#1907,#1906);
#1909=CURVE_STYLE('',#140,POSITIVE_LENGTH_MEASURE(2.E-2),#81);
#1910=PRESENTATION_STYLE_ASSIGNMENT((#1909));
#1911=STYLED_ITEM('',(#1910),#1908);
#1912=CARTESIAN_POINT('',(-1.002220427880E1,-2.654984139649E-1,-8.696466E1));
#1913=CARTESIAN_POINT('',(-1.001587539112E1,-1.865287820521E-1,-8.696466E1));
#1914=CARTESIAN_POINT('',(-1.000888155112E1,-2.861745228067E-2,-8.696466E1));
#1915=CARTESIAN_POINT('',(-1.001532892062E1,2.089383506042E-1,-8.696466E1));
#1916=CARTESIAN_POINT('',(-1.003863905562E1,4.448461950683E-1,-8.696466E1));
#1917=CARTESIAN_POINT('',(-1.007883296555E1,6.791690146336E-1,-8.696466E1));
#1918=CARTESIAN_POINT('',(-1.013548743600E1,9.093781597245E-1,-8.696466E1));
#1919=CARTESIAN_POINT('',(-1.020853974127E1,1.135417491826E0,-8.696466E1));
#1920=CARTESIAN_POINT('',(-1.029752516294E1,1.355577950196E0,-8.696466E1));
#1921=CARTESIAN_POINT('',(-1.040182170830E1,1.568555581362E0,-8.696466E1));
#1922=CARTESIAN_POINT('',(-1.052134853572E1,1.774048186297E0,-8.696466E1));
#1923=CARTESIAN_POINT('',(-1.065484309013E1,1.969928009724E0,-8.696466E1));
#1924=CARTESIAN_POINT('',(-1.080231037317E1,2.156247909728E0,-8.696466E1));
#1925=CARTESIAN_POINT('',(-1.096254564323E1,2.331373657783E0,-8.696466E1));
#1926=CARTESIAN_POINT('',(-1.113474115787E1,2.494548333412E0,-8.696466E1));
#1927=CARTESIAN_POINT('',(-1.131850787992E1,2.645303628378E0,-8.696466E1));
#1928=CARTESIAN_POINT('',(-1.151201800609E1,2.782193971075E0,-8.696466E1));
#1929=CARTESIAN_POINT('',(-1.171533435463E1,2.905270545752E0,-8.696466E1));
#1930=CARTESIAN_POINT('',(-1.192656801286E1,3.013330561522E0,-8.696466E1));
#1931=CARTESIAN_POINT('',(-1.214501293138E1,3.106099270947E0,-8.696466E1));
#1932=CARTESIAN_POINT('',(-1.236982700153E1,3.183126100469E0,-8.696466E1));
#1933=CARTESIAN_POINT('',(-1.259894723970E1,3.243783786478E0,-8.696466E1));
#1934=CARTESIAN_POINT('',(-1.283288629020E1,3.288138521761E0,-8.696466E1));
#1935=CARTESIAN_POINT('',(-1.299028964157E1,3.306447413791E0,-8.696466E1));
#1936=CARTESIAN_POINT('',(-1.306950158603E1,3.312795721200E0,-8.696466E1));
#1938=CURVE_STYLE('',#140,POSITIVE_LENGTH_MEASURE(2.E-2),#81);
#1939=PRESENTATION_STYLE_ASSIGNMENT((#1938));
#1940=STYLED_ITEM('',(#1939),#1937);
#1941=CARTESIAN_POINT('',(-1.226837034146E1,-3.147603226225E0,-9.000875E1));
#1942=CARTESIAN_POINT('',(-1.219192222739E1,-3.121697220942E0,
-9.000391811111E1));
#1943=CARTESIAN_POINT('',(-1.204091446961E1,-3.064312507843E0,
-8.999425433333E1));
#1944=CARTESIAN_POINT('',(-1.182127011401E1,-2.961974061721E0,
-8.997975866667E1));
#1945=CARTESIAN_POINT('',(-1.160965866685E1,-2.843917332142E0,-8.9965263E1));
#1946=CARTESIAN_POINT('',(-1.140720307377E1,-2.710768806069E0,
-8.995076733333E1));
#1947=CARTESIAN_POINT('',(-1.121497770743E1,-2.563235062856E0,
-8.993627166667E1));
#1948=CARTESIAN_POINT('',(-1.103400264799E1,-2.402099018484E0,-8.9921776E1));
#1949=CARTESIAN_POINT('',(-1.086523827473E1,-2.228215772516E0,
-8.990728033333E1));
#1950=CARTESIAN_POINT('',(-1.070958016826E1,-2.042508069905E0,
-8.989278466667E1));
#1951=CARTESIAN_POINT('',(-1.056785435836E1,-1.845961404388E0,-8.9878289E1));
#1952=CARTESIAN_POINT('',(-1.044081294037E1,-1.639618788743E0,
-8.986379333333E1));
#1953=CARTESIAN_POINT('',(-1.032913008406E1,-1.424575219845E0,
-8.984929766667E1));
#1954=CARTESIAN_POINT('',(-1.023339845605E1,-1.201971867859E0,-8.9834802E1));
#1955=CARTESIAN_POINT('',(-1.015412607469E1,-9.729900203933E-1,
-8.982030633333E1));
#1956=CARTESIAN_POINT('',(-1.009173361413E1,-7.388448137735E-1,
-8.980581066667E1));
#1957=CARTESIAN_POINT('',(-1.004655217202E1,-5.007787846862E-1,-8.9791315E1));
#1958=CARTESIAN_POINT('',(-1.001882151238E1,-2.600552764183E-1,
-8.977681933333E1));
#1959=CARTESIAN_POINT('',(-1.000868879331E1,-1.795173468270E-2,
-8.976232366667E1));
#1960=CARTESIAN_POINT('',(-1.001620778603E1,2.242470713945E-1,-8.9747828E1));
#1961=CARTESIAN_POINT('',(-1.004133858956E1,4.652558671483E-1,
-8.973333233333E1));
#1962=CARTESIAN_POINT('',(-1.008394784245E1,7.037956929330E-1,
-8.971883666667E1));
#1963=CARTESIAN_POINT('',(-1.014380943047E1,9.386006911681E-1,-8.9704341E1));
#1964=CARTESIAN_POINT('',(-1.022060568657E1,1.168424823856E0,
-8.968984533333E1));
#1965=CARTESIAN_POINT('',(-1.031392907661E1,1.392048484921E0,
-8.967534966667E1));
#1966=CARTESIAN_POINT('',(-1.042328436202E1,1.608284972288E0,-8.9660854E1));
#1967=CARTESIAN_POINT('',(-1.054809122790E1,1.815986785342E0,
-8.964635833333E1));
#1968=CARTESIAN_POINT('',(-1.068768736255E1,2.014051714363E0,
-8.963186266667E1));
#1969=CARTESIAN_POINT('',(-1.084133197216E1,2.201428689615E0,-8.9617367E1));
#1970=CARTESIAN_POINT('',(-1.100820971199E1,2.377123359049E0,
-8.960287133333E1));
#1971=CARTESIAN_POINT('',(-1.118743501313E1,2.540203365023E0,
-8.958837566667E1));
#1972=CARTESIAN_POINT('',(-1.137805678196E1,2.689803292043E0,-8.957388E1));
#1973=CARTESIAN_POINT('',(-1.157906344731E1,2.825129259248E0,
-8.955938433333E1));
#1974=CARTESIAN_POINT('',(-1.178938832856E1,2.945463133301E0,
-8.954488866667E1));
#1975=CARTESIAN_POINT('',(-1.200791529617E1,3.050166339296E0,-8.9530393E1));
#1976=CARTESIAN_POINT('',(-1.223348469464E1,3.138683249483E0,
-8.951589733333E1));
#1977=CARTESIAN_POINT('',(-1.246489949647E1,3.210544131809E0,
-8.950140166667E1));
#1978=CARTESIAN_POINT('',(-1.270093165440E1,3.265367642646E0,-8.9486906E1));
#1979=CARTESIAN_POINT('',(-1.294032861827E1,3.302862850463E0,
-8.947241033333E1));
#1980=CARTESIAN_POINT('',(-1.318181998192E1,3.322830779710E0,
-8.945791466667E1));
#1981=CARTESIAN_POINT('',(-1.342412422487E1,3.325165466720E0,-8.9443419E1));
#1982=CARTESIAN_POINT('',(-1.366595551294E1,3.309854522027E0,
-8.942892333333E1));
#1983=CARTESIAN_POINT('',(-1.390603052177E1,3.276979196110E0,
-8.941442766667E1));
#1984=CARTESIAN_POINT('',(-1.414307524702E1,3.226713948226E0,-8.9399932E1));
#1985=CARTESIAN_POINT('',(-1.437583176517E1,3.159325520604E0,
-8.938543633333E1));
#1986=CARTESIAN_POINT('',(-1.460306490886E1,3.075171522930E0,
-8.937094066667E1));
#1987=CARTESIAN_POINT('',(-1.482356882161E1,2.974698534619E0,-8.9356445E1));
#1988=CARTESIAN_POINT('',(-1.503617335688E1,2.858439734956E0,
-8.934194933333E1));
#1989=CARTESIAN_POINT('',(-1.523975028771E1,2.727012073678E0,
-8.932745366667E1));
#1990=CARTESIAN_POINT('',(-1.543321929387E1,2.581112997012E0,-8.9312958E1));
#1991=CARTESIAN_POINT('',(-1.561555369477E1,2.421516746540E0,
-8.929846233333E1));
#1992=CARTESIAN_POINT('',(-1.578578589776E1,2.249070250539E0,
-8.928396666667E1));
#1993=CARTESIAN_POINT('',(-1.594301253282E1,2.064688629591E0,-8.9269471E1));
#1994=CARTESIAN_POINT('',(-1.608639924651E1,1.869350340318E0,
-8.925497533333E1));
#1995=CARTESIAN_POINT('',(-1.621518512957E1,1.664091983019E0,
-8.924047966667E1));
#1996=CARTESIAN_POINT('',(-1.632868675488E1,1.450002800743E0,-8.9225984E1));
#1997=CARTESIAN_POINT('',(-1.642630180420E1,1.228218899018E0,
-8.921148833333E1));
#1998=CARTESIAN_POINT('',(-1.650751226442E1,9.999172168812E-1,
-8.919699266667E1));
#1999=CARTESIAN_POINT('',(-1.657188717660E1,7.663092812302E-1,-8.9182497E1));
#2000=CARTESIAN_POINT('',(-1.661908492284E1,5.286347776195E-1,
-8.916800133333E1));
#2001=CARTESIAN_POINT('',(-1.664885503920E1,2.881549716306E-1,
-8.915350566667E1));
#2002=CARTESIAN_POINT('',(-1.666103954483E1,4.614601572316E-2,-8.913901E1));
#2003=CARTESIAN_POINT('',(-1.665557378029E1,-1.961078229146E-1,
-8.912451433333E1));
#2004=CARTESIAN_POINT('',(-1.663248675071E1,-4.373209775768E-1,
-8.911001866667E1));
#2005=CARTESIAN_POINT('',(-1.659190097187E1,-6.762134041477E-1,-8.9095523E1));
#2006=CARTESIAN_POINT('',(-1.653403182004E1,-9.115173739029E-1,
-8.908102733333E1));
#2007=CARTESIAN_POINT('',(-1.645918638901E1,-1.141984200956E0,
-8.906653166667E1));
#2008=CARTESIAN_POINT('',(-1.636776186052E1,-1.366390868650E0,-8.9052036E1));
#2009=CARTESIAN_POINT('',(-1.626024339643E1,-1.583546519734E0,
-8.903754033333E1));
#2010=CARTESIAN_POINT('',(-1.613720156422E1,-1.792298775874E0,
-8.902304466667E1));
#2011=CARTESIAN_POINT('',(-1.599928930910E1,-1.991539852970E0,-8.9008549E1));
#2012=CARTESIAN_POINT('',(-1.584723848902E1,-2.180212439831E0,
-8.899405333333E1));
#2013=CARTESIAN_POINT('',(-1.568185599100E1,-2.357315308993E0,
-8.897955766667E1));
#2014=CARTESIAN_POINT('',(-1.550401944915E1,-2.521908629934E0,-8.8965062E1));
#2015=CARTESIAN_POINT('',(-1.531467258736E1,-2.673118956458E0,
-8.895056633333E1));
#2016=CARTESIAN_POINT('',(-1.511482021127E1,-2.810143861812E0,
-8.893607066667E1));
#2017=CARTESIAN_POINT('',(-1.490552287605E1,-2.932256196915E0,-8.8921575E1));
#2018=CARTESIAN_POINT('',(-1.468789125835E1,-3.038807949115E0,
-8.890707933333E1));
#2019=CARTESIAN_POINT('',(-1.446308026233E1,-3.129233680993E0,
-8.889258366667E1));
#2020=CARTESIAN_POINT('',(-1.423228289089E1,-3.203053530968E0,-8.8878088E1));
#2021=CARTESIAN_POINT('',(-1.399672391477E1,-3.259875759773E0,
-8.886359233333E1));
#2022=CARTESIAN_POINT('',(-1.375765337310E1,-3.299398829292E0,
-8.884909666667E1));
#2023=CARTESIAN_POINT('',(-1.351633993982E1,-3.321413002738E0,-8.8834601E1));
#2024=CARTESIAN_POINT('',(-1.327406419117E1,-3.325801457654E0,
-8.882010533333E1));
#2025=CARTESIAN_POINT('',(-1.303211181015E1,-3.312540905857E0,
-8.880560966667E1));
#2026=CARTESIAN_POINT('',(-1.279176676371E1,-3.281701717024E0,-8.8791114E1));
#2027=CARTESIAN_POINT('',(-1.255430448918E1,-3.233447545255E0,
-8.877661833333E1));
#2028=CARTESIAN_POINT('',(-1.232098512591E1,-3.168034460618E0,
-8.876212266667E1));
#2029=CARTESIAN_POINT('',(-1.209304682810E1,-3.085809590259E0,-8.8747627E1));
#2030=CARTESIAN_POINT('',(-1.187169919426E1,-2.987209276307E0,
-8.873313133333E1));
#2031=CARTESIAN_POINT('',(-1.165811684830E1,-2.872756760340E0,
-8.871863566667E1));
#2032=CARTESIAN_POINT('',(-1.145343320612E1,-2.743059406703E0,-8.870414E1));
#2033=CARTESIAN_POINT('',(-1.125873446093E1,-2.598805479411E0,
-8.868964433333E1));
#2034=CARTESIAN_POINT('',(-1.107505381917E1,-2.440760489743E0,
-8.867514866667E1));
#2035=CARTESIAN_POINT('',(-1.090336601758E1,-2.269763133913E0,-8.8660653E1));
#2036=CARTESIAN_POINT('',(-1.074458215058E1,-2.086720842359E0,
-8.864615733333E1));
#2037=CARTESIAN_POINT('',(-1.059954483538E1,-1.892604964296E0,
-8.863166166667E1));
#2038=CARTESIAN_POINT('',(-1.046902374046E1,-1.688445613060E0,-8.8617166E1));
#2039=CARTESIAN_POINT('',(-1.035371150117E1,-1.475326199615E0,
-8.860267033333E1));
#2040=CARTESIAN_POINT('',(-1.025422004415E1,-1.254377683220E0,
-8.858817466667E1));
#2041=CARTESIAN_POINT('',(-1.017107734E1,-1.026772569782E0,-8.8573679E1));
#2042=CARTESIAN_POINT('',(-1.010472460151E1,-7.937186897216E-1,
-8.855918333333E1));
#2043=CARTESIAN_POINT('',(-1.005551394227E1,-5.564527883901E-1,
-8.854468766667E1));
#2044=CARTESIAN_POINT('',(-1.002370650815E1,-3.162339630423E-1,-8.8530192E1));
#2045=CARTESIAN_POINT('',(-1.000947109143E1,-7.433698119389E-2,
-8.851569633333E1));
#2046=CARTESIAN_POINT('',(-1.001288323508E1,1.679544841789E-1,
-8.850120066667E1));
#2047=CARTESIAN_POINT('',(-1.003392483191E1,4.093546666965E-1,-8.8486705E1));
#2048=CARTESIAN_POINT('',(-1.007248422063E1,6.485825297440E-1,
-8.847220933333E1));
#2049=CARTESIAN_POINT('',(-1.012835677841E1,8.843685645386E-1,
-8.845771366667E1));
#2050=CARTESIAN_POINT('',(-1.020124600674E1,1.115461527022E0,-8.8443218E1));
#2051=CARTESIAN_POINT('',(-1.029076510489E1,1.340635077831E0,
-8.842872233333E1));
#2052=CARTESIAN_POINT('',(-1.039643902249E1,1.558694290100E0,
-8.841422666667E1));
#2053=CARTESIAN_POINT('',(-1.051770698053E1,1.768481990573E0,-8.8399731E1));
#2054=CARTESIAN_POINT('',(-1.065392544721E1,1.968884900366E0,
-8.838523533333E1));
#2055=CARTESIAN_POINT('',(-1.080437155296E1,2.158839542797E0,
-8.837073966667E1));
#2056=CARTESIAN_POINT('',(-1.096824692651E1,2.337337886929E0,-8.8356244E1));
#2057=CARTESIAN_POINT('',(-1.114468193161E1,2.503432696882E0,
-8.834174833333E1));
#2058=CARTESIAN_POINT('',(-1.133274028187E1,2.656242558520E0,
-8.832725266667E1));
#2059=CARTESIAN_POINT('',(-1.153142400940E1,2.794956556847E0,-8.8312757E1));
#2060=CARTESIAN_POINT('',(-1.173967876069E1,2.918838579286E0,
-8.829826133333E1));
#2061=CARTESIAN_POINT('',(-1.195639939174E1,3.027231221996E0,
-8.828376566667E1));
#2062=CARTESIAN_POINT('',(-1.218043583274E1,3.119559278520E0,-8.826927E1));
#2063=CARTESIAN_POINT('',(-1.241059919111E1,3.195332792223E0,
-8.825477433333E1));
#2064=CARTESIAN_POINT('',(-1.264566806062E1,3.254149656343E0,
-8.824027866667E1));
#2065=CARTESIAN_POINT('',(-1.288439500298E1,3.295697747851E0,-8.8225783E1));
#2066=CARTESIAN_POINT('',(-1.312551316764E1,3.319756583787E0,
-8.821128733333E1));
#2067=CARTESIAN_POINT('',(-1.336774301457E1,3.326198491300E0,
-8.819679166667E1));
#2068=CARTESIAN_POINT('',(-1.360979910438E1,3.314989285165E0,-8.8182296E1));
#2069=CARTESIAN_POINT('',(-1.385039691976E1,3.286188449196E0,
-8.816780033333E1));
#2070=CARTESIAN_POINT('',(-1.408825968201E1,3.239948820582E0,
-8.815330466667E1));
#2071=CARTESIAN_POINT('',(-1.432212512650E1,3.176515778829E0,-8.8138809E1));
#2072=CARTESIAN_POINT('',(-1.455075220118E1,3.096225943604E0,
-8.812431333333E1));
#2073=CARTESIAN_POINT('',(-1.477292765239E1,2.999505388398E0,
-8.810981766667E1));
#2074=CARTESIAN_POINT('',(-1.498747246324E1,2.886867379488E0,-8.8095322E1));
#2075=CARTESIAN_POINT('',(-1.519324811035E1,2.758909652186E0,
-8.808082633333E1));
#2076=CARTESIAN_POINT('',(-1.538916260555E1,2.616311238845E0,
-8.806633066667E1));
#2077=CARTESIAN_POINT('',(-1.557417629080E1,2.459828865441E0,-8.8051835E1));
#2078=CARTESIAN_POINT('',(-1.574730735531E1,2.290292935861E0,
-8.803733933333E1));
#2079=CARTESIAN_POINT('',(-1.590763704570E1,2.108603125205E0,
-8.802284366667E1));
#2080=CARTESIAN_POINT('',(-1.605431454155E1,1.915723605488E0,-8.8008348E1));
#2081=CARTESIAN_POINT('',(-1.618656147046E1,1.712677929070E0,
-8.799385233333E1));
#2082=CARTESIAN_POINT('',(-1.630367603859E1,1.500543596985E0,
-8.797935666667E1));
#2083=CARTESIAN_POINT('',(-1.640503675490E1,1.280446340970E0,-8.7964861E1));
#2084=CARTESIAN_POINT('',(-1.649010572921E1,1.053554149552E0,
-8.795036533333E1));
#2085=CARTESIAN_POINT('',(-1.655843152660E1,8.210710698945E-1,
-8.793586966667E1));
#2086=CARTESIAN_POINT('',(-1.660965156307E1,5.842308182867E-1,-8.7921374E1));
#2087=CARTESIAN_POINT('',(-1.664349402959E1,3.442902331909E-1,
-8.790687833333E1));
#2088=CARTESIAN_POINT('',(-1.665977933461E1,1.025226055871E-1,
-8.789238266667E1));
#2089=CARTESIAN_POINT('',(-1.665842105701E1,-1.397890779916E-1,-8.7877887E1));
#2090=CARTESIAN_POINT('',(-1.663942640476E1,-3.813589438739E-1,
-8.786339133333E1));
#2091=CARTESIAN_POINT('',(-1.660289617663E1,-6.209050549874E-1,
-8.784889566667E1));
#2092=CARTESIAN_POINT('',(-1.654902422733E1,-8.571562137044E-1,-8.78344E1));
#2093=CARTESIAN_POINT('',(-1.647809643874E1,-1.088858707698E0,
-8.781990433333E1));
#2094=CARTESIAN_POINT('',(-1.639048920285E1,-1.314782963006E0,
-8.780540866667E1));
#2095=CARTESIAN_POINT('',(-1.628666742435E1,-1.533730069006E0,-8.7790913E1));
#2096=CARTESIAN_POINT('',(-1.616718205352E1,-1.744538140663E0,
-8.777641733333E1));
#2097=CARTESIAN_POINT('',(-1.603266716253E1,-1.946088484297E0,
-8.776192166667E1));
#2098=CARTESIAN_POINT('',(-1.588383658059E1,-2.137311534146E0,-8.7747426E1));
#2099=CARTESIAN_POINT('',(-1.572148010586E1,-2.317192528226E0,
-8.773293033333E1));
#2100=CARTESIAN_POINT('',(-1.554645931429E1,-2.484776893356E0,
-8.771843466667E1));
#2101=CARTESIAN_POINT('',(-1.535970298746E1,-2.639175310790E0,-8.7703939E1));
#2102=CARTESIAN_POINT('',(-1.516220218383E1,-2.779568435555E0,
-8.768944333333E1));
#2103=CARTESIAN_POINT('',(-1.495500497949E1,-2.905211244463E0,
-8.767494766667E1));
#2104=CARTESIAN_POINT('',(-1.473921090636E1,-3.015436989723E0,-8.7660452E1));
#2105=CARTESIAN_POINT('',(-1.451596511729E1,-3.109660737164E0,
-8.764595633333E1));
#2106=CARTESIAN_POINT('',(-1.428645230912E1,-3.187382470303E0,
-8.763146066667E1));
#2107=CARTESIAN_POINT('',(-1.405189043582E1,-3.248189743775E0,-8.7616965E1));
#2108=CARTESIAN_POINT('',(-1.381352424518E1,-3.291759872060E0,
-8.760246933333E1));
#2109=CARTESIAN_POINT('',(-1.357261867337E1,-3.317861641870E0,
-8.758797366667E1));
#2110=CARTESIAN_POINT('',(-1.333045213225E1,-3.326356539132E0,-8.7573478E1));
#2111=CARTESIAN_POINT('',(-1.308830972527E1,-3.317199484035E0,
-8.755898233333E1));
#2112=CARTESIAN_POINT('',(-1.284747642780E1,-3.290439070257E0,
-8.754448666667E1));
#2113=CARTESIAN_POINT('',(-1.260923026817E1,-3.246217307095E0,-8.7529991E1));
#2114=CARTESIAN_POINT('',(-1.237483554556E1,-3.184768865860E0,
-8.751549533333E1));
#2115=CARTESIAN_POINT('',(-1.214553612076E1,-3.106419834556E0,
-8.750099966667E1));
#2116=CARTESIAN_POINT('',(-1.192254881540E1,-3.011585987423E0,-8.7486504E1));
#2117=CARTESIAN_POINT('',(-1.170705695459E1,-2.900770578557E0,
-8.747200833333E1));
#2118=CARTESIAN_POINT('',(-1.150020408745E1,-2.774561671294E0,
-8.745751266667E1));
#2119=CARTESIAN_POINT('',(-1.130308791860E1,-2.633629017534E0,-8.7443017E1));
#2120=CARTESIAN_POINT('',(-1.111675448301E1,-2.478720503579E0,
-8.742852133333E1));
#2121=CARTESIAN_POINT('',(-1.094219259496E1,-2.310658181328E0,
-8.741402566667E1));
#2122=CARTESIAN_POINT('',(-1.078032860080E1,-2.130333905899E0,-8.739953E1));
#2123=CARTESIAN_POINT('',(-1.063202146300E1,-1.938704602830E0,
-8.738503433333E1));
#2124=CARTESIAN_POINT('',(-1.049805820199E1,-1.736787189968E0,
-8.737053866667E1));
#2125=CARTESIAN_POINT('',(-1.037914971965E1,-1.525653180996E0,-8.7356043E1));
#2126=CARTESIAN_POINT('',(-1.027592702677E1,-1.306422999246E0,
-8.734154733333E1));
#2127=CARTESIAN_POINT('',(-1.018893789446E1,-1.080260031946E0,
-8.732705166667E1));
#2128=CARTESIAN_POINT('',(-1.011864394734E1,-8.483644564931E-1,-8.7312556E1));
#2129=CARTESIAN_POINT('',(-1.006541821378E1,-6.119668714709E-1,
-8.729806033333E1));
#2130=CARTESIAN_POINT('',(-1.002954314642E1,-3.723217662465E-1,
-8.728356466667E1));
#2131=CARTESIAN_POINT('',(-1.001120912319E1,-1.307008637788E-1,-8.7269069E1));
#2132=CARTESIAN_POINT('',(-1.001051343715E1,1.116136280241E-1,
-8.725457333333E1));
#2133=CARTESIAN_POINT('',(-1.002745978008E1,3.533358205887E-1,
-8.724007766667E1));
#2134=CARTESIAN_POINT('',(-1.006195822293E1,5.931829684915E-1,-8.7225582E1));
#2135=CARTESIAN_POINT('',(-1.011382569309E1,8.298822765952E-1,
-8.721108633333E1));
#2136=CARTESIAN_POINT('',(-1.018278694580E1,1.062177654381E0,
-8.719659066667E1));
#2137=CARTESIAN_POINT('',(-1.026847602489E1,1.288836381636E0,-8.7182095E1));
#2138=CARTESIAN_POINT('',(-1.037043820474E1,1.508655650121E0,
-8.716759933333E1));
#2139=CARTESIAN_POINT('',(-1.048813240339E1,1.720468946500E0,
-8.715310366667E1));
#2140=CARTESIAN_POINT('',(-1.062093405386E1,1.923152242676E0,-8.7138608E1));
#2141=CARTESIAN_POINT('',(-1.076813841859E1,2.115629960657E0,
-8.712411233333E1));
#2142=CARTESIAN_POINT('',(-1.092896432925E1,2.296880680318E0,
-8.710961666667E1));
#2143=CARTESIAN_POINT('',(-1.110255833213E1,2.465942559767E0,-8.7095121E1));
#2144=CARTESIAN_POINT('',(-1.128799921717E1,2.621918439543E0,
-8.708062533333E1));
#2145=CARTESIAN_POINT('',(-1.148430290657E1,2.763980603564E0,
-8.706612966667E1));
#2146=CARTESIAN_POINT('',(-1.169042767693E1,2.891375171564E0,-8.7051634E1));
#2147=CARTESIAN_POINT('',(-1.190527968747E1,3.003426099708E0,
-8.703713833333E1));
#2148=CARTESIAN_POINT('',(-1.212771878436E1,3.099538768123E0,
-8.702264266667E1));
#2149=CARTESIAN_POINT('',(-1.235656455247E1,3.179203136469E0,-8.7008147E1));
#2150=CARTESIAN_POINT('',(-1.259060257443E1,3.241996450159E0,
-8.699365133333E1));
#2151=CARTESIAN_POINT('',(-1.282859089426E1,3.287585485323E0,
-8.697915566667E1));
#2152=CARTESIAN_POINT('',(-1.298904132247E1,3.306347369367E0,
-8.696949188889E1));
#2153=CARTESIAN_POINT('',(-1.306950158603E1,3.312795721200E0,-8.696466E1));
#2155=CURVE_STYLE('',#140,POSITIVE_LENGTH_MEASURE(2.E-2),#81);
#2156=PRESENTATION_STYLE_ASSIGNMENT((#2155));
#2157=STYLED_ITEM('',(#2156),#2154);
#2158=DIRECTION('',(0.E0,0.E0,1.E0));
#2159=VECTOR('',#2158,3.125E-1);
#2160=CARTESIAN_POINT('',(-1.226837034146E1,-3.147603226225E0,-9.000875E1));
#2161=LINE('',#2160,#2159);
#2162=CURVE_STYLE('',#140,POSITIVE_LENGTH_MEASURE(2.E-2),#81);
#2163=PRESENTATION_STYLE_ASSIGNMENT((#2162));
#2164=STYLED_ITEM('',(#2163),#2161);
#2165=CARTESIAN_POINT('',(-1.010972312491E1,8.016819676362E-1,
-9.346278234671E1));
#2166=CARTESIAN_POINT('',(-1.012921708888E1,8.801088672417E-1,
-9.345794476639E1));
#2167=CARTESIAN_POINT('',(-1.017392870708E1,1.035539927905E0,
-9.344826960575E1));
#2168=CARTESIAN_POINT('',(-1.025781050076E1,1.263178313383E0,
-9.343375686480E1));
#2169=CARTESIAN_POINT('',(-1.035806046631E1,1.484097596596E0,
-9.341924412385E1));
#2170=CARTESIAN_POINT('',(-1.047414535740E1,1.697122676240E0,
-9.340473138290E1));
#2171=CARTESIAN_POINT('',(-1.060544769496E1,1.901120427032E0,
-9.339021864194E1));
#2172=CARTESIAN_POINT('',(-1.075126905634E1,2.095005745785E0,
-9.337570590099E1));
#2173=CARTESIAN_POINT('',(-1.091083378906E1,2.277747318259E0,
-9.336119316004E1));
#2174=CARTESIAN_POINT('',(-1.108329313706E1,2.448373106266E0,
-9.334668041909E1));
#2175=CARTESIAN_POINT('',(-1.126772975525E1,2.605975517780E0,
-9.333216767813E1));
#2176=CARTESIAN_POINT('',(-1.146316258910E1,2.749716234682E0,
-9.331765493718E1));
#2177=CARTESIAN_POINT('',(-1.166855209307E1,2.878830671922E0,
-9.330314219623E1));
#2178=CARTESIAN_POINT('',(-1.188280576012E1,2.992632044499E0,
-9.328862945528E1));
#2179=CARTESIAN_POINT('',(-1.210478393300E1,3.090515020605E0,
-9.327411671432E1));
#2180=CARTESIAN_POINT('',(-1.233330586628E1,3.171958941502E0,
-9.325960397337E1));
#2181=CARTESIAN_POINT('',(-1.256715600702E1,3.236530591011E0,
-9.324509123242E1));
#2182=CARTESIAN_POINT('',(-1.280509046048E1,3.283886499869E0,
-9.323057849147E1));
#2183=CARTESIAN_POINT('',(-1.304584360665E1,3.313774772715E0,
-9.321606575051E1));
#2184=CARTESIAN_POINT('',(-1.328813483235E1,3.326036427967E0,
-9.320155300956E1));
#2185=CARTESIAN_POINT('',(-1.353067534307E1,3.320606243476E0,
-9.318704026861E1));
#2186=CARTESIAN_POINT('',(-1.377217501829E1,3.297513103459E0,
-9.317252752766E1));
#2187=CARTESIAN_POINT('',(-1.401134927388E1,3.256879844854E0,
-9.315801478670E1));
#2188=CARTESIAN_POINT('',(-1.424692589511E1,3.198922603929E0,
-9.314350204575E1));
#2189=CARTESIAN_POINT('',(-1.447765180374E1,3.123949666609E0,
-9.312898930480E1));
#2190=CARTESIAN_POINT('',(-1.470229972344E1,3.032359828645E0,
-9.311447656385E1));
#2191=CARTESIAN_POINT('',(-1.491967470789E1,2.924640274337E0,
-9.309996382289E1));
#2192=CARTESIAN_POINT('',(-1.512862049693E1,2.801363985112E0,
-9.308545108194E1));
#2193=CARTESIAN_POINT('',(-1.532802566696E1,2.663186691716E0,
-9.307093834099E1));
#2194=CARTESIAN_POINT('',(-1.551682954279E1,2.510843386259E0,
-9.305642560004E1));
#2195=CARTESIAN_POINT('',(-1.569402783958E1,2.345144412646E0,
-9.304191285908E1));
#2196=CARTESIAN_POINT('',(-1.585867800488E1,2.166971156199E0,
-9.302740011813E1));
#2197=CARTESIAN_POINT('',(-1.600990423216E1,1.977271355394E0,
-9.301288737718E1));
#2198=CARTESIAN_POINT('',(-1.614690211949E1,1.777054060657E0,
-9.299837463623E1));
#2199=CARTESIAN_POINT('',(-1.626894294825E1,1.567384267028E0,
-9.298386189527E1));
#2200=CARTESIAN_POINT('',(-1.637537755934E1,1.349377249237E0,
-9.296934915432E1));
#2201=CARTESIAN_POINT('',(-1.646563980621E1,1.124192629348E0,
-9.295483641337E1));
#2202=CARTESIAN_POINT('',(-1.653924956627E1,8.930282084957E-1,
-9.294032367241E1));
#2203=CARTESIAN_POINT('',(-1.659581529478E1,6.571135955473E-1,
-9.292581093146E1));
#2204=CARTESIAN_POINT('',(-1.663503610753E1,4.177036665744E-1,
-9.291129819051E1));
#2205=CARTESIAN_POINT('',(-1.665670338135E1,1.760718899191E-1,
-9.289678544956E1));
#2206=CARTESIAN_POINT('',(-1.666070186375E1,-6.649644763282E-2,
-9.288227270860E1));
#2207=CARTESIAN_POINT('',(-1.664701028602E1,-3.087110775450E-1,
-9.286775996765E1));
#2208=CARTESIAN_POINT('',(-1.661570147635E1,-5.492836127209E-1,
-9.285324722670E1));
#2209=CARTESIAN_POINT('',(-1.656694197242E1,-7.869344006883E-1,
-9.283873448575E1));
#2210=CARTESIAN_POINT('',(-1.650099113561E1,-1.020399330321E0,
-9.282422174479E1));
#2211=CARTESIAN_POINT('',(-1.641819977134E1,-1.248436555893E0,
-9.280970900384E1));
#2212=CARTESIAN_POINT('',(-1.631900826311E1,-1.469833102701E0,
-9.279519626289E1));
#2213=CARTESIAN_POINT('',(-1.620394422999E1,-1.683411319113E0,
-9.278068352194E1));
#2214=CARTESIAN_POINT('',(-1.607361972013E1,-1.888035140731E0,
-9.276617078098E1));
#2215=CARTESIAN_POINT('',(-1.592872795514E1,-2.082616133336E0,
-9.275165804003E1));
#2216=CARTESIAN_POINT('',(-1.577003964273E1,-2.266119282486E0,
-9.273714529908E1));
#2217=CARTESIAN_POINT('',(-1.559839887713E1,-2.437568498959E0,
-9.272263255813E1));
#2218=CARTESIAN_POINT('',(-1.541471864922E1,-2.596051810764E0,
-9.270811981717E1));
#2219=CARTESIAN_POINT('',(-1.521997599015E1,-2.740726214101E0,
-9.269360707622E1));
#2220=CARTESIAN_POINT('',(-1.501520677428E1,-2.870822157458E0,
-9.267909433527E1));
#2221=CARTESIAN_POINT('',(-1.480150020922E1,-2.985647635011E0,
-9.266458159432E1));
#2222=CARTESIAN_POINT('',(-1.457999304208E1,-3.084591867535E0,
-9.265006885336E1));
#2223=CARTESIAN_POINT('',(-1.435186351291E1,-3.167128551262E0,
-9.263555611241E1));
#2224=CARTESIAN_POINT('',(-1.411832508737E1,-3.232818657394E0,
-9.262104337146E1));
#2225=CARTESIAN_POINT('',(-1.388062000215E1,-3.281312767378E0,
-9.260653063051E1));
#2226=CARTESIAN_POINT('',(-1.364001265718E1,-3.312352931537E0,
-9.259201788955E1));
#2227=CARTESIAN_POINT('',(-1.339778289010E1,-3.325774041154E0,
-9.257750514860E1));
#2228=CARTESIAN_POINT('',(-1.315521916851E1,-3.321504706715E0,
-9.256299240765E1));
#2229=CARTESIAN_POINT('',(-1.291361173642E1,-3.299567637648E0,
-9.254847966670E1));
#2230=CARTESIAN_POINT('',(-1.267424575109E1,-3.260079521523E0,
-9.253396692574E1));
#2231=CARTESIAN_POINT('',(-1.243839444715E1,-3.203250403370E0,
-9.251945418479E1));
#2232=CARTESIAN_POINT('',(-1.220731236389E1,-3.129382568409E0,
-9.250494144384E1));
#2233=CARTESIAN_POINT('',(-1.198222867222E1,-3.038868934134E0,
-9.249042870289E1));
#2234=CARTESIAN_POINT('',(-1.176434063642E1,-2.932190960307E0,
-9.247591596193E1));
#2235=CARTESIAN_POINT('',(-1.155480724566E1,-2.809916087984E0,
-9.246140322098E1));
#2236=CARTESIAN_POINT('',(-1.135474304913E1,-2.672694721179E0,
-9.244689048003E1));
#2237=CARTESIAN_POINT('',(-1.116521222749E1,-2.521256767241E0,
-9.243237773908E1));
#2238=CARTESIAN_POINT('',(-1.098722293234E1,-2.356407754331E0,
-9.241786499812E1));
#2239=CARTESIAN_POINT('',(-1.082172192364E1,-2.179024546665E0,
-9.240335225717E1));
#2240=CARTESIAN_POINT('',(-1.066958953368E1,-1.990050680295E0,
-9.238883951622E1));
#2241=CARTESIAN_POINT('',(-1.053163498448E1,-1.790491344259E0,
-9.237432677527E1));
#2242=CARTESIAN_POINT('',(-1.040859208332E1,-1.581408033784E0,
-9.235981403431E1));
#2243=CARTESIAN_POINT('',(-1.030111531952E1,-1.363912903984E0,
-9.234530129336E1));
#2244=CARTESIAN_POINT('',(-1.020977638305E1,-1.139162854089E0,
-9.233078855241E1));
#2245=CARTESIAN_POINT('',(-1.013506112361E1,-9.083533736698E-1,
-9.231627581146E1));
#2246=CARTESIAN_POINT('',(-1.007736696632E1,-6.727121835974E-1,
-9.230176307050E1));
#2247=CARTESIAN_POINT('',(-1.003700079771E1,-4.334927055530E-1,
-9.228725032955E1));
#2248=CARTESIAN_POINT('',(-1.001417733334E1,-1.919673948329E-1,
-9.227273758860E1));
#2249=CARTESIAN_POINT('',(-1.000901797569E1,5.057902809044E-2,
-9.225822484765E1));
#2250=CARTESIAN_POINT('',(-1.002155016841E1,2.928564112487E-1,
-9.224371210669E1));
#2251=CARTESIAN_POINT('',(-1.005170725029E1,5.335760337487E-1,
-9.222919936574E1));
#2252=CARTESIAN_POINT('',(-1.009932880991E1,7.714574607317E-1,
-9.221468662479E1));
#2253=CARTESIAN_POINT('',(-1.016416153886E1,1.005235354257E0,
-9.220017388383E1));
#2254=CARTESIAN_POINT('',(-1.024586057914E1,1.233666203883E0,
-9.218566114288E1));
#2255=CARTESIAN_POINT('',(-1.034399135755E1,1.455534941143E0,
-9.217114840193E1));
#2256=CARTESIAN_POINT('',(-1.045803189724E1,1.669661402732E0,
-9.215663566098E1));
#2257=CARTESIAN_POINT('',(-1.058737559421E1,1.874906608027E0,
-9.214212292002E1));
#2258=CARTESIAN_POINT('',(-1.073133444400E1,2.070178817547E0,
-9.212761017907E1));
#2259=CARTESIAN_POINT('',(-1.088914270127E1,2.254439340133E0,
-9.211309743812E1));
#2260=CARTESIAN_POINT('',(-1.105996095295E1,2.426708057945E0,
-9.209858469717E1));
#2261=CARTESIAN_POINT('',(-1.124288058328E1,2.586068639905E0,
-9.208407195621E1));
#2262=CARTESIAN_POINT('',(-1.143692860690E1,2.731673415838E0,
-9.206955921526E1));
#2263=CARTESIAN_POINT('',(-1.164107284432E1,2.862747885400E0,
-9.205504647431E1));
#2264=CARTESIAN_POINT('',(-1.185422741234E1,2.978594837794E0,
-9.204053373336E1));
#2265=CARTESIAN_POINT('',(-1.207525850001E1,3.078598060370E0,
-9.202602099240E1));
#2266=CARTESIAN_POINT('',(-1.230299039967E1,3.162225616384E0,
-9.201150825145E1));
#2267=CARTESIAN_POINT('',(-1.253621176068E1,3.229032674475E0,
-9.199699551050E1));
#2268=CARTESIAN_POINT('',(-1.277368203292E1,3.278663874802E0,
-9.198248276955E1));
#2269=CARTESIAN_POINT('',(-1.301413806546E1,3.310855219285E0,
-9.196797002859E1));
#2270=CARTESIAN_POINT('',(-1.325630082553E1,3.325435475849E0,
-9.195345728764E1));
#2271=CARTESIAN_POINT('',(-1.349888220193E1,3.322327089254E0,
-9.193894454669E1));
#2272=CARTESIAN_POINT('',(-1.374059185677E1,3.301546593616E0,
-9.192443180574E1));
#2273=CARTESIAN_POINT('',(-1.398014408903E1,3.263204524466E0,
-9.190991906478E1));
#2274=CARTESIAN_POINT('',(-1.421626467341E1,3.207504830784E0,
-9.189540632383E1));
#2275=CARTESIAN_POINT('',(-1.444769763824E1,3.134743790161E0,
-9.188089358288E1));
#2276=CARTESIAN_POINT('',(-1.467321194622E1,3.045308432834E0,
-9.186638084193E1));
#2277=CARTESIAN_POINT('',(-1.489160804254E1,2.939674483E0,-9.185186810097E1));
#2278=CARTESIAN_POINT('',(-1.510172423555E1,2.818403828346E0,
-9.183735536002E1));
#2279=CARTESIAN_POINT('',(-1.530244287602E1,2.682141531255E0,
-9.182284261907E1));
#2280=CARTESIAN_POINT('',(-1.549269630218E1,2.531612397595E0,
-9.180832987812E1));
#2281=CARTESIAN_POINT('',(-1.567147251875E1,2.367617121337E0,
-9.179381713716E1));
#2282=CARTESIAN_POINT('',(-1.583782057998E1,2.191028025502E0,
-9.177930439621E1));
#2283=CARTESIAN_POINT('',(-1.599085564794E1,2.002784422105E0,
-9.176479165526E1));
#2284=CARTESIAN_POINT('',(-1.612976369909E1,1.803887615775E0,
-9.175027891431E1));
#2285=CARTESIAN_POINT('',(-1.625380585429E1,1.595395577611E0,
-9.173576617335E1));
#2286=CARTESIAN_POINT('',(-1.636232230900E1,1.378417317635E0,
-9.172125343240E1));
#2287=CARTESIAN_POINT('',(-1.645473584291E1,1.154106985743E0,
-9.170674069145E1));
#2288=CARTESIAN_POINT('',(-1.653055489034E1,9.236577325628E-1,
-9.169222795050E1));
#2289=CARTESIAN_POINT('',(-1.658937615490E1,6.882953628439E-1,
-9.167771520954E1));
#2290=CARTESIAN_POINT('',(-1.663088675476E1,4.492718151679E-1,
-9.166320246859E1));
#2291=CARTESIAN_POINT('',(-1.665486588690E1,2.078585026391E-1,
-9.164868972764E1));
#2292=CARTESIAN_POINT('',(-1.666118600161E1,-3.466045001050E-2,
-9.163417698669E1));
#2293=CARTESIAN_POINT('',(-1.664981348097E1,-2.769950369321E-1,
-9.161966424573E1));
#2294=CARTESIAN_POINT('',(-1.662080881764E1,-5.178562329548E-1,
-9.160515150478E1));
#2295=CARTESIAN_POINT('',(-1.657432629312E1,-7.559628501623E-1,
-9.159063876383E1));
#2296=CARTESIAN_POINT('',(-1.651061315705E1,-9.900483527832E-1,
-9.157612602288E1));
#2297=CARTESIAN_POINT('',(-1.643000831211E1,-1.218867594143E0,
-9.156161328192E1));
#2298=CARTESIAN_POINT('',(-1.633294051127E1,-1.441203439842E0,
-9.154710054097E1));
#2299=CARTESIAN_POINT('',(-1.621992607717E1,-1.655873241935E0,
-9.153258780002E1));
#2300=CARTESIAN_POINT('',(-1.609156615576E1,-1.861735129664E0,
-9.151807505907E1));
#2301=CARTESIAN_POINT('',(-1.594854351861E1,-2.057694083294E0,
-9.150356231811E1));
#2302=CARTESIAN_POINT('',(-1.579161893117E1,-2.242707758738E0,
-9.148904957716E1));
#2303=CARTESIAN_POINT('',(-1.562162710608E1,-2.415792031989E0,
-9.147453683621E1));
#2304=CARTESIAN_POINT('',(-1.543947226318E1,-2.576026233870E0,
-9.146002409525E1));
#2305=CARTESIAN_POINT('',(-1.524612331979E1,-2.722558047251E0,
-9.144551135430E1));
#2306=CARTESIAN_POINT('',(-1.504260873683E1,-2.854608040693E0,
-9.143099861335E1));
#2307=CARTESIAN_POINT('',(-1.483001104827E1,-2.971473814396E0,
-9.141648587240E1));
#2308=CARTESIAN_POINT('',(-1.460946110289E1,-3.072533736401E0,
-9.140197313144E1));
#2309=CARTESIAN_POINT('',(-1.438213204908E1,-3.157250249172E0,
-9.138746039049E1));
#2310=CARTESIAN_POINT('',(-1.414923309463E1,-3.225172728973E0,
-9.137294764954E1));
#2311=CARTESIAN_POINT('',(-1.391200307474E1,-3.275939882818E0,
-9.135843490859E1));
#2312=CARTESIAN_POINT('',(-1.367170386240E1,-3.309281670264E0,
-9.134392216763E1));
#2313=CARTESIAN_POINT('',(-1.342961365621E1,-3.325020739809E0,
-9.132940942668E1));
#2314=CARTESIAN_POINT('',(-1.318702018143E1,-3.323073372256E0,
-9.131489668573E1));
#2315=CARTESIAN_POINT('',(-1.294521384032E1,-3.303449926035E0,
-9.130038394478E1));
#2316=CARTESIAN_POINT('',(-1.270548084819E1,-3.266254782103E0,
-9.128587120382E1));
#2317=CARTESIAN_POINT('',(-1.246909639184E1,-3.211685788722E0,
-9.127135846287E1));
#2318=CARTESIAN_POINT('',(-1.223731784652E1,-3.140033209064E0,
-9.125684572192E1));
#2319=CARTESIAN_POINT('',(-1.201137808774E1,-3.051678177246E0,
-9.124233298097E1));
#2320=CARTESIAN_POINT('',(-1.179247893337E1,-2.947090671003E0,
-9.122782024001E1));
#2321=CARTESIAN_POINT('',(-1.158178475093E1,-2.826827011781E0,
-9.121330749906E1));
#2322=CARTESIAN_POINT('',(-1.138041626407E1,-2.691526905558E0,
-9.119879475811E1));
#2323=CARTESIAN_POINT('',(-1.118944459125E1,-2.541910040122E0,
-9.118428201716E1));
#2324=CARTESIAN_POINT('',(-1.100988554822E1,-2.378772256908E0,
-9.116976927620E1));
#2325=CARTESIAN_POINT('',(-1.084269424474E1,-2.202981317763E0,
-9.115525653525E1));
#2326=CARTESIAN_POINT('',(-1.068876000413E1,-2.015472289153E0,
-9.114074379430E1));
#2327=CARTESIAN_POINT('',(-1.054890163278E1,-1.817242568357E0,
-9.112623105335E1));
#2328=CARTESIAN_POINT('',(-1.042386306478E1,-1.609346578117E0,
-9.111171831239E1));
#2329=CARTESIAN_POINT('',(-1.031430940479E1,-1.392890157958E0,
-9.109720557144E1));
#2330=CARTESIAN_POINT('',(-1.022082339021E1,-1.169024682010E0,
-9.108269283049E1));
#2331=CARTESIAN_POINT('',(-1.014390229147E1,-9.389409346209E-1,
-9.106818008954E1));
#2332=CARTESIAN_POINT('',(-1.008395526697E1,-7.038627763464E-1,
-9.105366734858E1));
#2333=CARTESIAN_POINT('',(-1.004130118668E1,-4.650406339907E-1,
-9.103915460763E1));
#2334=CARTESIAN_POINT('',(-1.001616693603E1,-2.237448493439E-1,
-9.102464186668E1));
#2335=CARTESIAN_POINT('',(-1.000868620902E1,1.874107801591E-2,
-9.101012912573E1));
#2336=CARTESIAN_POINT('',(-1.001889879709E1,2.611273179080E-1,
-9.099561638477E1));
#2337=CARTESIAN_POINT('',(-1.004675037750E1,5.021245704090E-1,
-9.098110364382E1));
#2338=CARTESIAN_POINT('',(-1.009209280222E1,7.404509238918E-1,
-9.096659090287E1));
#2339=CARTESIAN_POINT('',(-1.015468488602E1,9.748386737644E-1,
-9.095207816192E1));
#2340=CARTESIAN_POINT('',(-1.023419368932E1,1.204041065640E0,
-9.093756542096E1));
#2341=CARTESIAN_POINT('',(-1.033019628922E1,1.426838927067E0,
-9.092305268001E1));
#2342=CARTESIAN_POINT('',(-1.044218202907E1,1.642047152546E0,
-9.090853993906E1));
#2343=CARTESIAN_POINT('',(-1.056955523477E1,1.848521007341E0,
-9.089402719811E1));
#2344=CARTESIAN_POINT('',(-1.071163838327E1,2.045162216544E0,
-9.087951445715E1));
#2345=CARTESIAN_POINT('',(-1.086767570645E1,2.230924807018E0,
-9.086500171620E1));
#2346=CARTESIAN_POINT('',(-1.103683721120E1,2.404820671128E0,
-9.085048897525E1));
#2347=CARTESIAN_POINT('',(-1.121822309432E1,2.565924822687E0,
-9.083597623430E1));
#2348=CARTESIAN_POINT('',(-1.141086852874E1,2.713380317132E0,
-9.082146349334E1));
#2349=CARTESIAN_POINT('',(-1.161374879563E1,2.846402809784E0,
-9.080695075239E1));
#2350=CARTESIAN_POINT('',(-1.182578473508E1,2.964284727928E0,
-9.079243801144E1));
#2351=CARTESIAN_POINT('',(-1.204584848637E1,3.066399034535E0,
-9.077792527049E1));
#2352=CARTESIAN_POINT('',(-1.227276948726E1,3.152202563589E0,
-9.076341252953E1));
#2353=CARTESIAN_POINT('',(-1.250534070047E1,3.221238909302E0,
-9.074889978858E1));
#2354=CARTESIAN_POINT('',(-1.274232503413E1,3.273140853818E0,
-9.073438704763E1));
#2355=CARTESIAN_POINT('',(-1.298246192211E1,3.307632320518E0,
-9.071987430667E1));
#2356=CARTESIAN_POINT('',(-1.322447402923E1,3.324529842532E0,
-9.070536156572E1));
#2357=CARTESIAN_POINT('',(-1.346707404566E1,3.323743538627E0,
-9.069084882477E1));
#2358=CARTESIAN_POINT('',(-1.370897153435E1,3.305277591307E0,
-9.067633608382E1));
#2359=CARTESIAN_POINT('',(-1.394887979514E1,3.269230224567E0,
-9.066182334286E1));
#2360=CARTESIAN_POINT('',(-1.418552270896E1,3.215793181416E0,
-9.064731060191E1));
#2361=CARTESIAN_POINT('',(-1.441764152578E1,3.145250703961E0,
-9.063279786096E1));
#2362=CARTESIAN_POINT('',(-1.464400156009E1,3.057978021468E0,
-9.061828512001E1));
#2363=CARTESIAN_POINT('',(-1.486339875851E1,2.954439354443E0,
-9.060377237905E1));
#2364=CARTESIAN_POINT('',(-1.507466610433E1,2.835185445352E0,
-9.058925963810E1));
#2365=CARTESIAN_POINT('',(-1.527667982513E1,2.700850629113E0,
-9.057474689715E1));
#2366=CARTESIAN_POINT('',(-1.546836537032E1,2.552149458948E0,
-9.056023415620E1));
#2367=CARTESIAN_POINT('',(-1.564870312692E1,2.389872905529E0,
-9.054572141524E1));
#2368=CARTESIAN_POINT('',(-1.581673384304E1,2.214884149653E0,
-9.053120867429E1));
#2369=CARTESIAN_POINT('',(-1.597156373038E1,2.028113990816E0,
-9.051669593334E1));
#2370=CARTESIAN_POINT('',(-1.611236921840E1,1.830555896104E0,
-9.050218319239E1));
#2371=CARTESIAN_POINT('',(-1.623840133513E1,1.623260715748E0,
-9.048767045143E1));
#2372=CARTESIAN_POINT('',(-1.634898969101E1,1.407331093447E0,
-9.047315771048E1));
#2373=CARTESIAN_POINT('',(-1.644354604492E1,1.183915601190E0,
-9.045864496953E1));
#2374=CARTESIAN_POINT('',(-1.652156743306E1,9.542026297748E-1,
-9.044413222858E1));
#2375=CARTESIAN_POINT('',(-1.658263884438E1,7.194140675255E-1,
-9.042961948762E1));
#2376=CARTESIAN_POINT('',(-1.662643542808E1,4.807988008289E-1,
-9.041510674667E1));
#2377=CARTESIAN_POINT('',(-1.665272422154E1,2.396260710628E-1,
-9.040059400572E1));
#2378=CARTESIAN_POINT('',(-1.666136538951E1,-2.821276747696E-3,
-9.038608126477E1));
#2379=CARTESIAN_POINT('',(-1.665231296792E1,-2.452536176341E-1,
-9.037156852381E1));
#2380=CARTESIAN_POINT('',(-1.662561510839E1,-4.863814064529E-1,
-9.035705578286E1));
#2381=CARTESIAN_POINT('',(-1.658141382206E1,-7.249220372284E-1,
-9.034254304191E1));
#2382=CARTESIAN_POINT('',(-1.651994422423E1,-9.596066655861E-1,
-9.032803030096E1));
#2383=CARTESIAN_POINT('',(-1.644153328375E1,-1.189186957984E0,-9.031351756E1));
#2384=CARTESIAN_POINT('',(-1.634659808378E1,-1.412441731843E0,
-9.029900481905E1));
#2385=CARTESIAN_POINT('',(-1.623564360326E1,-1.628183451259E0,
-9.028449207810E1));
#2386=CARTESIAN_POINT('',(-1.610926003082E1,-1.835264543735E0,
-9.026997933715E1));
#2387=CARTESIAN_POINT('',(-1.596811962545E1,-2.032583504348E0,
-9.025546659619E1));
#2388=CARTESIAN_POINT('',(-1.581297314065E1,-2.219090754867E0,
-9.024095385524E1));
#2389=CARTESIAN_POINT('',(-1.564464583096E1,-2.393794226666E0,
-9.022644111429E1));
#2390=CARTESIAN_POINT('',(-1.546403306236E1,-2.555764637733E0,
-9.021192837334E1));
#2391=CARTESIAN_POINT('',(-1.527209554955E1,-2.704140435702E0,
-9.019741563238E1));
#2392=CARTESIAN_POINT('',(-1.506985424581E1,-2.838132380618E0,
-9.018290289143E1));
#2393=CARTESIAN_POINT('',(-1.485838491225E1,-2.957027743060E0,
-9.016839015048E1));
#2394=CARTESIAN_POINT('',(-1.463881239573E1,-3.060194095289E0,
-9.015387740953E1));
#2395=CARTESIAN_POINT('',(-1.441230464550E1,-3.147082675255E0,
-9.013936466857E1));
#2396=CARTESIAN_POINT('',(-1.418006650068E1,-3.217231305569E0,
-9.012485192762E1));
#2397=CARTESIAN_POINT('',(-1.394333328148E1,-3.270266851915E0,
-9.011033918667E1));
#2398=CARTESIAN_POINT('',(-1.370336421833E1,-3.305907207829E0,
-9.009582644572E1));
#2399=CARTESIAN_POINT('',(-1.346143575365E1,-3.323962795253E0,
-9.008131370476E1));
#2400=CARTESIAN_POINT('',(-1.321883475258E1,-3.324337573053E0,
-9.006680096381E1));
#2401=CARTESIAN_POINT('',(-1.297685165659E1,-3.307029547434E0,
-9.005228822286E1));
#2402=CARTESIAN_POINT('',(-1.273677362425E1,-3.272130784211E0,
-9.003777548191E1));
#2403=CARTESIAN_POINT('',(-1.249987766628E1,-3.219826912889E0,
-9.002326274095E1));
#2404=CARTESIAN_POINT('',(-1.234490850292E1,-3.173539745906E0,
-9.001358758032E1));
#2405=CARTESIAN_POINT('',(-1.226837034146E1,-3.147603226225E0,-9.000875E1));
#2407=CURVE_STYLE('',#140,POSITIVE_LENGTH_MEASURE(2.E-2),#81);
#2408=PRESENTATION_STYLE_ASSIGNMENT((#2407));
#2409=STYLED_ITEM('',(#2408),#2406);
#2410=CARTESIAN_POINT('',(-1.253331803236E1,-3.225276875090E0,
-9.346278234671E1));
#2411=CARTESIAN_POINT('',(-1.245906662339E1,-3.217607240886E0,
-9.345231441115E1));
#2412=CARTESIAN_POINT('',(-1.231051912259E1,-3.197154730044E0,
-9.343139566619E1));
#2413=CARTESIAN_POINT('',(-1.208868121047E1,-3.151102378075E0,
-9.340007639416E1));
#2414=CARTESIAN_POINT('',(-1.186874125289E1,-3.089643044967E0,
-9.336879356655E1));
#2415=CARTESIAN_POINT('',(-1.165227699479E1,-3.013060282705E0,
-9.333762071261E1));
#2416=CARTESIAN_POINT('',(-1.143968708307E1,-2.921303008825E0,
-9.330646267528E1));
#2417=CARTESIAN_POINT('',(-1.123260641986E1,-2.814866919396E0,
-9.327540554029E1));
#2418=CARTESIAN_POINT('',(-1.103165643625E1,-2.693918408086E0,
-9.324439071786E1));
#2419=CARTESIAN_POINT('',(-1.083775067065E1,-2.558714049432E0,
-9.321339943138E1));
#2420=CARTESIAN_POINT('',(-1.065257078299E1,-2.410285390495E0,
-9.318254901175E1));
#2421=CARTESIAN_POINT('',(-1.047625451162E1,-2.248546886482E0,
-9.315170693654E1));
#2422=CARTESIAN_POINT('',(-1.031030424452E1,-2.074646157082E0,
-9.312097841301E1));
#2423=CARTESIAN_POINT('',(-1.015486032019E1,-1.888481675215E0,
-9.309022923037E1));
#2424=CARTESIAN_POINT('',(-1.001114139970E1,-1.691067155256E0,
-9.305952230058E1));
#2425=CARTESIAN_POINT('',(-9.880324400870E0,-1.483882928917E0,
-9.302895792131E1));
#2426=CARTESIAN_POINT('',(-9.762635576635E0,-1.267074374078E0,
-9.299843103433E1));
#2427=CARTESIAN_POINT('',(-9.658885251133E0,-1.041792932849E0,
-9.296798152419E1));
#2428=CARTESIAN_POINT('',(-9.569345669286E0,-8.081212520542E-1,
-9.293750032998E1));
#2429=CARTESIAN_POINT('',(-9.494870646719E0,-5.675024621366E-1,
-9.290705786486E1));
#2430=CARTESIAN_POINT('',(-9.436105643746E0,-3.217083463676E-1,
-9.287674850917E1));
#2431=CARTESIAN_POINT('',(-9.393263496619E0,-7.139318730507E-2,
-9.284652245231E1));
#2432=CARTESIAN_POINT('',(-9.366619237027E0,1.828178881875E-1,
-9.281632924304E1));
#2433=CARTESIAN_POINT('',(-9.359861876060E0,3.540506359565E-1,
-9.279623772168E1));
#2434=CARTESIAN_POINT('',(-9.359266620708E0,4.399364690298E-1,-9.27862E1));
#2436=CURVE_STYLE('',#140,POSITIVE_LENGTH_MEASURE(2.E-2),#81);
#2437=PRESENTATION_STYLE_ASSIGNMENT((#2436));
#2438=STYLED_ITEM('',(#2437),#2435);
#2439=CARTESIAN_POINT('',(-1.3335E1,0.E0,-9.346278234671E1));
#2440=DIRECTION('',(0.E0,0.E0,-1.E0));
#2441=DIRECTION('',(9.704699233013E-1,2.412221548025E-1,0.E0));
#2442=AXIS2_PLACEMENT_3D('',#2439,#2440,#2441);
#2444=CURVE_STYLE('',#140,POSITIVE_LENGTH_MEASURE(2.E-2),#81);
#2445=PRESENTATION_STYLE_ASSIGNMENT((#2444));
#2446=STYLED_ITEM('',(#2445),#2443);
#2447=CARTESIAN_POINT('',(-1.3335E1,3.490807453685E0,-9.329539254632E1));
#2448=CARTESIAN_POINT('',(-1.325425578799E1,3.487890110597E0,
-9.329830988940E1));
#2449=CARTESIAN_POINT('',(-1.309312271518E1,3.476450662056E0,
-9.330414635762E1));
#2450=CARTESIAN_POINT('',(-1.285356208160E1,3.442583138155E0,
-9.331290987883E1));
#2451=CARTESIAN_POINT('',(-1.261757063380E1,3.392288922750E0,
-9.332167180068E1));
#2452=CARTESIAN_POINT('',(-1.238578985897E1,3.325727853816E0,
-9.333045076327E1));
#2453=CARTESIAN_POINT('',(-1.216011625671E1,3.243540481575E0,
-9.333921635070E1));
#2454=CARTESIAN_POINT('',(-1.194054535183E1,3.145757435302E0,
-9.334801113057E1));
#2455=CARTESIAN_POINT('',(-1.172921505149E1,3.033372056481E0,
-9.335679148439E1));
#2456=CARTESIAN_POINT('',(-1.152626007335E1,2.906549645557E0,
-9.336559310742E1));
#2457=CARTESIAN_POINT('',(-1.133322142220E1,2.766262514904E0,
-9.337439188823E1));
#2458=CARTESIAN_POINT('',(-1.115082129578E1,2.613172909836E0,
-9.338319486998E1));
#2459=CARTESIAN_POINT('',(-1.097973146389E1,2.447850728786E0,
-9.339201264734E1));
#2460=CARTESIAN_POINT('',(-1.082118298999E1,2.271612691431E0,
-9.340082151768E1));
#2461=CARTESIAN_POINT('',(-1.067532560028E1,2.084658197845E0,
-9.340965566607E1));
#2462=CARTESIAN_POINT('',(-1.054357220504E1,1.888930981281E0,
-9.341846877091E1));
#2463=CARTESIAN_POINT('',(-1.042568195229E1,1.684210684728E0,
-9.342731609706E1));
#2464=CARTESIAN_POINT('',(-1.032242437914E1,1.471571715471E0,
-9.343619217804E1));
#2465=CARTESIAN_POINT('',(-1.023458443850E1,1.252579504585E0,
-9.344507558087E1));
#2466=CARTESIAN_POINT('',(-1.016278887133E1,1.029239789405E0,
-9.345393136948E1));
#2467=CARTESIAN_POINT('',(-1.012560620858E1,8.778073944754E-1,
-9.345983326220E1));
#2468=CARTESIAN_POINT('',(-1.010972312491E1,8.016819676362E-1,
-9.346278234671E1));
#2470=CURVE_STYLE('',#140,POSITIVE_LENGTH_MEASURE(2.E-2),#81);
#2471=PRESENTATION_STYLE_ASSIGNMENT((#2470));
#2472=STYLED_ITEM('',(#2471),#2469);
#2473=DIRECTION('',(7.779280799810E-13,7.071067811865E-1,7.071067811866E-1));
#2474=VECTOR('',#2473,9.681811459024E-1);
#2475=CARTESIAN_POINT('',(-1.3335E1,2.8062E0,-9.398E1));
#2476=LINE('',#2475,#2474);
#2477=CURVE_STYLE('',#140,POSITIVE_LENGTH_MEASURE(2.E-2),#81);
#2478=PRESENTATION_STYLE_ASSIGNMENT((#2477));
#2479=STYLED_ITEM('',(#2478),#2476);
#2480=CARTESIAN_POINT('',(-1.021264990677E1,-2.500185972145E0,-9.27862E1));
#2481=CARTESIAN_POINT('',(-1.026788342999E1,-2.564875291989E0,
-9.278888076659E1));
#2482=CARTESIAN_POINT('',(-1.038238695682E1,-2.690614375113E0,
-9.279424306760E1));
#2483=CARTESIAN_POINT('',(-1.056542212164E1,-2.867500860025E0,
-9.280228520756E1));
#2484=CARTESIAN_POINT('',(-1.075920995946E1,-3.032210607179E0,
-9.281033688104E1));
#2485=CARTESIAN_POINT('',(-1.096276574379E1,-3.183928639733E0,
-9.281839054202E1));
#2486=CARTESIAN_POINT('',(-1.117506553551E1,-3.322009317674E0,
-9.282644071618E1));
#2487=CARTESIAN_POINT('',(-1.139588166606E1,-3.446297990688E0,
-9.283451169253E1));
#2488=CARTESIAN_POINT('',(-1.162343210737E1,-3.555832039531E0,
-9.284257196801E1));
#2489=CARTESIAN_POINT('',(-1.185742799421E1,-3.650558097412E0,
-9.285064556678E1));
#2490=CARTESIAN_POINT('',(-1.209666593341E1,-3.729968876931E0,
-9.285872392032E1));
#2491=CARTESIAN_POINT('',(-1.233978248975E1,-3.793721873989E0,
-9.286679519554E1));
#2492=CARTESIAN_POINT('',(-1.258663105440E1,-3.841780530371E0,
-9.287488786453E1));
#2493=CARTESIAN_POINT('',(-1.283507934298E1,-3.873784333400E0,
-9.288296555390E1));
#2494=CARTESIAN_POINT('',(-1.308519160936E1,-3.889801083596E0,
-9.289106398779E1));
#2495=CARTESIAN_POINT('',(-1.325183302349E1,-3.889740146566E0,
-9.289645985343E1));
#2496=CARTESIAN_POINT('',(-1.3335E1,-3.887041576319E0,-9.289915842368E1));
#2498=CURVE_STYLE('',#140,POSITIVE_LENGTH_MEASURE(2.E-2),#81);
#2499=PRESENTATION_STYLE_ASSIGNMENT((#2498));
#2500=STYLED_ITEM('',(#2499),#2497);
#2501=DIRECTION('',(3.410605131647E-14,0.E0,-1.E0));
#2502=VECTOR('',#2501,1.562500000001E-1);
#2503=CARTESIAN_POINT('',(-1.3335E1,-4.E0,-8.7964375E1));
#2504=LINE('',#2503,#2502);
#2505=CURVE_STYLE('',#140,POSITIVE_LENGTH_MEASURE(2.E-2),#81);
#2506=PRESENTATION_STYLE_ASSIGNMENT((#2505));
#2507=STYLED_ITEM('',(#2506),#2504);
#2508=CARTESIAN_POINT('',(-1.3335E1,4.E0,-8.8745625E1));
#2509=CARTESIAN_POINT('',(-1.342601085024E1,4.E0,-8.874109849166E1));
#2510=CARTESIAN_POINT('',(-1.360816700095E1,3.993789784501E0,
-8.873203881714E1));
#2511=CARTESIAN_POINT('',(-1.388081280898E1,3.965745462643E0,
-8.871841496811E1));
#2512=CARTESIAN_POINT('',(-1.415072361443E1,3.919121359829E0,
-8.870479987301E1));
#2513=CARTESIAN_POINT('',(-1.441594130147E1,3.854393044466E0,
-8.869122974683E1));
#2514=CARTESIAN_POINT('',(-1.467603486389E1,3.771807339220E0,
-8.867766519627E1));
#2515=CARTESIAN_POINT('',(-1.493087224582E1,3.671273804263E0,
-8.866404795533E1));
#2516=CARTESIAN_POINT('',(-1.517852014088E1,3.553379909948E0,
-8.865041451771E1));
#2517=CARTESIAN_POINT('',(-1.541731082060E1,3.418902682534E0,
-8.863679219635E1));
#2518=CARTESIAN_POINT('',(-1.564540871393E1,3.269068131243E0,
-8.862322674320E1));
#2519=CARTESIAN_POINT('',(-1.586292934665E1,3.103946159221E0,
-8.860965205038E1));
#2520=CARTESIAN_POINT('',(-1.606890490072E1,2.924143021258E0,
-8.859606146836E1));
#2521=CARTESIAN_POINT('',(-1.626179318760E1,2.731072802438E0,
-8.858249577636E1));
#2522=CARTESIAN_POINT('',(-1.644144333738E1,2.524852157450E0,
-8.856890098974E1));
#2523=CARTESIAN_POINT('',(-1.660621342728E1,2.307379045316E0,
-8.855533877793E1));
#2524=CARTESIAN_POINT('',(-1.675608329502E1,2.078727386406E0,
-8.854174933419E1));
#2525=CARTESIAN_POINT('',(-1.688991052566E1,1.840501955136E0,
-8.852816731812E1));
#2526=CARTESIAN_POINT('',(-1.700712107871E1,1.593872854744E0,
-8.851459412856E1));
#2527=CARTESIAN_POINT('',(-1.710737642935E1,1.339414277760E0,
-8.850099942376E1));
#2528=CARTESIAN_POINT('',(-1.718985270837E1,1.079338905199E0,
-8.848743742244E1));
#2529=CARTESIAN_POINT('',(-1.725456022135E1,8.135946556514E-1,
-8.847384209565E1));
#2530=CARTESIAN_POINT('',(-1.730088744132E1,5.445906124688E-1,
-8.846027390696E1));
#2531=CARTESIAN_POINT('',(-1.732881598479E1,2.726701854722E-1,
-8.844668645576E1));
#2532=CARTESIAN_POINT('',(-1.733810084885E1,-4.058619120598E-4,
-8.843310482491E1));
#2533=CARTESIAN_POINT('',(-1.732878053166E1,-2.731038923082E-1,
-8.841954193014E1));
#2534=CARTESIAN_POINT('',(-1.730082025262E1,-5.451022213308E-1,
-8.840595044445E1));
#2535=CARTESIAN_POINT('',(-1.725446160284E1,-8.140470361911E-1,
-8.839238489151E1));
#2536=CARTESIAN_POINT('',(-1.718976241712E1,-1.079675800585E0,
-8.837879525797E1));
#2537=CARTESIAN_POINT('',(-1.710719918433E1,-1.339889272155E0,
-8.836522536818E1));
#2538=CARTESIAN_POINT('',(-1.700714666155E1,-1.593814505485E0,
-8.835165904228E1));
#2539=CARTESIAN_POINT('',(-1.688956778576E1,-1.841222578930E0,
-8.833804303589E1));
#2540=CARTESIAN_POINT('',(-1.675521349841E1,-2.080180696263E0,
-8.832441650033E1));
#2541=CARTESIAN_POINT('',(-1.660509444711E1,-2.308972977655E0,
-8.831081445375E1));
#2542=CARTESIAN_POINT('',(-1.644016972415E1,-2.526403153599E0,
-8.829724925857E1));
#2543=CARTESIAN_POINT('',(-1.626077153020E1,-2.732171716296E0,
-8.828367965949E1));
#2544=CARTESIAN_POINT('',(-1.606718267781E1,-2.925783475304E0,
-8.827007032638E1));
#2545=CARTESIAN_POINT('',(-1.586067505482E1,-3.105783052894E0,
-8.825645343531E1));
#2546=CARTESIAN_POINT('',(-1.564303431097E1,-3.270752903874E0,
-8.824287858467E1));
#2547=CARTESIAN_POINT('',(-1.541459809247E1,-3.420541721866E0,
-8.822930028419E1));
#2548=CARTESIAN_POINT('',(-1.517667325822E1,-3.554310248558E0,
-8.821573273028E1));
#2549=CARTESIAN_POINT('',(-1.492949821890E1,-3.671862298689E0,
-8.820212774909E1));
#2550=CARTESIAN_POINT('',(-1.467492267375E1,-3.772196626192E0,
-8.818852623482E1));
#2551=CARTESIAN_POINT('',(-1.441478910205E1,-3.854726436396E0,
-8.817496065745E1));
#2552=CARTESIAN_POINT('',(-1.414918224295E1,-3.919433922724E0,
-8.816137196051E1));
#2553=CARTESIAN_POINT('',(-1.388023670671E1,-3.965803133409E0,
-8.814780629185E1));
#2554=CARTESIAN_POINT('',(-1.360803321321E1,-3.993793884698E0,
-8.813420451872E1));
#2555=CARTESIAN_POINT('',(-1.342600517536E1,-4.E0,-8.812515122609E1));
#2556=CARTESIAN_POINT('',(-1.3335E1,-4.E0,-8.8120625E1));
#2558=CURVE_STYLE('',#140,POSITIVE_LENGTH_MEASURE(2.E-2),#81);
#2559=PRESENTATION_STYLE_ASSIGNMENT((#2558));
#2560=STYLED_ITEM('',(#2559),#2557);
#2561=CARTESIAN_POINT('',(-1.3335E1,-4.E0,-8.7964375E1));
#2562=CARTESIAN_POINT('',(-1.342600842842E1,-4.E0,-8.796890138789E1));
#2563=CARTESIAN_POINT('',(-1.360802758946E1,-3.993790925283E0,
-8.797795425114E1));
#2564=CARTESIAN_POINT('',(-1.388002919522E1,-3.965828692824E0,
-8.799154590281E1));
#2565=CARTESIAN_POINT('',(-1.414901885641E1,-3.919471947184E0,
-8.800511362820E1));
#2566=CARTESIAN_POINT('',(-1.441481354615E1,-3.854722569722E0,
-8.801871187769E1));
#2567=CARTESIAN_POINT('',(-1.467492439584E1,-3.772191963379E0,
-8.803227638632E1));
#2568=CARTESIAN_POINT('',(-1.492919281690E1,-3.671982176319E0,
-8.804586145719E1));
#2569=CARTESIAN_POINT('',(-1.517595501692E1,-3.554676933687E0,
-8.805944265737E1));
#2570=CARTESIAN_POINT('',(-1.541404032834E1,-3.420890423927E0,
-8.807301759746E1));
#2571=CARTESIAN_POINT('',(-1.564270032282E1,-3.270987241032E0,
-8.808660830397E1));
#2572=CARTESIAN_POINT('',(-1.586007767865E1,-3.106254615338E0,
-8.810016561352E1));
#2573=CARTESIAN_POINT('',(-1.606639555917E1,-2.926517432328E0,
-8.811376685464E1));
#2574=CARTESIAN_POINT('',(-1.626035315385E1,-2.732652029169E0,
-8.812739802613E1));
#2575=CARTESIAN_POINT('',(-1.644051490552E1,-2.526012842003E0,
-8.814102512366E1));
#2576=CARTESIAN_POINT('',(-1.660555589308E1,-2.308303788014E0,
-8.815460483744E1));
#2577=CARTESIAN_POINT('',(-1.675521046326E1,-2.080148376423E0,
-8.816816779083E1));
#2578=CARTESIAN_POINT('',(-1.688930915638E1,-1.841707520404E0,
-8.818176574112E1));
#2579=CARTESIAN_POINT('',(-1.700699322659E1,-1.594205964228E0,
-8.819538815983E1));
#2580=CARTESIAN_POINT('',(-1.710735360576E1,-1.339492287794E0,
-8.820899652347E1));
#2581=CARTESIAN_POINT('',(-1.718985477559E1,-1.079305066543E0,
-8.822256423608E1));
#2582=CARTESIAN_POINT('',(-1.725446205654E1,-8.140546070168E-1,
-8.823613452902E1));
#2583=CARTESIAN_POINT('',(-1.730090964426E1,-5.445588522051E-1,
-8.824972781198E1));
#2584=CARTESIAN_POINT('',(-1.732886076355E1,-2.720792522630E-1,
-8.826334299724E1));
#2585=CARTESIAN_POINT('',(-1.733810586168E1,1.035102482356E-3,
-8.827692643169E1));
#2586=CARTESIAN_POINT('',(-1.732871502038E1,2.740158210836E-1,
-8.829050352014E1));
#2587=CARTESIAN_POINT('',(-1.730074988459E1,5.456043735094E-1,
-8.830407474825E1));
#2588=CARTESIAN_POINT('',(-1.725427084022E1,8.150370437899E-1,
-8.831766521225E1));
#2589=CARTESIAN_POINT('',(-1.718940411401E1,1.080947408542E0,
-8.833127040408E1));
#2590=CARTESIAN_POINT('',(-1.710678963768E1,1.341069182494E0,
-8.834483668490E1));
#2591=CARTESIAN_POINT('',(-1.700642830525E1,1.595462361470E0,
-8.835843030127E1));
#2592=CARTESIAN_POINT('',(-1.688914725496E1,1.841978614940E0,
-8.837199992572E1));
#2593=CARTESIAN_POINT('',(-1.675514332776E1,2.080276994077E0,
-8.838558940950E1));
#2594=CARTESIAN_POINT('',(-1.660517566926E1,2.308851124331E0,
-8.839917828574E1));
#2595=CARTESIAN_POINT('',(-1.644020875325E1,2.526378211701E0,
-8.841274854293E1));
#2596=CARTESIAN_POINT('',(-1.626032979560E1,2.732644552405E0,
-8.842635250265E1));
#2597=CARTESIAN_POINT('',(-1.606728269978E1,2.925660020952E0,
-8.843992184022E1));
#2598=CARTESIAN_POINT('',(-1.586123639652E1,3.105318719452E0,
-8.845351037068E1));
#2599=CARTESIAN_POINT('',(-1.564371489262E1,3.270272336340E0,
-8.846708002430E1));
#2600=CARTESIAN_POINT('',(-1.541508562439E1,3.420266618935E0,
-8.848067189737E1));
#2601=CARTESIAN_POINT('',(-1.517643069391E1,3.554439079627E0,
-8.849428092308E1));
#2602=CARTESIAN_POINT('',(-1.492985546948E1,3.671687086868E0,
-8.850785248435E1));
#2603=CARTESIAN_POINT('',(-1.467566988769E1,3.771928850617E0,
-8.852143432771E1));
#2604=CARTESIAN_POINT('',(-1.441550423623E1,3.854529608191E0,
-8.853500249582E1));
#2605=CARTESIAN_POINT('',(-1.414947726942E1,3.919395487816E0,
-8.854861328018E1));
#2606=CARTESIAN_POINT('',(-1.387955577742E1,3.965901395964E0,
-8.856222790736E1));
#2607=CARTESIAN_POINT('',(-1.360791937357E1,3.993788611352E0,
-8.857580108690E1));
#2608=CARTESIAN_POINT('',(-1.342594644361E1,4.E0,-8.858485169498E1));
#2609=CARTESIAN_POINT('',(-1.3335E1,4.E0,-8.8589375E1));
#2611=CURVE_STYLE('',#140,POSITIVE_LENGTH_MEASURE(2.E-2),#81);
#2612=PRESENTATION_STYLE_ASSIGNMENT((#2611));
#2613=STYLED_ITEM('',(#2612),#2610);
#2614=DIRECTION('',(5.684341886078E-14,0.E0,-1.E0));
#2615=VECTOR('',#2614,1.562500000001E-1);
#2616=CARTESIAN_POINT('',(-1.3335E1,-4.E0,-8.9214375E1));
#2617=LINE('',#2616,#2615);
#2618=CURVE_STYLE('',#140,POSITIVE_LENGTH_MEASURE(2.E-2),#81);
#2619=PRESENTATION_STYLE_ASSIGNMENT((#2618));
#2620=STYLED_ITEM('',(#2619),#2617);
#2621=CARTESIAN_POINT('',(-1.3335E1,4.E0,-8.9995625E1));
#2622=CARTESIAN_POINT('',(-1.342589664279E1,4.E0,-8.999110417187E1));
#2623=CARTESIAN_POINT('',(-1.360781571157E1,3.993796996346E0,
-8.998205625419E1));
#2624=CARTESIAN_POINT('',(-1.387960152160E1,3.965898816640E0,
-8.996847563718E1));
#2625=CARTESIAN_POINT('',(-1.414961796884E1,3.919367201274E0,
-8.995485614830E1));
#2626=CARTESIAN_POINT('',(-1.441566177843E1,3.854486125713E0,
-8.994124437755E1));
#2627=CARTESIAN_POINT('',(-1.467580574272E1,3.771876909556E0,
-8.992767709785E1));
#2628=CARTESIAN_POINT('',(-1.492982156051E1,3.671701220841E0,
-8.991410431188E1));
#2629=CARTESIAN_POINT('',(-1.517653909522E1,3.554387304560E0,
-8.990052495284E1));
#2630=CARTESIAN_POINT('',(-1.541524211355E1,3.420171413672E0,
-8.988691279589E1));
#2631=CARTESIAN_POINT('',(-1.564386161233E1,3.270169083495E0,
-8.987332111137E1));
#2632=CARTESIAN_POINT('',(-1.586134055304E1,3.105228605205E0,
-8.985975352548E1));
#2633=CARTESIAN_POINT('',(-1.606722647047E1,2.925711157033E0,
-8.984617561928E1));
#2634=CARTESIAN_POINT('',(-1.626037906937E1,2.732596881825E0,
-8.983259909638E1));
#2635=CARTESIAN_POINT('',(-1.644027261851E1,2.526298575401E0,
-8.981899347183E1));
#2636=CARTESIAN_POINT('',(-1.660521822493E1,2.308790494810E0,
-8.980542460774E1));
#2637=CARTESIAN_POINT('',(-1.675514346776E1,2.080267379297E0,
-8.979183899385E1));
#2638=CARTESIAN_POINT('',(-1.688903717737E1,1.842187793859E0,
-8.977826167508E1));
#2639=CARTESIAN_POINT('',(-1.700638925405E1,1.595559844789E0,
-8.976468551436E1));
#2640=CARTESIAN_POINT('',(-1.710675476584E1,1.341163085158E0,
-8.975109166469E1));
#2641=CARTESIAN_POINT('',(-1.718936218713E1,1.081094307271E0,
-8.973752799926E1));
#2642=CARTESIAN_POINT('',(-1.725421590359E1,8.152738324930E-1,
-8.972392728541E1));
#2643=CARTESIAN_POINT('',(-1.730067735911E1,5.461170083686E-1,
-8.971035048093E1));
#2644=CARTESIAN_POINT('',(-1.732869022838E1,2.744151770783E-1,
-8.969677340104E1));
#2645=CARTESIAN_POINT('',(-1.733810364836E1,1.457912900386E-3,
-8.968319744659E1));
#2646=CARTESIAN_POINT('',(-1.732889361270E1,-2.715783269156E-1,
-8.966961794849E1));
#2647=CARTESIAN_POINT('',(-1.730098733070E1,-5.439470646688E-1,
-8.965600845453E1));
#2648=CARTESIAN_POINT('',(-1.725464648933E1,-8.131543315616E-1,
-8.964243020212E1));
#2649=CARTESIAN_POINT('',(-1.719007684574E1,-1.078519566353E0,
-8.962885479934E1));
#2650=CARTESIAN_POINT('',(-1.710764157265E1,-1.338672737870E0,
-8.961528969629E1));
#2651=CARTESIAN_POINT('',(-1.700737912914E1,-1.593312315805E0,
-8.960168653864E1));
#2652=CARTESIAN_POINT('',(-1.688981512585E1,-1.840715877962E0,
-8.958807106186E1));
#2653=CARTESIAN_POINT('',(-1.675595601407E1,-2.078916686898E0,
-8.957448934595E1));
#2654=CARTESIAN_POINT('',(-1.660633720215E1,-2.307199071391E0,
-8.956092207783E1));
#2655=CARTESIAN_POINT('',(-1.644141986363E1,-2.524894532274E0,
-8.954734662122E1));
#2656=CARTESIAN_POINT('',(-1.626141999347E1,-2.731505639329E0,
-8.953372585313E1));
#2657=CARTESIAN_POINT('',(-1.606766186017E1,-2.925325976850E0,
-8.952010326022E1));
#2658=CARTESIAN_POINT('',(-1.586167242589E1,-3.104951661545E0,
-8.950651795994E1));
#2659=CARTESIAN_POINT('',(-1.564440702569E1,-3.269783793630E0,
-8.949296207695E1));
#2660=CARTESIAN_POINT('',(-1.541560514683E1,-3.419958329080E0,
-8.947935810591E1));
#2661=CARTESIAN_POINT('',(-1.517654743710E1,-3.554404809163E0,
-8.946572502296E1));
#2662=CARTESIAN_POINT('',(-1.492885523026E1,-3.672139579417E0,
-8.945209295832E1));
#2663=CARTESIAN_POINT('',(-1.467461177316E1,-3.772299219863E0,
-8.943850997070E1));
#2664=CARTESIAN_POINT('',(-1.441452185863E1,-3.854803802394E0,
-8.942494682510E1));
#2665=CARTESIAN_POINT('',(-1.414880368162E1,-3.919514330743E0,
-8.941135273157E1));
#2666=CARTESIAN_POINT('',(-1.387987517926E1,-3.965849244122E0,
-8.939778818031E1));
#2667=CARTESIAN_POINT('',(-1.360789786588E1,-3.993798363516E0,
-8.938419779444E1));
#2668=CARTESIAN_POINT('',(-1.342595947622E1,-4.E0,-8.937514895321E1));
#2669=CARTESIAN_POINT('',(-1.3335E1,-4.E0,-8.9370625E1));
#2671=CURVE_STYLE('',#140,POSITIVE_LENGTH_MEASURE(2.E-2),#81);
#2672=PRESENTATION_STYLE_ASSIGNMENT((#2671));
#2673=STYLED_ITEM('',(#2672),#2670);
#2674=CARTESIAN_POINT('',(-1.3335E1,-4.E0,-8.9214375E1));
#2675=CARTESIAN_POINT('',(-1.342600517536E1,-4.E0,-8.921890122609E1));
#2676=CARTESIAN_POINT('',(-1.360803321321E1,-3.993793884698E0,
-8.922795451872E1));
#2677=CARTESIAN_POINT('',(-1.388023670671E1,-3.965803133409E0,
-8.924155629185E1));
#2678=CARTESIAN_POINT('',(-1.414918224295E1,-3.919433922724E0,
-8.925512196051E1));
#2679=CARTESIAN_POINT('',(-1.441478910205E1,-3.854726436396E0,
-8.926871065745E1));
#2680=CARTESIAN_POINT('',(-1.467492267375E1,-3.772196626192E0,
-8.928227623482E1));
#2681=CARTESIAN_POINT('',(-1.492949821890E1,-3.671862298689E0,
-8.929587774909E1));
#2682=CARTESIAN_POINT('',(-1.517667325822E1,-3.554310248558E0,
-8.930948273028E1));
#2683=CARTESIAN_POINT('',(-1.541459809247E1,-3.420541721866E0,
-8.932305028419E1));
#2684=CARTESIAN_POINT('',(-1.564303431097E1,-3.270752903874E0,
-8.933662858467E1));
#2685=CARTESIAN_POINT('',(-1.586067505482E1,-3.105783052894E0,
-8.935020343531E1));
#2686=CARTESIAN_POINT('',(-1.606718267781E1,-2.925783475304E0,
-8.936382032638E1));
#2687=CARTESIAN_POINT('',(-1.626077153020E1,-2.732171716296E0,
-8.937742965949E1));
#2688=CARTESIAN_POINT('',(-1.644016972415E1,-2.526403153599E0,
-8.939099925857E1));
#2689=CARTESIAN_POINT('',(-1.660509444711E1,-2.308972977655E0,
-8.940456445375E1));
#2690=CARTESIAN_POINT('',(-1.675521349841E1,-2.080180696263E0,
-8.941816650033E1));
#2691=CARTESIAN_POINT('',(-1.688956778576E1,-1.841222578930E0,
-8.943179303589E1));
#2692=CARTESIAN_POINT('',(-1.700714666155E1,-1.593814505485E0,
-8.944540904228E1));
#2693=CARTESIAN_POINT('',(-1.710719918433E1,-1.339889272155E0,
-8.945897536818E1));
#2694=CARTESIAN_POINT('',(-1.718976241712E1,-1.079675800585E0,
-8.947254525797E1));
#2695=CARTESIAN_POINT('',(-1.725446160284E1,-8.140470361911E-1,
-8.948613489151E1));
#2696=CARTESIAN_POINT('',(-1.730082025262E1,-5.451022213308E-1,
-8.949970044445E1));
#2697=CARTESIAN_POINT('',(-1.732878053166E1,-2.731038923082E-1,
-8.951329193014E1));
#2698=CARTESIAN_POINT('',(-1.733810084885E1,-4.058619120743E-4,
-8.952685482491E1));
#2699=CARTESIAN_POINT('',(-1.732881598479E1,2.726701854723E-1,
-8.954043645576E1));
#2700=CARTESIAN_POINT('',(-1.730088744132E1,5.445906124688E-1,
-8.955402390695E1));
#2701=CARTESIAN_POINT('',(-1.725456022135E1,8.135946556514E-1,
-8.956759209565E1));
#2702=CARTESIAN_POINT('',(-1.718985270837E1,1.079338905199E0,
-8.958118742244E1));
#2703=CARTESIAN_POINT('',(-1.710737642935E1,1.339414277760E0,
-8.959474942376E1));
#2704=CARTESIAN_POINT('',(-1.700712107871E1,1.593872854744E0,
-8.960834412856E1));
#2705=CARTESIAN_POINT('',(-1.688991052566E1,1.840501955136E0,
-8.962191731812E1));
#2706=CARTESIAN_POINT('',(-1.675608329502E1,2.078727386406E0,
-8.963549933419E1));
#2707=CARTESIAN_POINT('',(-1.660621342728E1,2.307379045316E0,
-8.964908877793E1));
#2708=CARTESIAN_POINT('',(-1.644144333738E1,2.524852157450E0,
-8.966265098974E1));
#2709=CARTESIAN_POINT('',(-1.626179318760E1,2.731072802438E0,
-8.967624577636E1));
#2710=CARTESIAN_POINT('',(-1.606890490072E1,2.924143021258E0,
-8.968981146836E1));
#2711=CARTESIAN_POINT('',(-1.586292934665E1,3.103946159221E0,
-8.970340205038E1));
#2712=CARTESIAN_POINT('',(-1.564540871393E1,3.269068131243E0,
-8.971697674320E1));
#2713=CARTESIAN_POINT('',(-1.541731082060E1,3.418902682534E0,
-8.973054219635E1));
#2714=CARTESIAN_POINT('',(-1.517852014088E1,3.553379909948E0,
-8.974416451771E1));
#2715=CARTESIAN_POINT('',(-1.493087224582E1,3.671273804263E0,
-8.975779795533E1));
#2716=CARTESIAN_POINT('',(-1.467603486389E1,3.771807339220E0,
-8.977141519627E1));
#2717=CARTESIAN_POINT('',(-1.441594130147E1,3.854393044466E0,
-8.978497974683E1));
#2718=CARTESIAN_POINT('',(-1.415072361443E1,3.919121359829E0,
-8.979854987301E1));
#2719=CARTESIAN_POINT('',(-1.388081280898E1,3.965745462643E0,
-8.981216496811E1));
#2720=CARTESIAN_POINT('',(-1.360816700095E1,3.993789784501E0,
-8.982578881714E1));
#2721=CARTESIAN_POINT('',(-1.342601085024E1,4.E0,-8.983484849166E1));
#2722=CARTESIAN_POINT('',(-1.3335E1,4.E0,-8.9839375E1));
#2724=CURVE_STYLE('',#140,POSITIVE_LENGTH_MEASURE(2.E-2),#81);
#2725=PRESENTATION_STYLE_ASSIGNMENT((#2724));
#2726=STYLED_ITEM('',(#2725),#2723);
#2727=DIRECTION('',(4.547473508863E-14,0.E0,-1.E0));
#2728=VECTOR('',#2727,1.562500000001E-1);
#2729=CARTESIAN_POINT('',(-1.3335E1,-4.E0,-9.0464375E1));
#2730=LINE('',#2729,#2728);
#2731=CURVE_STYLE('',#140,POSITIVE_LENGTH_MEASURE(2.E-2),#81);
#2732=PRESENTATION_STYLE_ASSIGNMENT((#2731));
#2733=STYLED_ITEM('',(#2732),#2730);
#2734=CARTESIAN_POINT('',(-1.3335E1,4.E0,-9.1245625E1));
#2735=CARTESIAN_POINT('',(-1.342600694253E1,4.E0,-9.124109868601E1));
#2736=CARTESIAN_POINT('',(-1.360813139419E1,3.993790780241E0,
-9.123204058790E1));
#2737=CARTESIAN_POINT('',(-1.388067713434E1,3.965760188553E0,
-9.121842174755E1));
#2738=CARTESIAN_POINT('',(-1.415038411734E1,3.919187754359E0,
-9.120481706235E1));
#2739=CARTESIAN_POINT('',(-1.441552455838E1,3.854510215011E0,
-9.119125126058E1));
#2740=CARTESIAN_POINT('',(-1.467566486973E1,3.771938583666E0,
-9.117768470564E1));
#2741=CARTESIAN_POINT('',(-1.493043206178E1,3.671462502971E0,
-9.116407175948E1));
#2742=CARTESIAN_POINT('',(-1.517798463086E1,3.553652714457E0,
-9.115044438354E1));
#2743=CARTESIAN_POINT('',(-1.541659066525E1,3.419335700881E0,
-9.113683395623E1));
#2744=CARTESIAN_POINT('',(-1.564464176031E1,3.269610137348E0,
-9.112327341601E1));
#2745=CARTESIAN_POINT('',(-1.586221601550E1,3.104525680958E0,
-9.110969772357E1));
#2746=CARTESIAN_POINT('',(-1.606816855448E1,2.924830317549E0,
-9.109611152901E1));
#2747=CARTESIAN_POINT('',(-1.626112846374E1,2.731785094963E0,
-9.108254419391E1));
#2748=CARTESIAN_POINT('',(-1.644078096533E1,2.525663222634E0,
-9.106895303195E1));
#2749=CARTESIAN_POINT('',(-1.660557082270E1,2.308289177949E0,
-9.105539414732E1));
#2750=CARTESIAN_POINT('',(-1.675550527648E1,2.079677125784E0,
-9.104180458612E1));
#2751=CARTESIAN_POINT('',(-1.688937728083E1,1.841531255515E0,
-9.102822493072E1));
#2752=CARTESIAN_POINT('',(-1.700666877314E1,1.594913547665E0,
-9.101465051998E1));
#2753=CARTESIAN_POINT('',(-1.710697560102E1,1.340540307967E0,
-9.100105882486E1));
#2754=CARTESIAN_POINT('',(-1.718953959211E1,1.080461790386E0,
-9.098749535568E1));
#2755=CARTESIAN_POINT('',(-1.725432955670E1,8.147025818010E-1,
-9.097389833633E1));
#2756=CARTESIAN_POINT('',(-1.730072801633E1,5.457519268801E-1,
-9.096033216442E1));
#2757=CARTESIAN_POINT('',(-1.732873958150E1,2.737905605034E-1,
-9.094674226216E1));
#2758=CARTESIAN_POINT('',(-1.733810119328E1,7.430577247310E-4,
-9.093316192470E1));
#2759=CARTESIAN_POINT('',(-1.732885517976E1,-2.720351772218E-1,
-9.091959517127E1));
#2760=CARTESIAN_POINT('',(-1.730096285149E1,-5.440585680759E-1,
-9.090600279261E1));
#2761=CARTESIAN_POINT('',(-1.725468069579E1,-8.129962655900E-1,
-9.089243823707E1));
#2762=CARTESIAN_POINT('',(-1.719003462737E1,-1.078702271308E0,
-9.087884549294E1));
#2763=CARTESIAN_POINT('',(-1.710755869233E1,-1.338877563886E0,
-9.086527872822E1));
#2764=CARTESIAN_POINT('',(-1.700752012130E1,-1.592966138189E0,
-9.085170510575E1));
#2765=CARTESIAN_POINT('',(-1.688990890930E1,-1.840570685503E0,
-9.083807960028E1));
#2766=CARTESIAN_POINT('',(-1.675554834177E1,-2.079634170162E0,
-9.082444835664E1));
#2767=CARTESIAN_POINT('',(-1.660542805075E1,-2.308498654354E0,
-9.081084327068E1));
#2768=CARTESIAN_POINT('',(-1.644059343326E1,-2.525882127798E0,
-9.079728263423E1));
#2769=CARTESIAN_POINT('',(-1.626113988299E1,-2.731783821440E0,
-9.078370624099E1));
#2770=CARTESIAN_POINT('',(-1.606745702306E1,-2.925530592875E0,
-9.077008886901E1));
#2771=CARTESIAN_POINT('',(-1.586091100384E1,-3.105593261562E0,
-9.075646848718E1));
#2772=CARTESIAN_POINT('',(-1.564325223509E1,-3.270596943010E0,
-9.074289190013E1));
#2773=CARTESIAN_POINT('',(-1.541493176546E1,-3.420338204886E0,
-9.072931970886E1));
#2774=CARTESIAN_POINT('',(-1.517691085085E1,-3.554191749269E0,
-9.071574592139E1));
#2775=CARTESIAN_POINT('',(-1.492962083445E1,-3.671810946560E0,
-9.070213435552E1));
#2776=CARTESIAN_POINT('',(-1.467500536151E1,-3.772168450238E0,
-9.068853057924E1));
#2777=CARTESIAN_POINT('',(-1.441486339264E1,-3.854703038321E0,
-9.067496452373E1));
#2778=CARTESIAN_POINT('',(-1.414940822173E1,-3.919385989736E0,
-9.066138344220E1));
#2779=CARTESIAN_POINT('',(-1.388035427972E1,-3.965790589215E0,
-9.064781216230E1));
#2780=CARTESIAN_POINT('',(-1.360804884781E1,-3.993794129496E0,
-9.063420529546E1));
#2781=CARTESIAN_POINT('',(-1.342600424777E1,-4.E0,-9.062515117996E1));
#2782=CARTESIAN_POINT('',(-1.3335E1,-4.E0,-9.0620625E1));
#2784=CURVE_STYLE('',#140,POSITIVE_LENGTH_MEASURE(2.E-2),#81);
#2785=PRESENTATION_STYLE_ASSIGNMENT((#2784));
#2786=STYLED_ITEM('',(#2785),#2783);
#2787=CARTESIAN_POINT('',(-1.3335E1,-4.E0,-9.0464375E1));
#2788=CARTESIAN_POINT('',(-1.342595947622E1,-4.E0,-9.046889895321E1));
#2789=CARTESIAN_POINT('',(-1.360789786588E1,-3.993798363516E0,
-9.047794779444E1));
#2790=CARTESIAN_POINT('',(-1.387987517926E1,-3.965849244122E0,
-9.049153818031E1));
#2791=CARTESIAN_POINT('',(-1.414880368162E1,-3.919514330743E0,
-9.050510273157E1));
#2792=CARTESIAN_POINT('',(-1.441452185863E1,-3.854803802394E0,
-9.051869682510E1));
#2793=CARTESIAN_POINT('',(-1.467461177316E1,-3.772299219863E0,
-9.053225997070E1));
#2794=CARTESIAN_POINT('',(-1.492885523026E1,-3.672139579417E0,
-9.054584295832E1));
#2795=CARTESIAN_POINT('',(-1.517654743710E1,-3.554404809163E0,
-9.055947502296E1));
#2796=CARTESIAN_POINT('',(-1.541560514683E1,-3.419958329080E0,
-9.057310810591E1));
#2797=CARTESIAN_POINT('',(-1.564440702569E1,-3.269783793630E0,
-9.058671207695E1));
#2798=CARTESIAN_POINT('',(-1.586167242589E1,-3.104951661545E0,
-9.060026795994E1));
#2799=CARTESIAN_POINT('',(-1.606766186017E1,-2.925325976850E0,
-9.061385326022E1));
#2800=CARTESIAN_POINT('',(-1.626141999347E1,-2.731505639329E0,
-9.062747585313E1));
#2801=CARTESIAN_POINT('',(-1.644141986363E1,-2.524894532274E0,
-9.064109662122E1));
#2802=CARTESIAN_POINT('',(-1.660633720215E1,-2.307199071391E0,
-9.065467207783E1));
#2803=CARTESIAN_POINT('',(-1.675595601407E1,-2.078916686898E0,
-9.066823934595E1));
#2804=CARTESIAN_POINT('',(-1.688981512585E1,-1.840715877962E0,
-9.068182106186E1));
#2805=CARTESIAN_POINT('',(-1.700737912914E1,-1.593312315805E0,
-9.069543653864E1));
#2806=CARTESIAN_POINT('',(-1.710764157265E1,-1.338672737870E0,
-9.070903969629E1));
#2807=CARTESIAN_POINT('',(-1.719007684574E1,-1.078519566353E0,
-9.072260479934E1));
#2808=CARTESIAN_POINT('',(-1.725464648933E1,-8.131543315616E-1,
-9.073618020212E1));
#2809=CARTESIAN_POINT('',(-1.730098733070E1,-5.439470646688E-1,
-9.074975845453E1));
#2810=CARTESIAN_POINT('',(-1.732889361270E1,-2.715783269156E-1,
-9.076336794849E1));
#2811=CARTESIAN_POINT('',(-1.733810364836E1,1.457912900382E-3,
-9.077694744659E1));
#2812=CARTESIAN_POINT('',(-1.732869022838E1,2.744151770783E-1,
-9.079052340104E1));
#2813=CARTESIAN_POINT('',(-1.730067735911E1,5.461170083686E-1,
-9.080410048093E1));
#2814=CARTESIAN_POINT('',(-1.725421590359E1,8.152738324930E-1,
-9.081767728541E1));
#2815=CARTESIAN_POINT('',(-1.718936218713E1,1.081094307271E0,
-9.083127799926E1));
#2816=CARTESIAN_POINT('',(-1.710675476584E1,1.341163085158E0,
-9.084484166469E1));
#2817=CARTESIAN_POINT('',(-1.700638925405E1,1.595559844789E0,
-9.085843551436E1));
#2818=CARTESIAN_POINT('',(-1.688903717737E1,1.842187793859E0,
-9.087201167508E1));
#2819=CARTESIAN_POINT('',(-1.675514346776E1,2.080267379297E0,
-9.088558899385E1));
#2820=CARTESIAN_POINT('',(-1.660521822493E1,2.308790494810E0,
-9.089917460774E1));
#2821=CARTESIAN_POINT('',(-1.644027261851E1,2.526298575401E0,
-9.091274347183E1));
#2822=CARTESIAN_POINT('',(-1.626037906937E1,2.732596881825E0,
-9.092634909638E1));
#2823=CARTESIAN_POINT('',(-1.606722647047E1,2.925711157033E0,
-9.093992561928E1));
#2824=CARTESIAN_POINT('',(-1.586134055304E1,3.105228605205E0,
-9.095350352548E1));
#2825=CARTESIAN_POINT('',(-1.564386161233E1,3.270169083495E0,
-9.096707111137E1));
#2826=CARTESIAN_POINT('',(-1.541524211355E1,3.420171413672E0,
-9.098066279589E1));
#2827=CARTESIAN_POINT('',(-1.517653909522E1,3.554387304560E0,
-9.099427495284E1));
#2828=CARTESIAN_POINT('',(-1.492982156051E1,3.671701220841E0,
-9.100785431188E1));
#2829=CARTESIAN_POINT('',(-1.467580574272E1,3.771876909556E0,
-9.102142709785E1));
#2830=CARTESIAN_POINT('',(-1.441566177843E1,3.854486125713E0,
-9.103499437755E1));
#2831=CARTESIAN_POINT('',(-1.414961796884E1,3.919367201274E0,
-9.104860614830E1));
#2832=CARTESIAN_POINT('',(-1.387960152160E1,3.965898816640E0,
-9.106222563718E1));
#2833=CARTESIAN_POINT('',(-1.360781571157E1,3.993796996346E0,
-9.107580625419E1));
#2834=CARTESIAN_POINT('',(-1.342589664279E1,4.E0,-9.108485417187E1));
#2835=CARTESIAN_POINT('',(-1.3335E1,4.E0,-9.1089375E1));
#2837=CURVE_STYLE('',#140,POSITIVE_LENGTH_MEASURE(2.E-2),#81);
#2838=PRESENTATION_STYLE_ASSIGNMENT((#2837));
#2839=STYLED_ITEM('',(#2838),#2836);
#2840=CARTESIAN_POINT('',(-1.3335E1,-4.E0,-9.1870625E1));
#2841=CARTESIAN_POINT('',(-1.342797319404E1,-4.E0,-9.187524910731E1));
#2842=CARTESIAN_POINT('',(-1.361391971521E1,-3.993514363778E0,
-9.188449733064E1));
#2843=CARTESIAN_POINT('',(-1.389148454823E1,-3.964376145858E0,
-9.189836969817E1));
#2844=CARTESIAN_POINT('',(-1.416634493767E1,-3.915969725563E0,
-9.191224207886E1));
#2845=CARTESIAN_POINT('',(-1.443716465667E1,-3.848530408374E0,
-9.192611445646E1));
#2846=CARTESIAN_POINT('',(-1.470262708161E1,-3.762386124871E0,
-9.193998681228E1));
#2847=CARTESIAN_POINT('',(-1.496144255348E1,-3.657955425909E0,
-9.195385917546E1));
#2848=CARTESIAN_POINT('',(-1.521235348919E1,-3.535745640083E0,
-9.196773156622E1));
#2849=CARTESIAN_POINT('',(-1.545413996951E1,-3.396350855520E0,
-9.198160396397E1));
#2850=CARTESIAN_POINT('',(-1.568562657831E1,-3.240448733005E0,
-9.199547635405E1));
#2851=CARTESIAN_POINT('',(-1.590568821657E1,-3.068797058922E0,
-9.200934873524E1));
#2852=CARTESIAN_POINT('',(-1.611325559274E1,-2.882229904299E0,
-9.202322112506E1));
#2853=CARTESIAN_POINT('',(-1.630731995669E1,-2.681653871154E0,
-9.203709353298E1));
#2854=CARTESIAN_POINT('',(-1.648693783477E1,-2.468044016066E0,
-9.205096594356E1));
#2855=CARTESIAN_POINT('',(-1.665123607836E1,-2.242438770662E0,
-9.206483834411E1));
#2856=CARTESIAN_POINT('',(-1.679941632180E1,-2.005934428364E0,
-9.207871074903E1));
#2857=CARTESIAN_POINT('',(-1.693075832445E1,-1.759680506605E0,
-9.209258315634E1));
#2858=CARTESIAN_POINT('',(-1.704462378225E1,-1.504873693396E0,
-9.210645557602E1));
#2859=CARTESIAN_POINT('',(-1.714045912060E1,-1.242752708006E0,
-9.212032799289E1));
#2860=CARTESIAN_POINT('',(-1.721779856078E1,-9.745915833396E-1,
-9.213420040573E1));
#2861=CARTESIAN_POINT('',(-1.727626624910E1,-7.016935090789E-1,
-9.214807282319E1));
#2862=CARTESIAN_POINT('',(-1.731557798406E1,-4.253849471606E-1,
-9.216194524102E1));
#2863=CARTESIAN_POINT('',(-1.733554269659E1,-1.470087559238E-1,
-9.217581766417E1));
#2864=CARTESIAN_POINT('',(-1.733606333581E1,1.320818667125E-1,
-9.218969008314E1));
#2865=CARTESIAN_POINT('',(-1.731713737606E1,4.105305819741E-1,
-9.220356250499E1));
#2866=CARTESIAN_POINT('',(-1.727885680806E1,6.869839252288E-1,
-9.221743492451E1));
#2867=CARTESIAN_POINT('',(-1.722140768454E1,9.600982991352E-1,
-9.223130734495E1));
#2868=CARTESIAN_POINT('',(-1.714506924452E1,1.228546206027E0,
-9.224517976298E1));
#2869=CARTESIAN_POINT('',(-1.705021250284E1,1.491022972342E0,
-9.225905218263E1));
#2870=CARTESIAN_POINT('',(-1.693729847763E1,1.746252875794E0,
-9.227292460464E1));
#2871=CARTESIAN_POINT('',(-1.680687607661E1,1.992995212695E0,
-9.228679701798E1));
#2872=CARTESIAN_POINT('',(-1.665957914093E1,2.230050881664E0,
-9.230066943081E1));
#2873=CARTESIAN_POINT('',(-1.649612363171E1,2.456267654770E0,
-9.231454183957E1));
#2874=CARTESIAN_POINT('',(-1.631730385550E1,2.670546225050E0,
-9.232841425600E1));
#2875=CARTESIAN_POINT('',(-1.612398907036E1,2.871844938587E0,
-9.234228666889E1));
#2876=CARTESIAN_POINT('',(-1.591711901772E1,3.059185303395E0,
-9.235615906868E1));
#2877=CARTESIAN_POINT('',(-1.569769907919E1,3.231656913503E0,
-9.237003146266E1));
#2878=CARTESIAN_POINT('',(-1.546679552116E1,3.388421643620E0,
-9.238390386270E1));
#2879=CARTESIAN_POINT('',(-1.522553059144E1,3.528717537961E0,
-9.239777626900E1));
#2880=CARTESIAN_POINT('',(-1.497507718926E1,3.651862555491E0,
-9.241164866622E1));
#2881=CARTESIAN_POINT('',(-1.471665284095E1,3.757258133358E0,
-9.242552104294E1));
#2882=CARTESIAN_POINT('',(-1.445151329746E1,3.844392192339E0,
-9.243939341524E1));
#2883=CARTESIAN_POINT('',(-1.418094683961E1,3.912841336186E0,
-9.245326580275E1));
#2884=CARTESIAN_POINT('',(-1.390626863350E1,3.962272749853E0,
-9.246713819825E1));
#2885=CARTESIAN_POINT('',(-1.362881465098E1,3.992446170368E0,
-9.248101055486E1));
#2886=CARTESIAN_POINT('',(-1.334993140618E1,4.003214939111E0,
-9.249488297265E1));
#2887=CARTESIAN_POINT('',(-1.307098239825E1,3.994527107835E0,
-9.250875505169E1));
#2888=CARTESIAN_POINT('',(-1.279331514378E1,3.966425347074E0,
-9.252262720106E1));
#2889=CARTESIAN_POINT('',(-1.251828022938E1,3.919045976638E0,
-9.253649936752E1));
#2890=CARTESIAN_POINT('',(-1.224721389828E1,3.852619118996E0,
-9.255037157635E1));
#2891=CARTESIAN_POINT('',(-1.198143418606E1,3.767467629782E0,
-9.256424379827E1));
#2892=CARTESIAN_POINT('',(-1.172223246574E1,3.664005149986E0,
-9.257811605449E1));
#2893=CARTESIAN_POINT('',(-1.147086895361E1,3.542734585092E0,
-9.259198832389E1));
#2894=CARTESIAN_POINT('',(-1.122856531287E1,3.404245271865E0,
-9.260586060924E1));
#2895=CARTESIAN_POINT('',(-1.099649929393E1,3.249210278855E0,
-9.261973290721E1));
#2896=CARTESIAN_POINT('',(-1.077579895476E1,3.078383183029E0,
-9.263360520964E1));
#2897=CARTESIAN_POINT('',(-1.056753693827E1,2.892594202711E0,
-9.264747751887E1));
#2898=CARTESIAN_POINT('',(-1.037272559418E1,2.692746434863E0,
-9.266134982607E1));
#2899=CARTESIAN_POINT('',(-1.019231173706E1,2.479811176313E0,
-9.267522213277E1));
#2900=CARTESIAN_POINT('',(-1.002717236965E1,2.254823567655E0,
-9.268909442615E1));
#2901=CARTESIAN_POINT('',(-9.878109991573E0,2.018877009363E0,
-9.270296671388E1));
#2902=CARTESIAN_POINT('',(-9.745849187296E0,1.773118519761E0,
-9.271683898243E1));
#2903=CARTESIAN_POINT('',(-9.631032664787E0,1.518742493777E0,
-9.273071123685E1));
#2904=CARTESIAN_POINT('',(-9.534218479048E0,1.256985474762E0,
-9.274458346697E1));
#2905=CARTESIAN_POINT('',(-9.455877106809E0,9.891198889407E-1,
-9.275845566332E1));
#2906=CARTESIAN_POINT('',(-9.396389091034E0,7.164472161896E-1,
-9.277232784748E1));
#2907=CARTESIAN_POINT('',(-9.369492064935E0,5.323444478906E-1,
-9.278157595168E1));
#2908=CARTESIAN_POINT('',(-9.359266620708E0,4.399364690298E-1,-9.27862E1));
#2910=CURVE_STYLE('',#140,POSITIVE_LENGTH_MEASURE(2.E-2),#81);
#2911=PRESENTATION_STYLE_ASSIGNMENT((#2910));
#2912=STYLED_ITEM('',(#2911),#2909);
#2913=CARTESIAN_POINT('',(-1.3335E1,0.E0,-9.27862E1));
#2914=DIRECTION('',(0.E0,0.E0,-1.E0));
#2915=DIRECTION('',(9.939333448230E-1,1.099841172574E-1,0.E0));
#2916=AXIS2_PLACEMENT_3D('',#2913,#2914,#2915);
#2918=CURVE_STYLE('',#140,POSITIVE_LENGTH_MEASURE(2.E-2),#81);
#2919=PRESENTATION_STYLE_ASSIGNMENT((#2918));
#2920=STYLED_ITEM('',(#2919),#2917);
#2921=CARTESIAN_POINT('',(-1.021264990677E1,-2.500185972145E0,-9.27862E1));
#2922=CARTESIAN_POINT('',(-1.015508625305E1,-2.428297768006E0,
-9.278161957072E1));
#2923=CARTESIAN_POINT('',(-1.004492631500E1,-2.280543762246E0,
-9.277245870883E1));
#2924=CARTESIAN_POINT('',(-9.895376572990E0,-2.048036976527E0,
-9.275871741766E1));
#2925=CARTESIAN_POINT('',(-9.762229899348E0,-1.805762630580E0,
-9.274497609328E1));
#2926=CARTESIAN_POINT('',(-9.646121608765E0,-1.554876545250E0,
-9.273123476298E1));
#2927=CARTESIAN_POINT('',(-9.547605532901E0,-1.296575465774E0,
-9.271749344143E1));
#2928=CARTESIAN_POINT('',(-9.467151506576E0,-1.032091460979E0,
-9.270375214018E1));
#2929=CARTESIAN_POINT('',(-9.405143010186E0,-7.626853026234E-1,
-9.269001083059E1));
#2930=CARTESIAN_POINT('',(-9.361875774273E0,-4.896414807703E-1,
-9.267626949851E1));
#2931=CARTESIAN_POINT('',(-9.337556261334E0,-2.142624941914E-1,
-9.266252816261E1));
#2932=CARTESIAN_POINT('',(-9.332300450115E0,6.213803339848E-2,
-9.264878684015E1));
#2933=CARTESIAN_POINT('',(-9.346133361155E0,3.382421595164E-1,
-9.263504552104E1));
#2934=CARTESIAN_POINT('',(-9.378989032550E0,6.127332962753E-1,
-9.262130419821E1));
#2935=CARTESIAN_POINT('',(-9.430710857072E0,8.843026650439E-1,
-9.260756285834E1));
#2936=CARTESIAN_POINT('',(-9.501052158757E0,1.151654818293E0,
-9.259382151815E1));
#2937=CARTESIAN_POINT('',(-9.589677375112E0,1.413514521280E0,
-9.258008019051E1));
#2938=CARTESIAN_POINT('',(-9.696163983442E0,1.668633369568E0,
-9.256633885463E1));
#2939=CARTESIAN_POINT('',(-9.820004078104E0,1.915794499960E0,
-9.255259752157E1));
#2940=CARTESIAN_POINT('',(-9.960607234777E0,2.153819489235E0,
-9.253885617504E1));
#2941=CARTESIAN_POINT('',(-1.011730276466E1,2.381572882639E0,
-9.252511483264E1));
#2942=CARTESIAN_POINT('',(-1.028934337437E1,2.597968558377E0,
-9.251137349360E1));
#2943=CARTESIAN_POINT('',(-1.047590874720E1,2.801974682283E0,
-9.249763214763E1));
#2944=CARTESIAN_POINT('',(-1.067610900711E1,2.992618186505E0,
-9.248389080592E1));
#2945=CARTESIAN_POINT('',(-1.088898959736E1,3.168990066187E0,
-9.247014945557E1));
#2946=CARTESIAN_POINT('',(-1.111353508101E1,3.330249020564E0,
-9.245640811073E1));
#2947=CARTESIAN_POINT('',(-1.134867480205E1,3.475626153100E0,
-9.244266675918E1));
#2948=CARTESIAN_POINT('',(-1.159328727384E1,3.604428069856E0,
-9.242892540800E1));
#2949=CARTESIAN_POINT('',(-1.184620588286E1,3.716040501863E0,
-9.241518406017E1));
#2950=CARTESIAN_POINT('',(-1.210622459157E1,3.809931224428E0,
-9.240144270884E1));
#2951=CARTESIAN_POINT('',(-1.237210330818E1,3.885652444038E0,
-9.238770135767E1));
#2952=CARTESIAN_POINT('',(-1.264257421120E1,3.942843072592E0,
-9.237395999909E1));
#2953=CARTESIAN_POINT('',(-1.291634720061E1,3.981230308337E0,
-9.236021864481E1));
#2954=CARTESIAN_POINT('',(-1.319211661320E1,4.000631109766E0,
-9.234647729678E1));
#2955=CARTESIAN_POINT('',(-1.346856764929E1,4.000952972464E0,
-9.233273593807E1));
#2956=CARTESIAN_POINT('',(-1.374438203798E1,3.982194293066E0,
-9.231899456264E1));
#2957=CARTESIAN_POINT('',(-1.401824408733E1,3.944444515594E0,
-9.230525318698E1));
#2958=CARTESIAN_POINT('',(-1.428884759447E1,3.887883711332E0,
-9.229151181895E1));
#2959=CARTESIAN_POINT('',(-1.455490209626E1,3.812781644228E0,
-9.227777045669E1));
#2960=CARTESIAN_POINT('',(-1.481513904787E1,3.719496394730E0,
-9.226402908632E1));
#2961=CARTESIAN_POINT('',(-1.506831737123E1,3.608472798745E0,
-9.225028770756E1));
#2962=CARTESIAN_POINT('',(-1.531322946934E1,3.480240391575E0,
-9.223654633025E1));
#2963=CARTESIAN_POINT('',(-1.554870718704E1,3.335410839830E0,
-9.222280496474E1));
#2964=CARTESIAN_POINT('',(-1.577362770158E1,3.174674774640E0,
-9.220906360230E1));
#2965=CARTESIAN_POINT('',(-1.598691847241E1,2.998798660191E0,
-9.219532223626E1));
#2966=CARTESIAN_POINT('',(-1.618756220727E1,2.808621342090E0,
-9.218158087380E1));
#2967=CARTESIAN_POINT('',(-1.637460213470E1,2.605049682098E0,
-9.216783950824E1));
#2968=CARTESIAN_POINT('',(-1.654714614456E1,2.389054650186E0,
-9.215409814861E1));
#2969=CARTESIAN_POINT('',(-1.670437150532E1,2.161666174538E0,
-9.214035678505E1));
#2970=CARTESIAN_POINT('',(-1.684552834812E1,1.923968734714E0,
-9.212661542201E1));
#2971=CARTESIAN_POINT('',(-1.696994348410E1,1.677095957836E0,
-9.211287406195E1));
#2972=CARTESIAN_POINT('',(-1.707702363179E1,1.422225055948E0,
-9.209913269822E1));
#2973=CARTESIAN_POINT('',(-1.716625805141E1,1.160571719465E0,
-9.208539134211E1));
#2974=CARTESIAN_POINT('',(-1.723722127878E1,8.933834921821E-1,
-9.207164997894E1));
#2975=CARTESIAN_POINT('',(-1.728957481362E1,6.219348857024E-1,
-9.205790862386E1));
#2976=CARTESIAN_POINT('',(-1.732306904317E1,3.475201895443E-1,
-9.204416726425E1));
#2977=CARTESIAN_POINT('',(-1.733754420268E1,7.144822605154E-2,
-9.203042590731E1));
#2978=CARTESIAN_POINT('',(-1.733293128652E1,-2.049643492876E-1,
-9.201668455652E1));
#2979=CARTESIAN_POINT('',(-1.730925227906E1,-4.803995925088E-1,
-9.200294319872E1));
#2980=CARTESIAN_POINT('',(-1.726662014373E1,-7.535436197035E-1,
-9.198920185083E1));
#2981=CARTESIAN_POINT('',(-1.720523814272E1,-1.023094162739E0,
-9.197546049513E1));
#2982=CARTESIAN_POINT('',(-1.712539908156E1,-1.287765393455E0,
-9.196171914925E1));
#2983=CARTESIAN_POINT('',(-1.702748368967E1,-1.546295301180E0,
-9.194797780327E1));
#2984=CARTESIAN_POINT('',(-1.691195873885E1,-1.797451304186E0,
-9.193423643799E1));
#2985=CARTESIAN_POINT('',(-1.677937525532E1,-2.040035316367E0,
-9.192049506993E1));
#2986=CARTESIAN_POINT('',(-1.663036568295E1,-2.272890216004E0,
-9.190675371319E1));
#2987=CARTESIAN_POINT('',(-1.646564080915E1,-2.494905409269E0,
-9.189301237683E1));
#2988=CARTESIAN_POINT('',(-1.628598594473E1,-2.705022529904E0,
-9.187927103645E1));
#2989=CARTESIAN_POINT('',(-1.609225764740E1,-2.902239695273E0,
-9.186552967913E1));
#2990=CARTESIAN_POINT('',(-1.588537999466E1,-3.085616115213E0,
-9.185178832080E1));
#2991=CARTESIAN_POINT('',(-1.566633995728E1,-3.254277012802E0,
-9.183804698388E1));
#2992=CARTESIAN_POINT('',(-1.543618189739E1,-3.407418303586E0,
-9.182430565133E1));
#2993=CARTESIAN_POINT('',(-1.519600338717E1,-3.544309705689E0,
-9.181056432012E1));
#2994=CARTESIAN_POINT('',(-1.494694949134E1,-3.664298538477E0,
-9.179682297181E1));
#2995=CARTESIAN_POINT('',(-1.469020832295E1,-3.766812347897E0,
-9.178308162839E1));
#2996=CARTESIAN_POINT('',(-1.442700461340E1,-3.851362195979E0,
-9.176934030645E1));
#2997=CARTESIAN_POINT('',(-1.415859306198E1,-3.917545060566E0,
-9.175559897884E1));
#2998=CARTESIAN_POINT('',(-1.388625397423E1,-3.965045260523E0,
-9.174185765879E1));
#2999=CARTESIAN_POINT('',(-1.361128560761E1,-3.993636329988E0,
-9.172811632078E1));
#3000=CARTESIAN_POINT('',(-1.342709520476E1,-4.E0,-9.171895543971E1));
#3001=CARTESIAN_POINT('',(-1.3335E1,-4.E0,-9.1714375E1));
#3003=CURVE_STYLE('',#140,POSITIVE_LENGTH_MEASURE(2.E-2),#81);
#3004=PRESENTATION_STYLE_ASSIGNMENT((#3003));
#3005=STYLED_ITEM('',(#3004),#3002);
#3006=DIRECTION('',(-1.136868377216E-14,0.E0,-1.E0));
#3007=VECTOR('',#3006,1.562500000001E-1);
#3008=CARTESIAN_POINT('',(-1.3335E1,-4.E0,-9.1714375E1));
#3009=LINE('',#3008,#3007);
#3010=CURVE_STYLE('',#140,POSITIVE_LENGTH_MEASURE(2.E-2),#81);
#3011=PRESENTATION_STYLE_ASSIGNMENT((#3010));
#3012=STYLED_ITEM('',(#3011),#3009);
#3013=CARTESIAN_POINT('',(-1.253331803236E1,-3.225276875090E0,
-9.346278234671E1));
#3014=CARTESIAN_POINT('',(-1.245503205879E1,-3.205817940008E0,
-9.345795345908E1));
#3015=CARTESIAN_POINT('',(-1.229987773924E1,-3.161196940033E0,
-9.344829568383E1));
#3016=CARTESIAN_POINT('',(-1.207263248296E1,-3.077510754598E0,
-9.343380902096E1));
#3017=CARTESIAN_POINT('',(-1.185207791671E1,-2.977513440024E0,
-9.341932235809E1));
#3018=CARTESIAN_POINT('',(-1.163938299138E1,-2.861734989745E0,
-9.340483569522E1));
#3019=CARTESIAN_POINT('',(-1.143567501559E1,-2.730789042520E0,
-9.339034903235E1));
#3020=CARTESIAN_POINT('',(-1.124203366225E1,-2.585369625469E0,
-9.337586236947E1));
#3021=CARTESIAN_POINT('',(-1.105948525117E1,-2.426247476884E0,
-9.336137570660E1));
#3022=CARTESIAN_POINT('',(-1.088899730812E1,-2.254265960914E0,
-9.334688904373E1));
#3023=CARTESIAN_POINT('',(-1.073147343717E1,-2.070336597724E0,
-9.333240238086E1));
#3024=CARTESIAN_POINT('',(-1.058774853145E1,-1.875434232327E0,
-9.331791571799E1));
#3025=CARTESIAN_POINT('',(-1.045858434811E1,-1.670591867806E0,
-9.330342905512E1));
#3026=CARTESIAN_POINT('',(-1.034466547093E1,-1.456895190284E0,
-9.328894239224E1));
#3027=CARTESIAN_POINT('',(-1.024659568197E1,-1.235476814680E0,
-9.327445572937E1));
#3028=CARTESIAN_POINT('',(-1.016489476145E1,-1.007510281723E0,
-9.325996906650E1));
#3029=CARTESIAN_POINT('',(-1.009999573287E1,-7.742038380701E-1,
-9.324548240363E1));
#3030=CARTESIAN_POINT('',(-1.005224256791E1,-5.367940324643E-1,
-9.323099574076E1));
#3031=CARTESIAN_POINT('',(-1.002188836338E1,-2.965391619020E-1,
-9.321650907788E1));
#3032=CARTESIAN_POINT('',(-1.000909399977E1,-5.471260252267E-2,
-9.320202241501E1));
#3033=CARTESIAN_POINT('',(-1.001392728855E1,1.874039394173E-1,
-9.318753575214E1));
#3034=CARTESIAN_POINT('',(-1.003636261278E1,4.285272207238E-1,
-9.317304908927E1));
#3035=CARTESIAN_POINT('',(-1.007628106289E1,6.673792625885E-1,
-9.315856242640E1));
#3036=CARTESIAN_POINT('',(-1.013347106686E1,9.026941240115E-1,
-9.314407576352E1));
#3037=CARTESIAN_POINT('',(-1.020762951167E1,1.133224611422E0,
-9.312958910065E1));
#3038=CARTESIAN_POINT('',(-1.029836334972E1,1.357748888937E0,
-9.311510243778E1));
#3039=CARTESIAN_POINT('',(-1.040519168212E1,1.575076954217E0,
-9.310061577491E1));
#3040=CARTESIAN_POINT('',(-1.052754830744E1,1.784056945608E0,
-9.308612911204E1));
#3041=CARTESIAN_POINT('',(-1.066478472267E1,1.983581247125E0,
-9.307164244916E1));
#3042=CARTESIAN_POINT('',(-1.081617356034E1,2.172592358939E0,
-9.305715578629E1));
#3043=CARTESIAN_POINT('',(-1.098091244366E1,2.350088502234E0,
-9.304266912342E1));
#3044=CARTESIAN_POINT('',(-1.115812823918E1,2.515128928738E0,
-9.302818246055E1));
#3045=CARTESIAN_POINT('',(-1.134688168450E1,2.666838906795E0,
-9.301369579768E1));
#3046=CARTESIAN_POINT('',(-1.154617236646E1,2.804414357529E0,
-9.299920913480E1));
#3047=CARTESIAN_POINT('',(-1.175494402344E1,2.927126116549E0,
-9.298472247193E1));
#3048=CARTESIAN_POINT('',(-1.197209014366E1,3.034323798596E0,
-9.297023580906E1));
#3049=CARTESIAN_POINT('',(-1.219645982978E1,3.125439244656E0,
-9.295574914619E1));
#3050=CARTESIAN_POINT('',(-1.242686389882E1,3.199989533260E0,
-9.294126248332E1));
#3051=CARTESIAN_POINT('',(-1.266208118493E1,3.257579540020E0,
-9.292677582044E1));
#3052=CARTESIAN_POINT('',(-1.290086501169E1,3.297904031830E0,
-9.291228915757E1));
#3053=CARTESIAN_POINT('',(-1.314194979965E1,3.320749284631E0,
-9.289780249470E1));
#3054=CARTESIAN_POINT('',(-1.338405777402E1,3.325994216177E0,
-9.288331583183E1));
#3055=CARTESIAN_POINT('',(-1.362590573702E1,3.313611027777E0,
-9.286882916896E1));
#3056=CARTESIAN_POINT('',(-1.386621186894E1,3.283665351635E0,
-9.285434250608E1));
#3057=CARTESIAN_POINT('',(-1.410370252197E1,3.236315902991E0,
-9.283985584321E1));
#3058=CARTESIAN_POINT('',(-1.433711897060E1,3.171813638914E0,
-9.282536918034E1));
#3059=CARTESIAN_POINT('',(-1.456522408305E1,3.090500428204E0,
-9.281088251747E1));
#3060=CARTESIAN_POINT('',(-1.478680887818E1,2.992807239447E0,
-9.279639585460E1));
#3061=CARTESIAN_POINT('',(-1.500069893321E1,2.879251856843E0,
-9.278190919172E1));
#3062=CARTESIAN_POINT('',(-1.520576060832E1,2.750436135890E0,
-9.276742252885E1));
#3063=CARTESIAN_POINT('',(-1.540090705500E1,2.607042813487E0,
-9.275293586598E1));
#3064=CARTESIAN_POINT('',(-1.558510397651E1,2.449831889359E0,
-9.273844920311E1));
#3065=CARTESIAN_POINT('',(-1.575737510977E1,2.279636597975E0,
-9.272396254024E1));
#3066=CARTESIAN_POINT('',(-1.591680739959E1,2.097358992320E0,
-9.270947587737E1));
#3067=CARTESIAN_POINT('',(-1.606255583804E1,1.903965162919E0,
-9.269498921449E1));
#3068=CARTESIAN_POINT('',(-1.619384794303E1,1.700480117454E0,
-9.268050255162E1));
#3069=CARTESIAN_POINT('',(-1.630998785257E1,1.487982348115E0,
-9.266601588875E1));
#3070=CARTESIAN_POINT('',(-1.641036001289E1,1.267598115479E0,
-9.265152922588E1));
#3071=CARTESIAN_POINT('',(-1.649443244096E1,1.040495479211E0,
-9.263704256301E1));
#3072=CARTESIAN_POINT('',(-1.656175954405E1,8.078781072225E-1,
-9.262255590013E1));
#3073=CARTESIAN_POINT('',(-1.661198448142E1,5.709788961054E-1,
-9.260806923726E1));
#3074=CARTESIAN_POINT('',(-1.664484105560E1,3.310534366508E-1,
-9.259358257439E1));
#3075=CARTESIAN_POINT('',(-1.666015512329E1,8.937335908499E-2,
-9.257909591152E1));
#3076=CARTESIAN_POINT('',(-1.665784551831E1,-1.527804067050E-1,
-9.256460924865E1));
#3077=CARTESIAN_POINT('',(-1.663792448182E1,-3.941244202346E-1,
-9.255012258577E1));
#3078=CARTESIAN_POINT('',(-1.660049759741E1,-6.333795327915E-1,
-9.253563592290E1));
#3079=CARTESIAN_POINT('',(-1.654576323151E1,-8.692776670586E-1,
-9.252114926003E1));
#3080=CARTESIAN_POINT('',(-1.647401148202E1,-1.100568538058E0,
-9.250666259716E1));
#3081=CARTESIAN_POINT('',(-1.638562264080E1,-1.326026279792E0,
-9.249217593429E1));
#3082=CARTESIAN_POINT('',(-1.628106517800E1,-1.544455942464E0,
-9.247768927141E1));
#3083=CARTESIAN_POINT('',(-1.616089325921E1,-1.754699825837E0,
-9.246320260854E1));
#3084=CARTESIAN_POINT('',(-1.602574380826E1,-1.955643615166E0,
-9.244871594567E1));
#3085=CARTESIAN_POINT('',(-1.587633313149E1,-2.146222287186E0,
-9.243422928280E1));
#3086=CARTESIAN_POINT('',(-1.571345312124E1,-2.325425754846E0,
-9.241974261993E1));
#3087=CARTESIAN_POINT('',(-1.553796705873E1,-2.492304220878E0,
-9.240525595705E1));
#3088=CARTESIAN_POINT('',(-1.535080503858E1,-2.645973211819E0,
-9.239076929418E1));
#3089=CARTESIAN_POINT('',(-1.515295903924E1,-2.785618265820E0,
-9.237628263131E1));
#3090=CARTESIAN_POINT('',(-1.494547766536E1,-2.910499249375E0,
-9.236179596844E1));
#3091=CARTESIAN_POINT('',(-1.472946059009E1,-3.019954280105E0,
-9.234730930557E1));
#3092=CARTESIAN_POINT('',(-1.450605272670E1,-3.113403234812E0,
-9.233282264269E1));
#3093=CARTESIAN_POINT('',(-1.427643816041E1,-3.190350824183E0,
-9.231833597982E1));
#3094=CARTESIAN_POINT('',(-1.404183387263E1,-3.250389217884E0,
-9.230384931695E1));
#3095=CARTESIAN_POINT('',(-1.380348329082E1,-3.293200206100E0,
-9.228936265408E1));
#3096=CARTESIAN_POINT('',(-1.356264969819E1,-3.318556886081E0,
-9.227487599121E1));
#3097=CARTESIAN_POINT('',(-1.332060953815E1,-3.326324864749E0,
-9.226038932833E1));
#3098=CARTESIAN_POINT('',(-1.307864564908E1,-3.316462970998E0,
-9.224590266546E1));
#3099=CARTESIAN_POINT('',(-1.283804046510E1,-3.289023473906E0,
-9.223141600259E1));
#3100=CARTESIAN_POINT('',(-1.260006921903E1,-3.244151805700E0,
-9.221692933972E1));
#3101=CARTESIAN_POINT('',(-1.236599318358E1,-3.182085790950E0,
-9.220244267685E1));
#3102=CARTESIAN_POINT('',(-1.213705298639E1,-3.103154386077E0,
-9.218795601398E1));
#3103=CARTESIAN_POINT('',(-1.191446203466E1,-3.007775935848E0,
-9.217346935110E1));
#3104=CARTESIAN_POINT('',(-1.169940008389E1,-2.896455956104E0,
-9.215898268823E1));
#3105=CARTESIAN_POINT('',(-1.149300698508E1,-2.769784454470E0,
-9.214449602536E1));
#3106=CARTESIAN_POINT('',(-1.129637664342E1,-2.628432803258E0,
-9.213000936249E1));
#3107=CARTESIAN_POINT('',(-1.111055122045E1,-2.473150181121E0,
-9.211552269962E1));
#3108=CARTESIAN_POINT('',(-1.093651561049E1,-2.304759602323E0,
-9.210103603674E1));
#3109=CARTESIAN_POINT('',(-1.077519222062E1,-2.124153554684E0,
-9.208654937387E1));
#3110=CARTESIAN_POINT('',(-1.062743608182E1,-1.932289269293E0,
-9.207206271100E1));
#3111=CARTESIAN_POINT('',(-1.049403031720E1,-1.730183647088E0,
-9.205757604813E1));
#3112=CARTESIAN_POINT('',(-1.037568199137E1,-1.518907869171E0,
-9.204308938526E1));
#3113=CARTESIAN_POINT('',(-1.027301836293E1,-1.299581719436E0,
-9.202860272238E1));
#3114=CARTESIAN_POINT('',(-1.018658355994E1,-1.073367649597E0,
-9.201411605951E1));
#3115=CARTESIAN_POINT('',(-1.011683569596E1,-8.414646180682E-1,
-9.199962939664E1));
#3116=CARTESIAN_POINT('',(-1.006414444203E1,-6.051017353635E-1,
-9.198514273377E1));
#3117=CARTESIAN_POINT('',(-1.002878906734E1,-3.655317496763E-1,
-9.197065607090E1));
#3118=CARTESIAN_POINT('',(-1.001095695911E1,-1.240244071844E-1,
-9.195616940802E1));
#3119=CARTESIAN_POINT('',(-1.001074262940E1,1.181402777394E-1,
-9.194168274515E1));
#3120=CARTESIAN_POINT('',(-1.002814721416E1,3.596788067376E-1,
-9.192719608228E1));
#3121=CARTESIAN_POINT('',(-1.006307846727E1,5.993110001457E-1,
-9.191270941941E1));
#3122=CARTESIAN_POINT('',(-1.011535124940E1,8.357667820784E-1,
-9.189822275654E1));
#3123=CARTESIAN_POINT('',(-1.018468850931E1,1.067792911966E0,
-9.188373609366E1));
#3124=CARTESIAN_POINT('',(-1.027072275219E1,1.294159626862E0,
-9.186924943079E1));
#3125=CARTESIAN_POINT('',(-1.037299798750E1,1.513667159315E0,
-9.185476276792E1));
#3126=CARTESIAN_POINT('',(-1.049097214571E1,1.725152096265E0,
-9.184027610505E1));
#3127=CARTESIAN_POINT('',(-1.062401995134E1,1.927493545253E0,
-9.182578944218E1));
#3128=CARTESIAN_POINT('',(-1.077143623700E1,2.119619075270E0,
-9.181130277930E1));
#3129=CARTESIAN_POINT('',(-1.093243968083E1,2.300510400754E0,
-9.179681611643E1));
#3130=CARTESIAN_POINT('',(-1.110617694761E1,2.469208778613E0,
-9.178232945356E1));
#3131=CARTESIAN_POINT('',(-1.129172721152E1,2.624820089660E0,
-9.176784279069E1));
#3132=CARTESIAN_POINT('',(-1.148810703659E1,2.766519577545E0,
-9.175335612782E1));
#3133=CARTESIAN_POINT('',(-1.169427558905E1,2.893556220043E0,
-9.173886946494E1));
#3134=CARTESIAN_POINT('',(-1.190914015384E1,3.005256709559E0,
-9.172438280207E1));
#3135=CARTESIAN_POINT('',(-1.213156192612E1,3.101029021724E0,
-9.170989613920E1));
#3136=CARTESIAN_POINT('',(-1.236036204705E1,3.180365553188E0,
-9.169540947633E1));
#3137=CARTESIAN_POINT('',(-1.259432785187E1,3.242845811971E0,
-9.168092281346E1));
#3138=CARTESIAN_POINT('',(-1.283221929715E1,3.288138646115E0,
-9.166643615058E1));
#3139=CARTESIAN_POINT('',(-1.307277553315E1,3.316003998825E0,
-9.165194948771E1));
#3140=CARTESIAN_POINT('',(-1.331472158647E1,3.326294180794E0,
-9.163746282484E1));
#3141=CARTESIAN_POINT('',(-1.355677511752E1,3.318954652973E0,
-9.162297616197E1));
#3142=CARTESIAN_POINT('',(-1.379765321706E1,3.294024315633E0,
-9.160848949910E1));
#3143=CARTESIAN_POINT('',(-1.403607920579E1,3.251635302190E0,
-9.159400283623E1));
#3144=CARTESIAN_POINT('',(-1.427078940082E1,3.192012278883E0,
-9.157951617335E1));
#3145=CARTESIAN_POINT('',(-1.450053981339E1,3.115471254022E0,
-9.156502951048E1));
#3146=CARTESIAN_POINT('',(-1.472411274209E1,3.022417903106E0,
-9.155054284761E1));
#3147=CARTESIAN_POINT('',(-1.494032322682E1,2.913345418703E0,
-9.153605618474E1));
#3148=CARTESIAN_POINT('',(-1.514802532923E1,2.788831896480E0,
-9.152156952187E1));
#3149=CARTESIAN_POINT('',(-1.534611820627E1,2.649537271229E0,
-9.150708285899E1));
#3150=CARTESIAN_POINT('',(-1.553355194483E1,2.496199819146E0,
-9.149259619612E1));
#3151=CARTESIAN_POINT('',(-1.570933312633E1,2.329632244893E0,
-9.147810953325E1));
#3152=CARTESIAN_POINT('',(-1.587253009198E1,2.150717374169E0,
-9.146362287038E1));
#3153=CARTESIAN_POINT('',(-1.602227788065E1,1.960403474652E0,
-9.144913620751E1));
#3154=CARTESIAN_POINT('',(-1.615778281328E1,1.759699230068E0,
-9.143464954463E1));
#3155=CARTESIAN_POINT('',(-1.627832669944E1,1.549668394071E0,
-9.142016288176E1));
#3156=CARTESIAN_POINT('',(-1.638327064384E1,1.331424152231E0,
-9.140567621889E1));
#3157=CARTESIAN_POINT('',(-1.647205843250E1,1.106123222037E0,
-9.139118955602E1));
#3158=CARTESIAN_POINT('',(-1.654421948078E1,8.749597221668E-1,
-9.137670289315E1));
#3159=CARTESIAN_POINT('',(-1.659937132752E1,6.391588435378E-1,
-9.136221623027E1));
#3160=CARTESIAN_POINT('',(-1.663722166213E1,3.999703556630E-1,
-9.134772956740E1));
#3161=CARTESIAN_POINT('',(-1.665756987383E1,1.586619827415E-1,
-9.133324290453E1));
#3162=CARTESIAN_POINT('',(-1.666030811496E1,-8.348731541350E-2,
-9.131875624166E1));
#3163=CARTESIAN_POINT('',(-1.664542187255E1,-3.251941219962E-1,
-9.130426957879E1));
#3164=CARTESIAN_POINT('',(-1.661299004526E1,-5.651773654529E-1,
-9.128978291591E1));
#3165=CARTESIAN_POINT('',(-1.656318452519E1,-8.021651092962E-1,
-9.127529625304E1));
#3166=CARTESIAN_POINT('',(-1.649626928684E1,-1.034901293502E0,
-9.126080959017E1));
#3167=CARTESIAN_POINT('',(-1.641259898804E1,-1.262152391762E0,
-9.124632292730E1));
#3168=CARTESIAN_POINT('',(-1.631261709019E1,-1.482713949298E0,
-9.123183626443E1));
#3169=CARTESIAN_POINT('',(-1.619685350788E1,-1.695416966608E0,
-9.121734960155E1));
#3170=CARTESIAN_POINT('',(-1.606592180031E1,-1.899134095277E0,
-9.120286293868E1));
#3171=CARTESIAN_POINT('',(-1.592051591932E1,-2.092785613049E0,
-9.118837627581E1));
#3172=CARTESIAN_POINT('',(-1.576140653141E1,-2.275345146467E0,
-9.117388961294E1));
#3173=CARTESIAN_POINT('',(-1.558943693312E1,-2.445845110760E0,
-9.115940295007E1));
#3174=CARTESIAN_POINT('',(-1.540551858143E1,-2.603381838143E0,
-9.114491628719E1));
#3175=CARTESIAN_POINT('',(-1.521062626301E1,-2.747120367357E0,
-9.113042962432E1));
#3176=CARTESIAN_POINT('',(-1.500579292768E1,-2.876298869044E0,
-9.111594296145E1));
#3177=CARTESIAN_POINT('',(-1.479210421371E1,-2.990232683528E0,
-9.110145629858E1));
#3178=CARTESIAN_POINT('',(-1.457069269381E1,-3.088317949582E0,
-9.108696963571E1));
#3179=CARTESIAN_POINT('',(-1.434273187237E1,-3.170034804958E0,
-9.107248297284E1));
#3180=CARTESIAN_POINT('',(-1.410942996579E1,-3.234950141707E0,
-9.105799630996E1));
#3181=CARTESIAN_POINT('',(-1.387202349875E1,-3.282719901702E0,
-9.104350964709E1));
#3182=CARTESIAN_POINT('',(-1.363177075056E1,-3.313090900179E0,
-9.102902298422E1));
#3183=CARTESIAN_POINT('',(-1.338994508611E1,-3.325902167646E0,
-9.101453632135E1));
#3184=CARTESIAN_POINT('',(-1.314782820691E1,-3.321085803033E0,
-9.100004965848E1));
#3185=CARTESIAN_POINT('',(-1.290670335794E1,-3.298667333582E0,
-9.098556299560E1));
#3186=CARTESIAN_POINT('',(-1.266784852633E1,-3.258765579542E0,
-9.097107633273E1));
#3187=CARTESIAN_POINT('',(-1.243252966785E1,-3.201592024418E0,
-9.095658966986E1));
#3188=CARTESIAN_POINT('',(-1.220199399726E1,-3.127449694078E0,
-9.094210300699E1));
#3189=CARTESIAN_POINT('',(-1.197746337792E1,-3.036731550688E0,
-9.092761634412E1));
#3190=CARTESIAN_POINT('',(-1.176012784578E1,-2.929918409971E0,
-9.091312968124E1));
#3191=CARTESIAN_POINT('',(-1.155113930206E1,-2.807576392832E0,
-9.089864301837E1));
#3192=CARTESIAN_POINT('',(-1.135160540809E1,-2.670353924859E0,
-9.088415635550E1));
#3193=CARTESIAN_POINT('',(-1.116258371452E1,-2.518978299596E0,
-9.086966969263E1));
#3194=CARTESIAN_POINT('',(-1.098507605627E1,-2.354251823814E0,
-9.085518302976E1));
#3195=CARTESIAN_POINT('',(-1.082002324263E1,-2.177047565199E0,
-9.084069636688E1));
#3196=CARTESIAN_POINT('',(-1.066830007092E1,-1.988304725002E0,
-9.082620970401E1));
#3197=CARTESIAN_POINT('',(-1.053071068993E1,-1.789023660170E0,
-9.081172304114E1));
#3198=CARTESIAN_POINT('',(-1.040798433789E1,-1.580260581355E0,
-9.079723637827E1));
#3199=CARTESIAN_POINT('',(-1.030077147740E1,-1.363121954880E0,
-9.078274971540E1));
#3200=CARTESIAN_POINT('',(-1.020964034793E1,-1.138758638355E0,
-9.076826305252E1));
#3201=CARTESIAN_POINT('',(-1.013507395406E1,-9.083597810068E-1,
-9.075377638965E1));
#3202=CARTESIAN_POINT('',(-1.007746750555E1,-6.731465210675E-1,
-9.073928972678E1));
#3203=CARTESIAN_POINT('',(-1.003712632264E1,-4.343655136088E-1,
-9.072480306391E1));
#3204=CARTESIAN_POINT('',(-1.001426421786E1,-1.932823231405E-1,
-9.071031640104E1));
#3205=CARTESIAN_POINT('',(-1.000900236277E1,4.882528401479E-2,
-9.069582973816E1));
#3206=CARTESIAN_POINT('',(-1.002136864575E1,2.906741120180E-1,
-9.068134307529E1));
#3207=CARTESIAN_POINT('',(-1.005129752422E1,5.309823365869E-1,
-9.066685641242E1));
#3208=CARTESIAN_POINT('',(-1.009863037194E1,7.684762987999E-1,
-9.065236974955E1));
#3209=CARTESIAN_POINT('',(-1.016311631985E1,1.001897255623E0,
-9.063788308668E1));
#3210=CARTESIAN_POINT('',(-1.024441358561E1,1.230008051378E0,
-9.062339642380E1));
#3211=CARTESIAN_POINT('',(-1.034209128516E1,1.451599674804E0,
-9.060890976093E1));
#3212=CARTESIAN_POINT('',(-1.045563171639E1,1.665497666937E0,
-9.059442309806E1));
#3213=CARTESIAN_POINT('',(-1.058443310304E1,1.870568345871E0,
-9.057993643519E1));
#3214=CARTESIAN_POINT('',(-1.072781278418E1,2.065724815392E0,
-9.056544977232E1));
#3215=CARTESIAN_POINT('',(-1.088501083240E1,2.249932725639E0,
-9.055096310944E1));
#3216=CARTESIAN_POINT('',(-1.105519408147E1,2.422215755269E0,
-9.053647644657E1));
#3217=CARTESIAN_POINT('',(-1.123746054222E1,2.581660786066E0,
-9.052198978370E1));
#3218=CARTESIAN_POINT('',(-1.143084418321E1,2.727422742558E0,
-9.050750312083E1));
#3219=CARTESIAN_POINT('',(-1.163432005075E1,2.858729071011E0,
-9.049301645796E1));
#3220=CARTESIAN_POINT('',(-1.184680970129E1,2.974883834043E0,
-9.047852979509E1));
#3221=CARTESIAN_POINT('',(-1.206718691728E1,3.075271399166E0,
-9.046404313221E1));
#3222=CARTESIAN_POINT('',(-1.229428367626E1,3.159359701702E0,
-9.044955646934E1));
#3223=CARTESIAN_POINT('',(-1.252689634146E1,3.226703064784E0,
-9.043506980647E1));
#3224=CARTESIAN_POINT('',(-1.276379204123E1,3.276944561489E0,
-9.042058314360E1));
#3225=CARTESIAN_POINT('',(-1.300371520339E1,3.309817906589E0,
-9.040609648073E1));
#3226=CARTESIAN_POINT('',(-1.324539420990E1,3.325148867888E0,
-9.039160981785E1));
#3227=CARTESIAN_POINT('',(-1.348754813654E1,3.322856189677E0,
-9.037712315498E1));
#3228=CARTESIAN_POINT('',(-1.372889354198E1,3.302952023391E0,
-9.036263649211E1));
#3229=CARTESIAN_POINT('',(-1.396815127013E1,3.265541863210E0,
-9.034814982924E1));
#3230=CARTESIAN_POINT('',(-1.420405322980E1,3.210823986926E0,
-9.033366316637E1));
#3231=CARTESIAN_POINT('',(-1.443534911574E1,3.139088405051E0,
-9.031917650349E1));
#3232=CARTESIAN_POINT('',(-1.466081303538E1,3.050715323732E0,
-9.030468984062E1));
#3233=CARTESIAN_POINT('',(-1.487925000618E1,2.946173129614E0,
-9.029020317775E1));
#3234=CARTESIAN_POINT('',(-1.508950228916E1,2.826015907347E0,
-9.027571651488E1));
#3235=CARTESIAN_POINT('',(-1.529045552506E1,2.690880502875E0,
-9.026122985201E1));
#3236=CARTESIAN_POINT('',(-1.548104464055E1,2.541483148086E0,
-9.024674318913E1));
#3237=CARTESIAN_POINT('',(-1.566025949323E1,2.378615664709E0,
-9.023225652626E1));
#3238=CARTESIAN_POINT('',(-1.582715022548E1,2.203141267574E0,
-9.021776986339E1));
#3239=CARTESIAN_POINT('',(-1.598083229883E1,2.015989989483E0,
-9.020328320052E1));
#3240=CARTESIAN_POINT('',(-1.612049118210E1,1.818153751937E0,
-9.018879653765E1));
#3241=CARTESIAN_POINT('',(-1.624538666848E1,1.610681107852E0,
-9.017430987477E1));
#3242=CARTESIAN_POINT('',(-1.635485679872E1,1.394671684109E0,
-9.015982321190E1));
#3243=CARTESIAN_POINT('',(-1.644832136960E1,1.171270353425E0,
-9.014533654903E1));
#3244=CARTESIAN_POINT('',(-1.652528500904E1,9.416611664016E-1,
-9.013084988616E1));
#3245=CARTESIAN_POINT('',(-1.658533980164E1,7.070610759340E-1,
-9.011636322329E1));
#3246=CARTESIAN_POINT('',(-1.662816745067E1,4.687134872310E-1,
-9.010187656041E1));
#3247=CARTESIAN_POINT('',(-1.665354096506E1,2.278816676377E-1,
-9.008738989754E1));
#3248=CARTESIAN_POINT('',(-1.666132586253E1,-1.415794881565E-2,
-9.007290323467E1));
#3249=CARTESIAN_POINT('',(-1.665148088229E1,-2.561225266479E-1,
-9.005841657180E1));
#3250=CARTESIAN_POINT('',(-1.662405820377E1,-4.967296280904E-1,
-9.004392990893E1));
#3251=CARTESIAN_POINT('',(-1.657920317007E1,-7.347040101427E-1,
-9.002944324605E1));
#3252=CARTESIAN_POINT('',(-1.651715351759E1,-9.687843834945E-1,
-9.001495658318E1));
#3253=CARTESIAN_POINT('',(-1.643823811603E1,-1.197730097492E0,
-9.000046992031E1));
#3254=CARTESIAN_POINT('',(-1.634287522534E1,-1.420327715718E0,
-8.998598325744E1));
#3255=CARTESIAN_POINT('',(-1.623157027888E1,-1.635397447330E0,
-8.997149659457E1));
#3256=CARTESIAN_POINT('',(-1.610491320461E1,-1.841799400081E0,
-8.995700993170E1));
#3257=CARTESIAN_POINT('',(-1.596357529838E1,-2.038439621864E0,
-8.994252326882E1));
#3258=CARTESIAN_POINT('',(-1.580830566598E1,-2.224275898774E0,
-8.992803660595E1));
#3259=CARTESIAN_POINT('',(-1.563992725283E1,-2.398323278955E0,
-8.991354994308E1));
#3260=CARTESIAN_POINT('',(-1.545933248228E1,-2.559659292946E0,
-8.989906328021E1));
#3261=CARTESIAN_POINT('',(-1.526747852564E1,-2.707428842864E0,
-8.988457661734E1));
#3262=CARTESIAN_POINT('',(-1.506538222911E1,-2.840848734519E0,
-8.987008995446E1));
#3263=CARTESIAN_POINT('',(-1.485411472436E1,-2.959211828422E0,
-8.985560329159E1));
#3264=CARTESIAN_POINT('',(-1.463479575144E1,-3.061890787697E0,
-8.984111662872E1));
#3265=CARTESIAN_POINT('',(-1.440858772402E1,-3.148341403037E0,
-8.982662996585E1));
#3266=CARTESIAN_POINT('',(-1.417668956849E1,-3.218105477067E0,
-8.981214330298E1));
#3267=CARTESIAN_POINT('',(-1.394033036953E1,-3.270813252841E0,
-8.979765664010E1));
#3268=CARTESIAN_POINT('',(-1.370076285581E1,-3.306185373595E0,
-8.978316997723E1));
#3269=CARTESIAN_POINT('',(-1.345925676035E1,-3.324034363341E0,
-8.976868331436E1));
#3270=CARTESIAN_POINT('',(-1.321709209113E1,-3.324265620626E0,
-8.975419665149E1));
#3271=CARTESIAN_POINT('',(-1.297555234562E1,-3.306877919488E0,
-8.973970998862E1));
#3272=CARTESIAN_POINT('',(-1.273591771296E1,-3.271963417599E0,
-8.972522332574E1));
#3273=CARTESIAN_POINT('',(-1.249945827067E1,-3.219707161676E0,
-8.971073666287E1));
#3274=CARTESIAN_POINT('',(-1.234477097078E1,-3.173493140330E0,
-8.970107888762E1));
#3275=CARTESIAN_POINT('',(-1.226837034146E1,-3.147603226225E0,-8.969625E1));
#3277=CURVE_STYLE('',#140,POSITIVE_LENGTH_MEASURE(2.E-2),#81);
#3278=PRESENTATION_STYLE_ASSIGNMENT((#3277));
#3279=STYLED_ITEM('',(#3278),#3276);
#3280=DIRECTION('',(-6.089539605995E-13,-7.071067811865E-1,7.071067811866E-1));
#3281=VECTOR('',#3280,1.528540816008E0);
#3282=CARTESIAN_POINT('',(-1.3335E1,-2.8062E0,-9.398E1));
#3283=LINE('',#3282,#3281);
#3284=CURVE_STYLE('',#140,POSITIVE_LENGTH_MEASURE(2.E-2),#81);
#3285=PRESENTATION_STYLE_ASSIGNMENT((#3284));
#3286=STYLED_ITEM('',(#3285),#3283);
#3287=CARTESIAN_POINT('',(-1.3335E1,-3.887041576319E0,-9.289915842368E1));
#3288=CARTESIAN_POINT('',(-1.342406330626E1,-3.884151684220E0,
-9.290204831578E1));
#3289=CARTESIAN_POINT('',(-1.360207967790E1,-3.872241288942E0,
-9.290783738808E1));
#3290=CARTESIAN_POINT('',(-1.386768814575E1,-3.835924779562E0,
-9.291655535609E1));
#3291=CARTESIAN_POINT('',(-1.413000083841E1,-3.781331479951E0,
-9.292528819788E1));
#3292=CARTESIAN_POINT('',(-1.438716719663E1,-3.708892482800E0,
-9.293401602535E1));
#3293=CARTESIAN_POINT('',(-1.463726322048E1,-3.619379757532E0,
-9.294271313910E1));
#3294=CARTESIAN_POINT('',(-1.488026225170E1,-3.513002555141E0,
-9.295141779215E1));
#3295=CARTESIAN_POINT('',(-1.511577023042E1,-3.389831761480E0,
-9.296015895302E1));
#3296=CARTESIAN_POINT('',(-1.534186712218E1,-3.250778475649E0,
-9.296890896993E1));
#3297=CARTESIAN_POINT('',(-1.555689969757E1,-3.097002157249E0,
-9.297764354600E1));
#3298=CARTESIAN_POINT('',(-1.576000035425E1,-2.929360682350E0,
-9.298636472260E1));
#3299=CARTESIAN_POINT('',(-1.595082307848E1,-2.748271859038E0,
-9.299509661613E1));
#3300=CARTESIAN_POINT('',(-1.612883770343E1,-2.554145117760E0,
-9.300385922973E1));
#3301=CARTESIAN_POINT('',(-1.629259692300E1,-2.348480411545E0,
-9.301262576095E1));
#3302=CARTESIAN_POINT('',(-1.644094824924E1,-2.133021562383E0,
-9.302136900370E1));
#3303=CARTESIAN_POINT('',(-1.657387139069E1,-1.908006944469E0,
-9.303012422935E1));
#3304=CARTESIAN_POINT('',(-1.669059734519E1,-1.674821263759E0,
-9.303888053367E1));
#3305=CARTESIAN_POINT('',(-1.679091926817E1,-1.433836450665E0,
-9.304766622075E1));
#3306=CARTESIAN_POINT('',(-1.687391473753E1,-1.187267597064E0,
-9.305644318774E1));
#3307=CARTESIAN_POINT('',(-1.693936613774E1,-9.362983162330E-1,
-9.306521377963E1));
#3308=CARTESIAN_POINT('',(-1.698713942018E1,-6.816244446370E-1,
-9.307399668156E1));
#3309=CARTESIAN_POINT('',(-1.701699582840E1,-4.248456415183E-1,
-9.308277967063E1));
#3310=CARTESIAN_POINT('',(-1.702885904836E1,-1.665107995212E-1,
-9.309158692073E1));
#3311=CARTESIAN_POINT('',(-1.702269677404E1,9.083161251581E-2,
-9.310037443837E1));
#3312=CARTESIAN_POINT('',(-1.699859094772E1,3.472028842437E-1,
-9.310918590030E1));
#3313=CARTESIAN_POINT('',(-1.695675087650E1,6.004658956709E-1,
-9.311799079316E1));
#3314=CARTESIAN_POINT('',(-1.689741830359E1,8.498262484839E-1,
-9.312680396639E1));
#3315=CARTESIAN_POINT('',(-1.682089211949E1,1.094062450632E0,
-9.313562538556E1));
#3316=CARTESIAN_POINT('',(-1.672774113324E1,1.331692894050E0,
-9.314444357619E1));
#3317=CARTESIAN_POINT('',(-1.661808050324E1,1.562383581053E0,
-9.315328986088E1));
#3318=CARTESIAN_POINT('',(-1.649307424342E1,1.783824323308E0,
-9.316211804633E1));
#3319=CARTESIAN_POINT('',(-1.635298471310E1,1.995780327101E0,
-9.317096011955E1));
#3320=CARTESIAN_POINT('',(-1.619887480535E1,2.196751519441E0,
-9.317979549084E1));
#3321=CARTESIAN_POINT('',(-1.603092037495E1,2.386566205770E0,
-9.318865935053E1));
#3322=CARTESIAN_POINT('',(-1.585022849948E1,2.563858367829E0,
-9.319753427027E1));
#3323=CARTESIAN_POINT('',(-1.565842587634E1,2.727235551258E0,
-9.320638924814E1));
#3324=CARTESIAN_POINT('',(-1.545595725976E1,2.876495739245E0,
-9.321525157891E1));
#3325=CARTESIAN_POINT('',(-1.524379976863E1,3.010962235703E0,
-9.322412320418E1));
#3326=CARTESIAN_POINT('',(-1.502245049363E1,3.130267053724E0,
-9.323302660652E1));
#3327=CARTESIAN_POINT('',(-1.479379803482E1,3.233355652923E0,
-9.324192972806E1));
#3328=CARTESIAN_POINT('',(-1.455961481972E1,3.319630140496E0,
-9.325081083611E1));
#3329=CARTESIAN_POINT('',(-1.432046009740E1,3.389066660872E0,
-9.325969498767E1));
#3330=CARTESIAN_POINT('',(-1.407658061502E1,3.441535879069E0,
-9.326861686196E1));
#3331=CARTESIAN_POINT('',(-1.382976182230E1,3.476552338606E0,
-9.327755530447E1));
#3332=CARTESIAN_POINT('',(-1.358198515830E1,3.493915881420E0,
-9.328648396787E1));
#3333=CARTESIAN_POINT('',(-1.341714241698E1,3.493775314865E0,
-9.329242468513E1));
#3334=CARTESIAN_POINT('',(-1.3335E1,3.490807453685E0,-9.329539254632E1));
#3336=CURVE_STYLE('',#140,POSITIVE_LENGTH_MEASURE(2.E-2),#81);
#3337=PRESENTATION_STYLE_ASSIGNMENT((#3336));
#3338=STYLED_ITEM('',(#3337),#3335);
#3339=CARTESIAN_POINT('',(1.3335E1,0.E0,-9.398E1));
#3340=DIRECTION('',(0.E0,0.E0,-1.E0));
#3341=DIRECTION('',(0.E0,1.E0,0.E0));
#3342=AXIS2_PLACEMENT_3D('',#3339,#3340,#3341);
#3344=CURVE_STYLE('',#140,POSITIVE_LENGTH_MEASURE(2.E-2),#81);
#3345=PRESENTATION_STYLE_ASSIGNMENT((#3344));
#3346=STYLED_ITEM('',(#3345),#3343);
#3347=CARTESIAN_POINT('',(1.3335E1,0.E0,-9.398E1));
#3348=DIRECTION('',(0.E0,0.E0,-1.E0));
#3349=DIRECTION('',(0.E0,-1.E0,0.E0));
#3350=AXIS2_PLACEMENT_3D('',#3347,#3348,#3349);
#3352=CURVE_STYLE('',#140,POSITIVE_LENGTH_MEASURE(2.E-2),#81);
#3353=PRESENTATION_STYLE_ASSIGNMENT((#3352));
#3354=STYLED_ITEM('',(#3353),#3351);
#3355=CARTESIAN_POINT('',(-1.3335E1,0.E0,-9.398E1));
#3356=DIRECTION('',(0.E0,0.E0,-1.E0));
#3357=DIRECTION('',(0.E0,1.E0,0.E0));
#3358=AXIS2_PLACEMENT_3D('',#3355,#3356,#3357);
#3360=CURVE_STYLE('',#140,POSITIVE_LENGTH_MEASURE(2.E-2),#81);
#3361=PRESENTATION_STYLE_ASSIGNMENT((#3360));
#3362=STYLED_ITEM('',(#3361),#3359);
#3363=CARTESIAN_POINT('',(-1.3335E1,-1.665334536938E-14,-9.398E1));
#3364=DIRECTION('',(0.E0,0.E0,-1.E0));
#3365=DIRECTION('',(0.E0,-1.E0,0.E0));
#3366=AXIS2_PLACEMENT_3D('',#3363,#3364,#3365);
#3368=CURVE_STYLE('',#140,POSITIVE_LENGTH_MEASURE(2.E-2),#81);
#3369=PRESENTATION_STYLE_ASSIGNMENT((#3368));
#3370=STYLED_ITEM('',(#3369),#3367);
#3371=CARTESIAN_POINT('',(1.413668196764E1,-3.225276875090E0,
-9.346278234671E1));
#3372=CARTESIAN_POINT('',(1.421093337661E1,-3.217607240886E0,
-9.345231441115E1));
#3373=CARTESIAN_POINT('',(1.435948087741E1,-3.197154730044E0,
-9.343139566619E1));
#3374=CARTESIAN_POINT('',(1.458131878953E1,-3.151102378075E0,
-9.340007639416E1));
#3375=CARTESIAN_POINT('',(1.480125874711E1,-3.089643044967E0,
-9.336879356655E1));
#3376=CARTESIAN_POINT('',(1.501772300521E1,-3.013060282705E0,
-9.333762071261E1));
#3377=CARTESIAN_POINT('',(1.523031291693E1,-2.921303008825E0,
-9.330646267528E1));
#3378=CARTESIAN_POINT('',(1.543739358014E1,-2.814866919396E0,
-9.327540554029E1));
#3379=CARTESIAN_POINT('',(1.563834356375E1,-2.693918408086E0,
-9.324439071786E1));
#3380=CARTESIAN_POINT('',(1.583224932935E1,-2.558714049432E0,
-9.321339943138E1));
#3381=CARTESIAN_POINT('',(1.601742921701E1,-2.410285390495E0,
-9.318254901175E1));
#3382=CARTESIAN_POINT('',(1.619374548838E1,-2.248546886482E0,
-9.315170693654E1));
#3383=CARTESIAN_POINT('',(1.635969575548E1,-2.074646157082E0,
-9.312097841301E1));
#3384=CARTESIAN_POINT('',(1.651513967981E1,-1.888481675215E0,
-9.309022923037E1));
#3385=CARTESIAN_POINT('',(1.665885860030E1,-1.691067155256E0,
-9.305952230058E1));
#3386=CARTESIAN_POINT('',(1.678967559913E1,-1.483882928917E0,
-9.302895792131E1));
#3387=CARTESIAN_POINT('',(1.690736442337E1,-1.267074374078E0,
-9.299843103433E1));
#3388=CARTESIAN_POINT('',(1.701111474887E1,-1.041792932849E0,
-9.296798152419E1));
#3389=CARTESIAN_POINT('',(1.710065433071E1,-8.081212520544E-1,
-9.293750032998E1));
#3390=CARTESIAN_POINT('',(1.717512935328E1,-5.675024621368E-1,
-9.290705786486E1));
#3391=CARTESIAN_POINT('',(1.723389435625E1,-3.217083463678E-1,
-9.287674850917E1));
#3392=CARTESIAN_POINT('',(1.727673650338E1,-7.139318730527E-2,
-9.284652245231E1));
#3393=CARTESIAN_POINT('',(1.730338076297E1,1.828178881873E-1,
-9.281632924304E1));
#3394=CARTESIAN_POINT('',(1.731013812394E1,3.540506359563E-1,
-9.279623772168E1));
#3395=CARTESIAN_POINT('',(1.731073337929E1,4.399364690297E-1,-9.27862E1));
#3397=CURVE_STYLE('',#140,POSITIVE_LENGTH_MEASURE(2.E-2),#81);
#3398=PRESENTATION_STYLE_ASSIGNMENT((#3397));
#3399=STYLED_ITEM('',(#3398),#3396);
#3400=CARTESIAN_POINT('',(1.3335E1,0.E0,-9.346278234671E1));
#3401=DIRECTION('',(0.E0,0.E0,-1.E0));
#3402=DIRECTION('',(9.704699233013E-1,2.412221548025E-1,0.E0));
#3403=AXIS2_PLACEMENT_3D('',#3400,#3401,#3402);
#3405=CURVE_STYLE('',#140,POSITIVE_LENGTH_MEASURE(2.E-2),#81);
#3406=PRESENTATION_STYLE_ASSIGNMENT((#3405));
#3407=STYLED_ITEM('',(#3406),#3404);
#3408=CARTESIAN_POINT('',(1.3335E1,3.490807453685E0,-9.329539254632E1));
#3409=CARTESIAN_POINT('',(1.341574421201E1,3.487890110597E0,-9.329830988940E1));
#3410=CARTESIAN_POINT('',(1.357687728482E1,3.476450662056E0,-9.330414635762E1));
#3411=CARTESIAN_POINT('',(1.381643791840E1,3.442583138155E0,-9.331290987883E1));
#3412=CARTESIAN_POINT('',(1.405242936620E1,3.392288922750E0,-9.332167180068E1));
#3413=CARTESIAN_POINT('',(1.428421014103E1,3.325727853816E0,-9.333045076327E1));
#3414=CARTESIAN_POINT('',(1.450988374329E1,3.243540481575E0,-9.333921635070E1));
#3415=CARTESIAN_POINT('',(1.472945464817E1,3.145757435302E0,-9.334801113057E1));
#3416=CARTESIAN_POINT('',(1.494078494851E1,3.033372056481E0,-9.335679148439E1));
#3417=CARTESIAN_POINT('',(1.514373992665E1,2.906549645557E0,-9.336559310742E1));
#3418=CARTESIAN_POINT('',(1.533677857780E1,2.766262514904E0,-9.337439188823E1));
#3419=CARTESIAN_POINT('',(1.551917870422E1,2.613172909835E0,-9.338319486998E1));
#3420=CARTESIAN_POINT('',(1.569026853611E1,2.447850728785E0,-9.339201264734E1));
#3421=CARTESIAN_POINT('',(1.584881701001E1,2.271612691430E0,-9.340082151768E1));
#3422=CARTESIAN_POINT('',(1.599467439972E1,2.084658197845E0,-9.340965566607E1));
#3423=CARTESIAN_POINT('',(1.612642779496E1,1.888930981281E0,-9.341846877091E1));
#3424=CARTESIAN_POINT('',(1.624431804771E1,1.684210684728E0,-9.342731609706E1));
#3425=CARTESIAN_POINT('',(1.634757562086E1,1.471571715471E0,-9.343619217804E1));
#3426=CARTESIAN_POINT('',(1.643541556150E1,1.252579504585E0,-9.344507558087E1));
#3427=CARTESIAN_POINT('',(1.650721112867E1,1.029239789404E0,-9.345393136948E1));
#3428=CARTESIAN_POINT('',(1.654439379142E1,8.778073944750E-1,
-9.345983326220E1));
#3429=CARTESIAN_POINT('',(1.656027687509E1,8.016819676360E-1,
-9.346278234671E1));
#3431=CURVE_STYLE('',#140,POSITIVE_LENGTH_MEASURE(2.E-2),#81);
#3432=PRESENTATION_STYLE_ASSIGNMENT((#3431));
#3433=STYLED_ITEM('',(#3432),#3430);
#3434=DIRECTION('',(7.724238718679E-13,7.071067811865E-1,7.071067811866E-1));
#3435=VECTOR('',#3434,9.681811459024E-1);
#3436=CARTESIAN_POINT('',(1.3335E1,2.8062E0,-9.398E1));
#3437=LINE('',#3436,#3435);
#3438=CURVE_STYLE('',#140,POSITIVE_LENGTH_MEASURE(2.E-2),#81);
#3439=PRESENTATION_STYLE_ASSIGNMENT((#3438));
#3440=STYLED_ITEM('',(#3439),#3437);
#3441=CARTESIAN_POINT('',(1.645735009323E1,-2.500185972145E0,-9.27862E1));
#3442=CARTESIAN_POINT('',(1.640211657001E1,-2.564875291989E0,
-9.278888076659E1));
#3443=CARTESIAN_POINT('',(1.628761304318E1,-2.690614375113E0,
-9.279424306760E1));
#3444=CARTESIAN_POINT('',(1.610457787836E1,-2.867500860025E0,
-9.280228520756E1));
#3445=CARTESIAN_POINT('',(1.591079004054E1,-3.032210607179E0,
-9.281033688104E1));
#3446=CARTESIAN_POINT('',(1.570723425621E1,-3.183928639733E0,
-9.281839054202E1));
#3447=CARTESIAN_POINT('',(1.549493446449E1,-3.322009317674E0,
-9.282644071618E1));
#3448=CARTESIAN_POINT('',(1.527411833394E1,-3.446297990688E0,
-9.283451169253E1));
#3449=CARTESIAN_POINT('',(1.504656789263E1,-3.555832039531E0,
-9.284257196801E1));
#3450=CARTESIAN_POINT('',(1.481257200579E1,-3.650558097412E0,
-9.285064556678E1));
#3451=CARTESIAN_POINT('',(1.457333406659E1,-3.729968876931E0,
-9.285872392032E1));
#3452=CARTESIAN_POINT('',(1.433021751025E1,-3.793721873989E0,
-9.286679519554E1));
#3453=CARTESIAN_POINT('',(1.408336894560E1,-3.841780530371E0,
-9.287488786453E1));
#3454=CARTESIAN_POINT('',(1.383492065702E1,-3.873784333400E0,
-9.288296555390E1));
#3455=CARTESIAN_POINT('',(1.358480839064E1,-3.889801083596E0,
-9.289106398779E1));
#3456=CARTESIAN_POINT('',(1.341816697651E1,-3.889740146566E0,
-9.289645985343E1));
#3457=CARTESIAN_POINT('',(1.3335E1,-3.887041576319E0,-9.289915842368E1));
#3459=CURVE_STYLE('',#140,POSITIVE_LENGTH_MEASURE(2.E-2),#81);
#3460=PRESENTATION_STYLE_ASSIGNMENT((#3459));
#3461=STYLED_ITEM('',(#3460),#3458);
#3462=DIRECTION('',(-2.273736754431E-14,2.273736754431E-14,-1.E0));
#3463=VECTOR('',#3462,1.562500000001E-1);
#3464=CARTESIAN_POINT('',(1.3335E1,-4.E0,-8.7964375E1));
#3465=LINE('',#3464,#3463);
#3466=CURVE_STYLE('',#140,POSITIVE_LENGTH_MEASURE(2.E-2),#81);
#3467=PRESENTATION_STYLE_ASSIGNMENT((#3466));
#3468=STYLED_ITEM('',(#3467),#3465);
#3469=CARTESIAN_POINT('',(1.3335E1,4.E0,-8.8745625E1));
#3470=CARTESIAN_POINT('',(1.324398914976E1,4.E0,-8.874109849166E1));
#3471=CARTESIAN_POINT('',(1.306183299905E1,3.993789784501E0,-8.873203881714E1));
#3472=CARTESIAN_POINT('',(1.278918719102E1,3.965745462643E0,-8.871841496811E1));
#3473=CARTESIAN_POINT('',(1.251927638557E1,3.919121359829E0,-8.870479987301E1));
#3474=CARTESIAN_POINT('',(1.225405869853E1,3.854393044466E0,-8.869122974683E1));
#3475=CARTESIAN_POINT('',(1.199396513611E1,3.771807339220E0,-8.867766519627E1));
#3476=CARTESIAN_POINT('',(1.173912775418E1,3.671273804263E0,-8.866404795533E1));
#3477=CARTESIAN_POINT('',(1.149147985912E1,3.553379909948E0,-8.865041451771E1));
#3478=CARTESIAN_POINT('',(1.125268917940E1,3.418902682534E0,-8.863679219635E1));
#3479=CARTESIAN_POINT('',(1.102459128607E1,3.269068131243E0,-8.862322674320E1));
#3480=CARTESIAN_POINT('',(1.080707065335E1,3.103946159221E0,-8.860965205038E1));
#3481=CARTESIAN_POINT('',(1.060109509928E1,2.924143021258E0,-8.859606146836E1));
#3482=CARTESIAN_POINT('',(1.040820681240E1,2.731072802438E0,-8.858249577636E1));
#3483=CARTESIAN_POINT('',(1.022855666262E1,2.524852157450E0,-8.856890098974E1));
#3484=CARTESIAN_POINT('',(1.006378657272E1,2.307379045316E0,-8.855533877793E1));
#3485=CARTESIAN_POINT('',(9.913916704984E0,2.078727386406E0,-8.854174933419E1));
#3486=CARTESIAN_POINT('',(9.780089474342E0,1.840501955136E0,-8.852816731812E1));
#3487=CARTESIAN_POINT('',(9.662878921289E0,1.593872854744E0,-8.851459412856E1));
#3488=CARTESIAN_POINT('',(9.562623570649E0,1.339414277760E0,-8.850099942376E1));
#3489=CARTESIAN_POINT('',(9.480147291625E0,1.079338905199E0,-8.848743742244E1));
#3490=CARTESIAN_POINT('',(9.415439778646E0,8.135946556514E-1,
-8.847384209565E1));
#3491=CARTESIAN_POINT('',(9.369112558678E0,5.445906124688E-1,
-8.846027390695E1));
#3492=CARTESIAN_POINT('',(9.341184015211E0,2.726701854723E-1,
-8.844668645576E1));
#3493=CARTESIAN_POINT('',(9.331899151153E0,-4.058619120702E-4,
-8.843310482491E1));
#3494=CARTESIAN_POINT('',(9.341219468343E0,-2.731038923082E-1,
-8.841954193014E1));
#3495=CARTESIAN_POINT('',(9.369179747383E0,-5.451022213308E-1,
-8.840595044445E1));
#3496=CARTESIAN_POINT('',(9.415538397158E0,-8.140470361911E-1,
-8.839238489151E1));
#3497=CARTESIAN_POINT('',(9.480237582881E0,-1.079675800585E0,
-8.837879525797E1));
#3498=CARTESIAN_POINT('',(9.562800815674E0,-1.339889272155E0,
-8.836522536818E1));
#3499=CARTESIAN_POINT('',(9.662853338451E0,-1.593814505485E0,
-8.835165904228E1));
#3500=CARTESIAN_POINT('',(9.780432214242E0,-1.841222578930E0,
-8.833804303589E1));
#3501=CARTESIAN_POINT('',(9.914786501586E0,-2.080180696263E0,
-8.832441650033E1));
#3502=CARTESIAN_POINT('',(1.006490555289E1,-2.308972977655E0,
-8.831081445375E1));
#3503=CARTESIAN_POINT('',(1.022983027585E1,-2.526403153599E0,
-8.829724925857E1));
#3504=CARTESIAN_POINT('',(1.040922846980E1,-2.732171716296E0,
-8.828367965949E1));
#3505=CARTESIAN_POINT('',(1.060281732219E1,-2.925783475304E0,
-8.827007032638E1));
#3506=CARTESIAN_POINT('',(1.080932494518E1,-3.105783052894E0,
-8.825645343530E1));
#3507=CARTESIAN_POINT('',(1.102696568903E1,-3.270752903874E0,
-8.824287858467E1));
#3508=CARTESIAN_POINT('',(1.125540190753E1,-3.420541721866E0,
-8.822930028419E1));
#3509=CARTESIAN_POINT('',(1.149332674178E1,-3.554310248558E0,
-8.821573273028E1));
#3510=CARTESIAN_POINT('',(1.174050178110E1,-3.671862298689E0,
-8.820212774909E1));
#3511=CARTESIAN_POINT('',(1.199507732625E1,-3.772196626192E0,
-8.818852623482E1));
#3512=CARTESIAN_POINT('',(1.225521089795E1,-3.854726436396E0,
-8.817496065745E1));
#3513=CARTESIAN_POINT('',(1.252081775705E1,-3.919433922724E0,
-8.816137196051E1));
#3514=CARTESIAN_POINT('',(1.278976329329E1,-3.965803133409E0,
-8.814780629185E1));
#3515=CARTESIAN_POINT('',(1.306196678679E1,-3.993793884698E0,
-8.813420451872E1));
#3516=CARTESIAN_POINT('',(1.324399482464E1,-4.E0,-8.812515122609E1));
#3517=CARTESIAN_POINT('',(1.3335E1,-4.E0,-8.8120625E1));
#3519=CURVE_STYLE('',#140,POSITIVE_LENGTH_MEASURE(2.E-2),#81);
#3520=PRESENTATION_STYLE_ASSIGNMENT((#3519));
#3521=STYLED_ITEM('',(#3520),#3518);
#3522=CARTESIAN_POINT('',(1.3335E1,-4.E0,-8.7964375E1));
#3523=CARTESIAN_POINT('',(1.324399157158E1,-4.E0,-8.796890138789E1));
#3524=CARTESIAN_POINT('',(1.306197241054E1,-3.993790925283E0,
-8.797795425114E1));
#3525=CARTESIAN_POINT('',(1.278997080478E1,-3.965828692824E0,
-8.799154590281E1));
#3526=CARTESIAN_POINT('',(1.252098114359E1,-3.919471947184E0,
-8.800511362820E1));
#3527=CARTESIAN_POINT('',(1.225518645385E1,-3.854722569722E0,
-8.801871187769E1));
#3528=CARTESIAN_POINT('',(1.199507560416E1,-3.772191963379E0,
-8.803227638632E1));
#3529=CARTESIAN_POINT('',(1.174080718310E1,-3.671982176319E0,
-8.804586145719E1));
#3530=CARTESIAN_POINT('',(1.149404498308E1,-3.554676933687E0,
-8.805944265737E1));
#3531=CARTESIAN_POINT('',(1.125595967166E1,-3.420890423927E0,
-8.807301759746E1));
#3532=CARTESIAN_POINT('',(1.102729967718E1,-3.270987241032E0,
-8.808660830397E1));
#3533=CARTESIAN_POINT('',(1.080992232135E1,-3.106254615338E0,
-8.810016561352E1));
#3534=CARTESIAN_POINT('',(1.060360444083E1,-2.926517432328E0,
-8.811376685464E1));
#3535=CARTESIAN_POINT('',(1.040964684615E1,-2.732652029169E0,
-8.812739802613E1));
#3536=CARTESIAN_POINT('',(1.022948509448E1,-2.526012842003E0,
-8.814102512366E1));
#3537=CARTESIAN_POINT('',(1.006444410692E1,-2.308303788014E0,
-8.815460483744E1));
#3538=CARTESIAN_POINT('',(9.914789536744E0,-2.080148376423E0,
-8.816816779083E1));
#3539=CARTESIAN_POINT('',(9.780690843625E0,-1.841707520404E0,
-8.818176574112E1));
#3540=CARTESIAN_POINT('',(9.663006773407E0,-1.594205964228E0,
-8.819538815983E1));
#3541=CARTESIAN_POINT('',(9.562646394239E0,-1.339492287794E0,
-8.820899652347E1));
#3542=CARTESIAN_POINT('',(9.480145224405E0,-1.079305066543E0,
-8.822256423608E1));
#3543=CARTESIAN_POINT('',(9.415537943456E0,-8.140546070168E-1,
-8.823613452902E1));
#3544=CARTESIAN_POINT('',(9.369090355736E0,-5.445588522052E-1,
-8.824972781198E1));
#3545=CARTESIAN_POINT('',(9.341139236451E0,-2.720792522629E-1,
-8.826334299724E1));
#3546=CARTESIAN_POINT('',(9.331894138324E0,1.035102482361E-3,
-8.827692643169E1));
#3547=CARTESIAN_POINT('',(9.341284979622E0,2.740158210836E-1,
-8.829050352014E1));
#3548=CARTESIAN_POINT('',(9.369250115415E0,5.456043735094E-1,
-8.830407474825E1));
#3549=CARTESIAN_POINT('',(9.415729159777E0,8.150370437899E-1,
-8.831766521225E1));
#3550=CARTESIAN_POINT('',(9.480595885989E0,1.080947408542E0,-8.833127040408E1));
#3551=CARTESIAN_POINT('',(9.563210362317E0,1.341069182494E0,-8.834483668490E1));
#3552=CARTESIAN_POINT('',(9.663571694754E0,1.595462361470E0,-8.835843030127E1));
#3553=CARTESIAN_POINT('',(9.780852745039E0,1.841978614940E0,-8.837199992572E1));
#3554=CARTESIAN_POINT('',(9.914856672241E0,2.080276994077E0,-8.838558940950E1));
#3555=CARTESIAN_POINT('',(1.006482433074E1,2.308851124331E0,-8.839917828574E1));
#3556=CARTESIAN_POINT('',(1.022979124675E1,2.526378211701E0,-8.841274854293E1));
#3557=CARTESIAN_POINT('',(1.040967020440E1,2.732644552405E0,-8.842635250265E1));
#3558=CARTESIAN_POINT('',(1.060271730022E1,2.925660020952E0,-8.843992184022E1));
#3559=CARTESIAN_POINT('',(1.080876360348E1,3.105318719452E0,-8.845351037068E1));
#3560=CARTESIAN_POINT('',(1.102628510738E1,3.270272336340E0,-8.846708002430E1));
#3561=CARTESIAN_POINT('',(1.125491437561E1,3.420266618935E0,-8.848067189737E1));
#3562=CARTESIAN_POINT('',(1.149356930609E1,3.554439079627E0,-8.849428092308E1));
#3563=CARTESIAN_POINT('',(1.174014453052E1,3.671687086868E0,-8.850785248435E1));
#3564=CARTESIAN_POINT('',(1.199433011231E1,3.771928850617E0,-8.852143432771E1));
#3565=CARTESIAN_POINT('',(1.225449576377E1,3.854529608191E0,-8.853500249582E1));
#3566=CARTESIAN_POINT('',(1.252052273058E1,3.919395487816E0,-8.854861328018E1));
#3567=CARTESIAN_POINT('',(1.279044422258E1,3.965901395964E0,-8.856222790736E1));
#3568=CARTESIAN_POINT('',(1.306208062643E1,3.993788611352E0,-8.857580108690E1));
#3569=CARTESIAN_POINT('',(1.324405355639E1,4.E0,-8.858485169498E1));
#3570=CARTESIAN_POINT('',(1.3335E1,4.E0,-8.8589375E1));
#3572=CURVE_STYLE('',#140,POSITIVE_LENGTH_MEASURE(2.E-2),#81);
#3573=PRESENTATION_STYLE_ASSIGNMENT((#3572));
#3574=STYLED_ITEM('',(#3573),#3571);
#3575=DIRECTION('',(0.E0,0.E0,-1.E0));
#3576=VECTOR('',#3575,1.562500000001E-1);
#3577=CARTESIAN_POINT('',(1.3335E1,-4.E0,-8.9214375E1));
#3578=LINE('',#3577,#3576);
#3579=CURVE_STYLE('',#140,POSITIVE_LENGTH_MEASURE(2.E-2),#81);
#3580=PRESENTATION_STYLE_ASSIGNMENT((#3579));
#3581=STYLED_ITEM('',(#3580),#3578);
#3582=CARTESIAN_POINT('',(1.3335E1,4.E0,-8.9995625E1));
#3583=CARTESIAN_POINT('',(1.324410335721E1,4.E0,-8.999110417187E1));
#3584=CARTESIAN_POINT('',(1.306218428843E1,3.993796996346E0,-8.998205625419E1));
#3585=CARTESIAN_POINT('',(1.279039847840E1,3.965898816640E0,-8.996847563718E1));
#3586=CARTESIAN_POINT('',(1.252038203116E1,3.919367201274E0,-8.995485614830E1));
#3587=CARTESIAN_POINT('',(1.225433822157E1,3.854486125713E0,-8.994124437755E1));
#3588=CARTESIAN_POINT('',(1.199419425728E1,3.771876909556E0,-8.992767709785E1));
#3589=CARTESIAN_POINT('',(1.174017843949E1,3.671701220841E0,-8.991410431188E1));
#3590=CARTESIAN_POINT('',(1.149346090478E1,3.554387304560E0,-8.990052495284E1));
#3591=CARTESIAN_POINT('',(1.125475788645E1,3.420171413672E0,-8.988691279589E1));
#3592=CARTESIAN_POINT('',(1.102613838767E1,3.270169083495E0,-8.987332111137E1));
#3593=CARTESIAN_POINT('',(1.080865944696E1,3.105228605205E0,-8.985975352548E1));
#3594=CARTESIAN_POINT('',(1.060277352953E1,2.925711157033E0,-8.984617561928E1));
#3595=CARTESIAN_POINT('',(1.040962093063E1,2.732596881825E0,-8.983259909638E1));
#3596=CARTESIAN_POINT('',(1.022972738149E1,2.526298575401E0,-8.981899347183E1));
#3597=CARTESIAN_POINT('',(1.006478177507E1,2.308790494810E0,-8.980542460774E1));
#3598=CARTESIAN_POINT('',(9.914856532243E0,2.080267379297E0,-8.979183899385E1));
#3599=CARTESIAN_POINT('',(9.780962822632E0,1.842187793859E0,-8.977826167508E1));
#3600=CARTESIAN_POINT('',(9.663610745950E0,1.595559844789E0,-8.976468551436E1));
#3601=CARTESIAN_POINT('',(9.563245234162E0,1.341163085158E0,-8.975109166469E1));
#3602=CARTESIAN_POINT('',(9.480637812872E0,1.081094307271E0,-8.973752799926E1));
#3603=CARTESIAN_POINT('',(9.415784096411E0,8.152738324930E-1,
-8.972392728541E1));
#3604=CARTESIAN_POINT('',(9.369322640887E0,5.461170083686E-1,
-8.971035048093E1));
#3605=CARTESIAN_POINT('',(9.341309771616E0,2.744151770783E-1,
-8.969677340104E1));
#3606=CARTESIAN_POINT('',(9.331896351641E0,1.457912900354E-3,
-8.968319744659E1));
#3607=CARTESIAN_POINT('',(9.341106387300E0,-2.715783269156E-1,
-8.966961794849E1));
#3608=CARTESIAN_POINT('',(9.369012669296E0,-5.439470646688E-1,
-8.965600845453E1));
#3609=CARTESIAN_POINT('',(9.415353510668E0,-8.131543315616E-1,
-8.964243020212E1));
#3610=CARTESIAN_POINT('',(9.479923154263E0,-1.078519566353E0,
-8.962885479934E1));
#3611=CARTESIAN_POINT('',(9.562358427352E0,-1.338672737870E0,
-8.961528969629E1));
#3612=CARTESIAN_POINT('',(9.662620870864E0,-1.593312315805E0,
-8.960168653864E1));
#3613=CARTESIAN_POINT('',(9.780184874153E0,-1.840715877962E0,
-8.958807106186E1));
#3614=CARTESIAN_POINT('',(9.914043985929E0,-2.078916686898E0,
-8.957448934595E1));
#3615=CARTESIAN_POINT('',(1.006366279785E1,-2.307199071391E0,
-8.956092207783E1));
#3616=CARTESIAN_POINT('',(1.022858013637E1,-2.524894532274E0,
-8.954734662122E1));
#3617=CARTESIAN_POINT('',(1.040858000653E1,-2.731505639329E0,
-8.953372585313E1));
#3618=CARTESIAN_POINT('',(1.060233813983E1,-2.925325976850E0,
-8.952010326022E1));
#3619=CARTESIAN_POINT('',(1.080832757411E1,-3.104951661545E0,
-8.950651795994E1));
#3620=CARTESIAN_POINT('',(1.102559297431E1,-3.269783793630E0,
-8.949296207695E1));
#3621=CARTESIAN_POINT('',(1.125439485317E1,-3.419958329080E0,
-8.947935810591E1));
#3622=CARTESIAN_POINT('',(1.149345256290E1,-3.554404809163E0,
-8.946572502296E1));
#3623=CARTESIAN_POINT('',(1.174114476974E1,-3.672139579417E0,
-8.945209295832E1));
#3624=CARTESIAN_POINT('',(1.199538822684E1,-3.772299219863E0,
-8.943850997070E1));
#3625=CARTESIAN_POINT('',(1.225547814137E1,-3.854803802394E0,
-8.942494682510E1));
#3626=CARTESIAN_POINT('',(1.252119631838E1,-3.919514330743E0,
-8.941135273157E1));
#3627=CARTESIAN_POINT('',(1.279012482074E1,-3.965849244122E0,
-8.939778818031E1));
#3628=CARTESIAN_POINT('',(1.306210213412E1,-3.993798363516E0,
-8.938419779444E1));
#3629=CARTESIAN_POINT('',(1.324404052378E1,-4.E0,-8.937514895321E1));
#3630=CARTESIAN_POINT('',(1.3335E1,-4.E0,-8.9370625E1));
#3632=CURVE_STYLE('',#140,POSITIVE_LENGTH_MEASURE(2.E-2),#81);
#3633=PRESENTATION_STYLE_ASSIGNMENT((#3632));
#3634=STYLED_ITEM('',(#3633),#3631);
#3635=CARTESIAN_POINT('',(1.3335E1,-4.E0,-8.9214375E1));
#3636=CARTESIAN_POINT('',(1.324399482464E1,-4.E0,-8.921890122609E1));
#3637=CARTESIAN_POINT('',(1.306196678679E1,-3.993793884698E0,
-8.922795451872E1));
#3638=CARTESIAN_POINT('',(1.278976329329E1,-3.965803133409E0,
-8.924155629185E1));
#3639=CARTESIAN_POINT('',(1.252081775705E1,-3.919433922724E0,
-8.925512196051E1));
#3640=CARTESIAN_POINT('',(1.225521089795E1,-3.854726436396E0,
-8.926871065745E1));
#3641=CARTESIAN_POINT('',(1.199507732625E1,-3.772196626192E0,
-8.928227623482E1));
#3642=CARTESIAN_POINT('',(1.174050178110E1,-3.671862298689E0,
-8.929587774909E1));
#3643=CARTESIAN_POINT('',(1.149332674178E1,-3.554310248558E0,
-8.930948273028E1));
#3644=CARTESIAN_POINT('',(1.125540190753E1,-3.420541721866E0,
-8.932305028419E1));
#3645=CARTESIAN_POINT('',(1.102696568903E1,-3.270752903874E0,
-8.933662858467E1));
#3646=CARTESIAN_POINT('',(1.080932494518E1,-3.105783052894E0,
-8.935020343531E1));
#3647=CARTESIAN_POINT('',(1.060281732219E1,-2.925783475304E0,
-8.936382032638E1));
#3648=CARTESIAN_POINT('',(1.040922846980E1,-2.732171716296E0,
-8.937742965949E1));
#3649=CARTESIAN_POINT('',(1.022983027585E1,-2.526403153599E0,
-8.939099925857E1));
#3650=CARTESIAN_POINT('',(1.006490555289E1,-2.308972977655E0,
-8.940456445375E1));
#3651=CARTESIAN_POINT('',(9.914786501586E0,-2.080180696263E0,
-8.941816650033E1));
#3652=CARTESIAN_POINT('',(9.780432214242E0,-1.841222578930E0,
-8.943179303589E1));
#3653=CARTESIAN_POINT('',(9.662853338451E0,-1.593814505485E0,
-8.944540904228E1));
#3654=CARTESIAN_POINT('',(9.562800815674E0,-1.339889272155E0,
-8.945897536818E1));
#3655=CARTESIAN_POINT('',(9.480237582881E0,-1.079675800585E0,
-8.947254525797E1));
#3656=CARTESIAN_POINT('',(9.415538397158E0,-8.140470361911E-1,
-8.948613489151E1));
#3657=CARTESIAN_POINT('',(9.369179747383E0,-5.451022213308E-1,
-8.949970044445E1));
#3658=CARTESIAN_POINT('',(9.341219468343E0,-2.731038923082E-1,
-8.951329193014E1));
#3659=CARTESIAN_POINT('',(9.331899151153E0,-4.058619120842E-4,
-8.952685482491E1));
#3660=CARTESIAN_POINT('',(9.341184015211E0,2.726701854723E-1,
-8.954043645576E1));
#3661=CARTESIAN_POINT('',(9.369112558678E0,5.445906124688E-1,
-8.955402390695E1));
#3662=CARTESIAN_POINT('',(9.415439778646E0,8.135946556514E-1,
-8.956759209565E1));
#3663=CARTESIAN_POINT('',(9.480147291625E0,1.079338905199E0,-8.958118742244E1));
#3664=CARTESIAN_POINT('',(9.562623570649E0,1.339414277760E0,-8.959474942376E1));
#3665=CARTESIAN_POINT('',(9.662878921289E0,1.593872854744E0,-8.960834412856E1));
#3666=CARTESIAN_POINT('',(9.780089474342E0,1.840501955136E0,-8.962191731812E1));
#3667=CARTESIAN_POINT('',(9.913916704984E0,2.078727386406E0,-8.963549933419E1));
#3668=CARTESIAN_POINT('',(1.006378657272E1,2.307379045316E0,-8.964908877793E1));
#3669=CARTESIAN_POINT('',(1.022855666262E1,2.524852157450E0,-8.966265098974E1));
#3670=CARTESIAN_POINT('',(1.040820681240E1,2.731072802438E0,-8.967624577636E1));
#3671=CARTESIAN_POINT('',(1.060109509928E1,2.924143021258E0,-8.968981146836E1));
#3672=CARTESIAN_POINT('',(1.080707065335E1,3.103946159221E0,-8.970340205038E1));
#3673=CARTESIAN_POINT('',(1.102459128607E1,3.269068131243E0,-8.971697674320E1));
#3674=CARTESIAN_POINT('',(1.125268917940E1,3.418902682534E0,-8.973054219635E1));
#3675=CARTESIAN_POINT('',(1.149147985912E1,3.553379909948E0,-8.974416451771E1));
#3676=CARTESIAN_POINT('',(1.173912775418E1,3.671273804263E0,-8.975779795533E1));
#3677=CARTESIAN_POINT('',(1.199396513611E1,3.771807339220E0,-8.977141519627E1));
#3678=CARTESIAN_POINT('',(1.225405869853E1,3.854393044466E0,-8.978497974683E1));
#3679=CARTESIAN_POINT('',(1.251927638557E1,3.919121359829E0,-8.979854987301E1));
#3680=CARTESIAN_POINT('',(1.278918719102E1,3.965745462643E0,-8.981216496811E1));
#3681=CARTESIAN_POINT('',(1.306183299905E1,3.993789784501E0,-8.982578881714E1));
#3682=CARTESIAN_POINT('',(1.324398914976E1,4.E0,-8.983484849166E1));
#3683=CARTESIAN_POINT('',(1.3335E1,4.E0,-8.9839375E1));
#3685=CURVE_STYLE('',#140,POSITIVE_LENGTH_MEASURE(2.E-2),#81);
#3686=PRESENTATION_STYLE_ASSIGNMENT((#3685));
#3687=STYLED_ITEM('',(#3686),#3684);
#3688=DIRECTION('',(0.E0,1.421085471520E-14,-1.E0));
#3689=VECTOR('',#3688,1.562500000001E-1);
#3690=CARTESIAN_POINT('',(1.3335E1,-4.E0,-9.0464375E1));
#3691=LINE('',#3690,#3689);
#3692=CURVE_STYLE('',#140,POSITIVE_LENGTH_MEASURE(2.E-2),#81);
#3693=PRESENTATION_STYLE_ASSIGNMENT((#3692));
#3694=STYLED_ITEM('',(#3693),#3691);
#3695=CARTESIAN_POINT('',(1.3335E1,4.E0,-9.1245625E1));
#3696=CARTESIAN_POINT('',(1.324399305747E1,4.E0,-9.124109868601E1));
#3697=CARTESIAN_POINT('',(1.306186860581E1,3.993790780241E0,-9.123204058790E1));
#3698=CARTESIAN_POINT('',(1.278932286566E1,3.965760188553E0,-9.121842174755E1));
#3699=CARTESIAN_POINT('',(1.251961588266E1,3.919187754359E0,-9.120481706235E1));
#3700=CARTESIAN_POINT('',(1.225447544162E1,3.854510215011E0,-9.119125126058E1));
#3701=CARTESIAN_POINT('',(1.199433513027E1,3.771938583666E0,-9.117768470564E1));
#3702=CARTESIAN_POINT('',(1.173956793822E1,3.671462502971E0,-9.116407175948E1));
#3703=CARTESIAN_POINT('',(1.149201536914E1,3.553652714457E0,-9.115044438354E1));
#3704=CARTESIAN_POINT('',(1.125340933475E1,3.419335700881E0,-9.113683395623E1));
#3705=CARTESIAN_POINT('',(1.102535823969E1,3.269610137348E0,-9.112327341601E1));
#3706=CARTESIAN_POINT('',(1.080778398450E1,3.104525680958E0,-9.110969772357E1));
#3707=CARTESIAN_POINT('',(1.060183144552E1,2.924830317549E0,-9.109611152901E1));
#3708=CARTESIAN_POINT('',(1.040887153626E1,2.731785094963E0,-9.108254419391E1));
#3709=CARTESIAN_POINT('',(1.022921903467E1,2.525663222634E0,-9.106895303195E1));
#3710=CARTESIAN_POINT('',(1.006442917730E1,2.308289177949E0,-9.105539414732E1));
#3711=CARTESIAN_POINT('',(9.914494723520E0,2.079677125784E0,-9.104180458612E1));
#3712=CARTESIAN_POINT('',(9.780622719172E0,1.841531255515E0,-9.102822493072E1));
#3713=CARTESIAN_POINT('',(9.663331226856E0,1.594913547665E0,-9.101465051998E1));
#3714=CARTESIAN_POINT('',(9.563024398983E0,1.340540307967E0,-9.100105882486E1));
#3715=CARTESIAN_POINT('',(9.480460407889E0,1.080461790386E0,-9.098749535568E1));
#3716=CARTESIAN_POINT('',(9.415670443297E0,8.147025818010E-1,
-9.097389833633E1));
#3717=CARTESIAN_POINT('',(9.369271983674E0,5.457519268801E-1,
-9.096033216442E1));
#3718=CARTESIAN_POINT('',(9.341260418499E0,2.737905605034E-1,
-9.094674226216E1));
#3719=CARTESIAN_POINT('',(9.331898806724E0,7.430577247352E-4,
-9.093316192470E1));
#3720=CARTESIAN_POINT('',(9.341144820237E0,-2.720351772218E-1,
-9.091959517127E1));
#3721=CARTESIAN_POINT('',(9.369037148509E0,-5.440585680759E-1,
-9.090600279261E1));
#3722=CARTESIAN_POINT('',(9.415319304208E0,-8.129962655900E-1,
-9.089243823707E1));
#3723=CARTESIAN_POINT('',(9.479965372634E0,-1.078702271308E0,
-9.087884549294E1));
#3724=CARTESIAN_POINT('',(9.562441307672E0,-1.338877563886E0,
-9.086527872822E1));
#3725=CARTESIAN_POINT('',(9.662479878700E0,-1.592966138189E0,
-9.085170510575E1));
#3726=CARTESIAN_POINT('',(9.780091090704E0,-1.840570685503E0,
-9.083807960028E1));
#3727=CARTESIAN_POINT('',(9.914451658233E0,-2.079634170162E0,
-9.082444835664E1));
#3728=CARTESIAN_POINT('',(1.006457194925E1,-2.308498654354E0,
-9.081084327068E1));
#3729=CARTESIAN_POINT('',(1.022940656674E1,-2.525882127798E0,
-9.079728263423E1));
#3730=CARTESIAN_POINT('',(1.040886011701E1,-2.731783821440E0,
-9.078370624099E1));
#3731=CARTESIAN_POINT('',(1.060254297694E1,-2.925530592875E0,
-9.077008886901E1));
#3732=CARTESIAN_POINT('',(1.080908899616E1,-3.105593261562E0,
-9.075646848718E1));
#3733=CARTESIAN_POINT('',(1.102674776491E1,-3.270596943010E0,
-9.074289190013E1));
#3734=CARTESIAN_POINT('',(1.125506823454E1,-3.420338204886E0,
-9.072931970886E1));
#3735=CARTESIAN_POINT('',(1.149308914915E1,-3.554191749269E0,
-9.071574592139E1));
#3736=CARTESIAN_POINT('',(1.174037916555E1,-3.671810946560E0,
-9.070213435552E1));
#3737=CARTESIAN_POINT('',(1.199499463849E1,-3.772168450238E0,
-9.068853057924E1));
#3738=CARTESIAN_POINT('',(1.225513660736E1,-3.854703038321E0,
-9.067496452373E1));
#3739=CARTESIAN_POINT('',(1.252059177827E1,-3.919385989736E0,
-9.066138344220E1));
#3740=CARTESIAN_POINT('',(1.278964572028E1,-3.965790589215E0,
-9.064781216230E1));
#3741=CARTESIAN_POINT('',(1.306195115219E1,-3.993794129496E0,
-9.063420529546E1));
#3742=CARTESIAN_POINT('',(1.324399575223E1,-4.E0,-9.062515117996E1));
#3743=CARTESIAN_POINT('',(1.3335E1,-4.E0,-9.0620625E1));
#3745=CURVE_STYLE('',#140,POSITIVE_LENGTH_MEASURE(2.E-2),#81);
#3746=PRESENTATION_STYLE_ASSIGNMENT((#3745));
#3747=STYLED_ITEM('',(#3746),#3744);
#3748=CARTESIAN_POINT('',(1.3335E1,-4.E0,-9.0464375E1));
#3749=CARTESIAN_POINT('',(1.324404052378E1,-4.E0,-9.046889895321E1));
#3750=CARTESIAN_POINT('',(1.306210213412E1,-3.993798363516E0,
-9.047794779444E1));
#3751=CARTESIAN_POINT('',(1.279012482074E1,-3.965849244122E0,
-9.049153818031E1));
#3752=CARTESIAN_POINT('',(1.252119631838E1,-3.919514330743E0,
-9.050510273157E1));
#3753=CARTESIAN_POINT('',(1.225547814137E1,-3.854803802394E0,
-9.051869682510E1));
#3754=CARTESIAN_POINT('',(1.199538822684E1,-3.772299219863E0,
-9.053225997070E1));
#3755=CARTESIAN_POINT('',(1.174114476974E1,-3.672139579417E0,
-9.054584295832E1));
#3756=CARTESIAN_POINT('',(1.149345256290E1,-3.554404809163E0,
-9.055947502296E1));
#3757=CARTESIAN_POINT('',(1.125439485317E1,-3.419958329080E0,
-9.057310810591E1));
#3758=CARTESIAN_POINT('',(1.102559297431E1,-3.269783793630E0,
-9.058671207695E1));
#3759=CARTESIAN_POINT('',(1.080832757411E1,-3.104951661545E0,
-9.060026795994E1));
#3760=CARTESIAN_POINT('',(1.060233813983E1,-2.925325976850E0,
-9.061385326022E1));
#3761=CARTESIAN_POINT('',(1.040858000653E1,-2.731505639329E0,
-9.062747585313E1));
#3762=CARTESIAN_POINT('',(1.022858013637E1,-2.524894532274E0,
-9.064109662122E1));
#3763=CARTESIAN_POINT('',(1.006366279785E1,-2.307199071391E0,
-9.065467207783E1));
#3764=CARTESIAN_POINT('',(9.914043985929E0,-2.078916686898E0,
-9.066823934595E1));
#3765=CARTESIAN_POINT('',(9.780184874153E0,-1.840715877962E0,
-9.068182106186E1));
#3766=CARTESIAN_POINT('',(9.662620870864E0,-1.593312315805E0,
-9.069543653864E1));
#3767=CARTESIAN_POINT('',(9.562358427352E0,-1.338672737870E0,
-9.070903969629E1));
#3768=CARTESIAN_POINT('',(9.479923154263E0,-1.078519566353E0,
-9.072260479934E1));
#3769=CARTESIAN_POINT('',(9.415353510668E0,-8.131543315616E-1,
-9.073618020212E1));
#3770=CARTESIAN_POINT('',(9.369012669296E0,-5.439470646688E-1,
-9.074975845453E1));
#3771=CARTESIAN_POINT('',(9.341106387300E0,-2.715783269156E-1,
-9.076336794849E1));
#3772=CARTESIAN_POINT('',(9.331896351641E0,1.457912900378E-3,
-9.077694744659E1));
#3773=CARTESIAN_POINT('',(9.341309771616E0,2.744151770783E-1,
-9.079052340104E1));
#3774=CARTESIAN_POINT('',(9.369322640887E0,5.461170083686E-1,
-9.080410048093E1));
#3775=CARTESIAN_POINT('',(9.415784096411E0,8.152738324930E-1,
-9.081767728541E1));
#3776=CARTESIAN_POINT('',(9.480637812872E0,1.081094307271E0,-9.083127799926E1));
#3777=CARTESIAN_POINT('',(9.563245234162E0,1.341163085158E0,-9.084484166469E1));
#3778=CARTESIAN_POINT('',(9.663610745950E0,1.595559844789E0,-9.085843551436E1));
#3779=CARTESIAN_POINT('',(9.780962822632E0,1.842187793859E0,-9.087201167508E1));
#3780=CARTESIAN_POINT('',(9.914856532243E0,2.080267379297E0,-9.088558899385E1));
#3781=CARTESIAN_POINT('',(1.006478177507E1,2.308790494810E0,-9.089917460774E1));
#3782=CARTESIAN_POINT('',(1.022972738149E1,2.526298575401E0,-9.091274347183E1));
#3783=CARTESIAN_POINT('',(1.040962093063E1,2.732596881825E0,-9.092634909638E1));
#3784=CARTESIAN_POINT('',(1.060277352953E1,2.925711157033E0,-9.093992561928E1));
#3785=CARTESIAN_POINT('',(1.080865944696E1,3.105228605205E0,-9.095350352548E1));
#3786=CARTESIAN_POINT('',(1.102613838767E1,3.270169083495E0,-9.096707111137E1));
#3787=CARTESIAN_POINT('',(1.125475788645E1,3.420171413672E0,-9.098066279589E1));
#3788=CARTESIAN_POINT('',(1.149346090478E1,3.554387304560E0,-9.099427495284E1));
#3789=CARTESIAN_POINT('',(1.174017843949E1,3.671701220841E0,-9.100785431188E1));
#3790=CARTESIAN_POINT('',(1.199419425728E1,3.771876909556E0,-9.102142709785E1));
#3791=CARTESIAN_POINT('',(1.225433822157E1,3.854486125713E0,-9.103499437755E1));
#3792=CARTESIAN_POINT('',(1.252038203116E1,3.919367201274E0,-9.104860614830E1));
#3793=CARTESIAN_POINT('',(1.279039847840E1,3.965898816640E0,-9.106222563718E1));
#3794=CARTESIAN_POINT('',(1.306218428843E1,3.993796996346E0,-9.107580625419E1));
#3795=CARTESIAN_POINT('',(1.324410335721E1,4.E0,-9.108485417187E1));
#3796=CARTESIAN_POINT('',(1.3335E1,4.E0,-9.1089375E1));
#3798=CURVE_STYLE('',#140,POSITIVE_LENGTH_MEASURE(2.E-2),#81);
#3799=PRESENTATION_STYLE_ASSIGNMENT((#3798));
#3800=STYLED_ITEM('',(#3799),#3797);
#3801=CARTESIAN_POINT('',(1.3335E1,-4.E0,-9.1870625E1));
#3802=CARTESIAN_POINT('',(1.324202680596E1,-4.E0,-9.187524910731E1));
#3803=CARTESIAN_POINT('',(1.305608028479E1,-3.993514363778E0,
-9.188449733064E1));
#3804=CARTESIAN_POINT('',(1.277851545177E1,-3.964376145858E0,
-9.189836969817E1));
#3805=CARTESIAN_POINT('',(1.250365506233E1,-3.915969725563E0,
-9.191224207886E1));
#3806=CARTESIAN_POINT('',(1.223283534333E1,-3.848530408374E0,
-9.192611445646E1));
#3807=CARTESIAN_POINT('',(1.196737291839E1,-3.762386124871E0,
-9.193998681228E1));
#3808=CARTESIAN_POINT('',(1.170855744652E1,-3.657955425909E0,
-9.195385917546E1));
#3809=CARTESIAN_POINT('',(1.145764651081E1,-3.535745640083E0,
-9.196773156622E1));
#3810=CARTESIAN_POINT('',(1.121586003049E1,-3.396350855520E0,
-9.198160396397E1));
#3811=CARTESIAN_POINT('',(1.098437342169E1,-3.240448733005E0,
-9.199547635405E1));
#3812=CARTESIAN_POINT('',(1.076431178343E1,-3.068797058922E0,
-9.200934873524E1));
#3813=CARTESIAN_POINT('',(1.055674440726E1,-2.882229904299E0,
-9.202322112506E1));
#3814=CARTESIAN_POINT('',(1.036268004331E1,-2.681653871154E0,
-9.203709353298E1));
#3815=CARTESIAN_POINT('',(1.018306216523E1,-2.468044016066E0,
-9.205096594356E1));
#3816=CARTESIAN_POINT('',(1.001876392164E1,-2.242438770662E0,
-9.206483834411E1));
#3817=CARTESIAN_POINT('',(9.870583678200E0,-2.005934428364E0,
-9.207871074903E1));
#3818=CARTESIAN_POINT('',(9.739241675550E0,-1.759680506605E0,
-9.209258315634E1));
#3819=CARTESIAN_POINT('',(9.625376217752E0,-1.504873693396E0,
-9.210645557602E1));
#3820=CARTESIAN_POINT('',(9.529540879404E0,-1.242752708006E0,
-9.212032799289E1));
#3821=CARTESIAN_POINT('',(9.452201439223E0,-9.745915833396E-1,
-9.213420040573E1));
#3822=CARTESIAN_POINT('',(9.393733750896E0,-7.016935090789E-1,
-9.214807282319E1));
#3823=CARTESIAN_POINT('',(9.354422015938E0,-4.253849471606E-1,
-9.216194524102E1));
#3824=CARTESIAN_POINT('',(9.334457303413E0,-1.470087559238E-1,
-9.217581766417E1));
#3825=CARTESIAN_POINT('',(9.333936664194E0,1.320818667125E-1,
-9.218969008314E1));
#3826=CARTESIAN_POINT('',(9.352862623940E0,4.105305819741E-1,
-9.220356250499E1));
#3827=CARTESIAN_POINT('',(9.391143191944E0,6.869839252288E-1,
-9.221743492451E1));
#3828=CARTESIAN_POINT('',(9.448592315462E0,9.600982991352E-1,
-9.223130734495E1));
#3829=CARTESIAN_POINT('',(9.524930755475E0,1.228546206027E0,-9.224517976298E1));
#3830=CARTESIAN_POINT('',(9.619787497157E0,1.491022972342E0,-9.225905218263E1));
#3831=CARTESIAN_POINT('',(9.732701522368E0,1.746252875794E0,-9.227292460464E1));
#3832=CARTESIAN_POINT('',(9.863123923386E0,1.992995212695E0,-9.228679701798E1));
#3833=CARTESIAN_POINT('',(1.001042085907E1,2.230050881664E0,-9.230066943081E1));
#3834=CARTESIAN_POINT('',(1.017387636829E1,2.456267654770E0,-9.231454183957E1));
#3835=CARTESIAN_POINT('',(1.035269614450E1,2.670546225050E0,-9.232841425600E1));
#3836=CARTESIAN_POINT('',(1.054601092964E1,2.871844938587E0,-9.234228666889E1));
#3837=CARTESIAN_POINT('',(1.075288098228E1,3.059185303395E0,-9.235615906868E1));
#3838=CARTESIAN_POINT('',(1.097230092081E1,3.231656913503E0,-9.237003146266E1));
#3839=CARTESIAN_POINT('',(1.120320447884E1,3.388421643620E0,-9.238390386270E1));
#3840=CARTESIAN_POINT('',(1.144446940856E1,3.528717537961E0,-9.239777626900E1));
#3841=CARTESIAN_POINT('',(1.169492281074E1,3.651862555491E0,-9.241164866622E1));
#3842=CARTESIAN_POINT('',(1.195334715905E1,3.757258133358E0,-9.242552104294E1));
#3843=CARTESIAN_POINT('',(1.221848670254E1,3.844392192339E0,-9.243939341524E1));
#3844=CARTESIAN_POINT('',(1.248905316039E1,3.912841336186E0,-9.245326580275E1));
#3845=CARTESIAN_POINT('',(1.276373136650E1,3.962272749853E0,-9.246713819825E1));
#3846=CARTESIAN_POINT('',(1.304118534902E1,3.992446170368E0,-9.248101055486E1));
#3847=CARTESIAN_POINT('',(1.332006859382E1,4.003214939111E0,-9.249488297265E1));
#3848=CARTESIAN_POINT('',(1.359901760175E1,3.994527107835E0,-9.250875505169E1));
#3849=CARTESIAN_POINT('',(1.387668485622E1,3.966425347074E0,-9.252262720106E1));
#3850=CARTESIAN_POINT('',(1.415171977062E1,3.919045976638E0,-9.253649936752E1));
#3851=CARTESIAN_POINT('',(1.442278610172E1,3.852619118996E0,-9.255037157635E1));
#3852=CARTESIAN_POINT('',(1.468856581394E1,3.767467629782E0,-9.256424379827E1));
#3853=CARTESIAN_POINT('',(1.494776753426E1,3.664005149986E0,-9.257811605449E1));
#3854=CARTESIAN_POINT('',(1.519913104639E1,3.542734585092E0,-9.259198832389E1));
#3855=CARTESIAN_POINT('',(1.544143468713E1,3.404245271865E0,-9.260586060924E1));
#3856=CARTESIAN_POINT('',(1.567350070607E1,3.249210278855E0,-9.261973290721E1));
#3857=CARTESIAN_POINT('',(1.589420104524E1,3.078383183029E0,-9.263360520964E1));
#3858=CARTESIAN_POINT('',(1.610246306173E1,2.892594202711E0,-9.264747751887E1));
#3859=CARTESIAN_POINT('',(1.629727440582E1,2.692746434863E0,-9.266134982607E1));
#3860=CARTESIAN_POINT('',(1.647768826294E1,2.479811176313E0,-9.267522213277E1));
#3861=CARTESIAN_POINT('',(1.664282763035E1,2.254823567655E0,-9.268909442615E1));
#3862=CARTESIAN_POINT('',(1.679189000843E1,2.018877009363E0,-9.270296671388E1));
#3863=CARTESIAN_POINT('',(1.692415081270E1,1.773118519761E0,-9.271683898243E1));
#3864=CARTESIAN_POINT('',(1.703896733521E1,1.518742493777E0,-9.273071123685E1));
#3865=CARTESIAN_POINT('',(1.713578152095E1,1.256985474762E0,-9.274458346697E1));
#3866=CARTESIAN_POINT('',(1.721412289319E1,9.891198889407E-1,
-9.275845566332E1));
#3867=CARTESIAN_POINT('',(1.727361090897E1,7.164472161897E-1,
-9.277232784748E1));
#3868=CARTESIAN_POINT('',(1.730050793507E1,5.323444478905E-1,
-9.278157595168E1));
#3869=CARTESIAN_POINT('',(1.731073337929E1,4.399364690297E-1,-9.27862E1));
#3871=CURVE_STYLE('',#140,POSITIVE_LENGTH_MEASURE(2.E-2),#81);
#3872=PRESENTATION_STYLE_ASSIGNMENT((#3871));
#3873=STYLED_ITEM('',(#3872),#3870);
#3874=CARTESIAN_POINT('',(1.3335E1,0.E0,-9.27862E1));
#3875=DIRECTION('',(0.E0,0.E0,-1.E0));
#3876=DIRECTION('',(9.939333448230E-1,1.099841172575E-1,0.E0));
#3877=AXIS2_PLACEMENT_3D('',#3874,#3875,#3876);
#3879=CURVE_STYLE('',#140,POSITIVE_LENGTH_MEASURE(2.E-2),#81);
#3880=PRESENTATION_STYLE_ASSIGNMENT((#3879));
#3881=STYLED_ITEM('',(#3880),#3878);
#3882=CARTESIAN_POINT('',(1.645735009323E1,-2.500185972145E0,-9.27862E1));
#3883=CARTESIAN_POINT('',(1.651491374695E1,-2.428297768006E0,
-9.278161957072E1));
#3884=CARTESIAN_POINT('',(1.662507368500E1,-2.280543762246E0,
-9.277245870883E1));
#3885=CARTESIAN_POINT('',(1.677462342701E1,-2.048036976527E0,
-9.275871741766E1));
#3886=CARTESIAN_POINT('',(1.690777010065E1,-1.805762630580E0,
-9.274497609328E1));
#3887=CARTESIAN_POINT('',(1.702387839123E1,-1.554876545250E0,
-9.273123476298E1));
#3888=CARTESIAN_POINT('',(1.712239446710E1,-1.296575465773E0,
-9.271749344143E1));
#3889=CARTESIAN_POINT('',(1.720284849342E1,-1.032091460979E0,
-9.270375214018E1));
#3890=CARTESIAN_POINT('',(1.726485698981E1,-7.626853026233E-1,
-9.269001083059E1));
#3891=CARTESIAN_POINT('',(1.730812422573E1,-4.896414807702E-1,
-9.267626949851E1));
#3892=CARTESIAN_POINT('',(1.733244373867E1,-2.142624941912E-1,
-9.266252816261E1));
#3893=CARTESIAN_POINT('',(1.733769954989E1,6.213803339859E-2,
-9.264878684015E1));
#3894=CARTESIAN_POINT('',(1.732386663885E1,3.382421595166E-1,
-9.263504552104E1));
#3895=CARTESIAN_POINT('',(1.729101096745E1,6.127332962754E-1,
-9.262130419821E1));
#3896=CARTESIAN_POINT('',(1.723928914293E1,8.843026650441E-1,
-9.260756285834E1));
#3897=CARTESIAN_POINT('',(1.716894784124E1,1.151654818293E0,-9.259382151815E1));
#3898=CARTESIAN_POINT('',(1.708032262489E1,1.413514521280E0,-9.258008019051E1));
#3899=CARTESIAN_POINT('',(1.697383601656E1,1.668633369568E0,-9.256633885463E1));
#3900=CARTESIAN_POINT('',(1.684999592190E1,1.915794499960E0,-9.255259752157E1));
#3901=CARTESIAN_POINT('',(1.670939276522E1,2.153819489235E0,-9.253885617504E1));
#3902=CARTESIAN_POINT('',(1.655269723534E1,2.381572882639E0,-9.252511483264E1));
#3903=CARTESIAN_POINT('',(1.638065662563E1,2.597968558377E0,-9.251137349360E1));
#3904=CARTESIAN_POINT('',(1.619409125280E1,2.801974682283E0,-9.249763214763E1));
#3905=CARTESIAN_POINT('',(1.599389099289E1,2.992618186505E0,-9.248389080592E1));
#3906=CARTESIAN_POINT('',(1.578101040264E1,3.168990066187E0,-9.247014945557E1));
#3907=CARTESIAN_POINT('',(1.555646491899E1,3.330249020564E0,-9.245640811073E1));
#3908=CARTESIAN_POINT('',(1.532132519795E1,3.475626153100E0,-9.244266675918E1));
#3909=CARTESIAN_POINT('',(1.507671272616E1,3.604428069856E0,-9.242892540800E1));
#3910=CARTESIAN_POINT('',(1.482379411714E1,3.716040501863E0,-9.241518406017E1));
#3911=CARTESIAN_POINT('',(1.456377540843E1,3.809931224428E0,-9.240144270884E1));
#3912=CARTESIAN_POINT('',(1.429789669182E1,3.885652444038E0,-9.238770135767E1));
#3913=CARTESIAN_POINT('',(1.402742578880E1,3.942843072592E0,-9.237395999909E1));
#3914=CARTESIAN_POINT('',(1.375365279939E1,3.981230308337E0,-9.236021864481E1));
#3915=CARTESIAN_POINT('',(1.347788338680E1,4.000631109766E0,-9.234647729678E1));
#3916=CARTESIAN_POINT('',(1.320143235071E1,4.000952972464E0,-9.233273593807E1));
#3917=CARTESIAN_POINT('',(1.292561796202E1,3.982194293066E0,-9.231899456264E1));
#3918=CARTESIAN_POINT('',(1.265175591267E1,3.944444515594E0,-9.230525318698E1));
#3919=CARTESIAN_POINT('',(1.238115240553E1,3.887883711332E0,-9.229151181895E1));
#3920=CARTESIAN_POINT('',(1.211509790374E1,3.812781644228E0,-9.227777045669E1));
#3921=CARTESIAN_POINT('',(1.185486095213E1,3.719496394730E0,-9.226402908632E1));
#3922=CARTESIAN_POINT('',(1.160168262877E1,3.608472798745E0,-9.225028770756E1));
#3923=CARTESIAN_POINT('',(1.135677053066E1,3.480240391575E0,-9.223654633025E1));
#3924=CARTESIAN_POINT('',(1.112129281296E1,3.335410839830E0,-9.222280496474E1));
#3925=CARTESIAN_POINT('',(1.089637229842E1,3.174674774640E0,-9.220906360230E1));
#3926=CARTESIAN_POINT('',(1.068308152759E1,2.998798660191E0,-9.219532223626E1));
#3927=CARTESIAN_POINT('',(1.048243779273E1,2.808621342090E0,-9.218158087380E1));
#3928=CARTESIAN_POINT('',(1.029539786530E1,2.605049682098E0,-9.216783950824E1));
#3929=CARTESIAN_POINT('',(1.012285385544E1,2.389054650186E0,-9.215409814861E1));
#3930=CARTESIAN_POINT('',(9.965628494679E0,2.161666174538E0,-9.214035678505E1));
#3931=CARTESIAN_POINT('',(9.824471651877E0,1.923968734714E0,-9.212661542201E1));
#3932=CARTESIAN_POINT('',(9.700056515899E0,1.677095957836E0,-9.211287406195E1));
#3933=CARTESIAN_POINT('',(9.592976368207E0,1.422225055948E0,-9.209913269822E1));
#3934=CARTESIAN_POINT('',(9.503741948592E0,1.160571719465E0,-9.208539134211E1));
#3935=CARTESIAN_POINT('',(9.432778721220E0,8.933834921820E-1,
-9.207164997894E1));
#3936=CARTESIAN_POINT('',(9.380425186377E0,6.219348857024E-1,
-9.205790862386E1));
#3937=CARTESIAN_POINT('',(9.346930956831E0,3.475201895442E-1,
-9.204416726425E1));
#3938=CARTESIAN_POINT('',(9.332455797323E0,7.144822605148E-2,
-9.203042590731E1));
#3939=CARTESIAN_POINT('',(9.337068713484E0,-2.049643492876E-1,
-9.201668455652E1));
#3940=CARTESIAN_POINT('',(9.360747720936E0,-4.803995925089E-1,
-9.200294319872E1));
#3941=CARTESIAN_POINT('',(9.403379856273E0,-7.535436197035E-1,
-9.198920185083E1));
#3942=CARTESIAN_POINT('',(9.464761857278E0,-1.023094162740E0,
-9.197546049513E1));
#3943=CARTESIAN_POINT('',(9.544600918445E0,-1.287765393455E0,
-9.196171914925E1));
#3944=CARTESIAN_POINT('',(9.642516310330E0,-1.546295301180E0,
-9.194797780327E1));
#3945=CARTESIAN_POINT('',(9.758041261154E0,-1.797451304186E0,
-9.193423643799E1));
#3946=CARTESIAN_POINT('',(9.890624744679E0,-2.040035316367E0,
-9.192049506993E1));
#3947=CARTESIAN_POINT('',(1.003963431705E1,-2.272890216004E0,
-9.190675371319E1));
#3948=CARTESIAN_POINT('',(1.020435919085E1,-2.494905409269E0,
-9.189301237683E1));
#3949=CARTESIAN_POINT('',(1.038401405527E1,-2.705022529904E0,
-9.187927103645E1));
#3950=CARTESIAN_POINT('',(1.057774235260E1,-2.902239695273E0,
-9.186552967913E1));
#3951=CARTESIAN_POINT('',(1.078462000534E1,-3.085616115213E0,
-9.185178832080E1));
#3952=CARTESIAN_POINT('',(1.100366004272E1,-3.254277012802E0,
-9.183804698388E1));
#3953=CARTESIAN_POINT('',(1.123381810261E1,-3.407418303586E0,
-9.182430565133E1));
#3954=CARTESIAN_POINT('',(1.147399661283E1,-3.544309705689E0,
-9.181056432012E1));
#3955=CARTESIAN_POINT('',(1.172305050866E1,-3.664298538477E0,
-9.179682297181E1));
#3956=CARTESIAN_POINT('',(1.197979167705E1,-3.766812347897E0,
-9.178308162839E1));
#3957=CARTESIAN_POINT('',(1.224299538660E1,-3.851362195979E0,
-9.176934030645E1));
#3958=CARTESIAN_POINT('',(1.251140693802E1,-3.917545060566E0,
-9.175559897884E1));
#3959=CARTESIAN_POINT('',(1.278374602577E1,-3.965045260523E0,
-9.174185765879E1));
#3960=CARTESIAN_POINT('',(1.305871439239E1,-3.993636329988E0,
-9.172811632078E1));
#3961=CARTESIAN_POINT('',(1.324290479524E1,-4.E0,-9.171895543971E1));
#3962=CARTESIAN_POINT('',(1.3335E1,-4.E0,-9.1714375E1));
#3964=CURVE_STYLE('',#140,POSITIVE_LENGTH_MEASURE(2.E-2),#81);
#3965=PRESENTATION_STYLE_ASSIGNMENT((#3964));
#3966=STYLED_ITEM('',(#3965),#3963);
#3967=DIRECTION('',(-1.136868377216E-14,0.E0,-1.E0));
#3968=VECTOR('',#3967,1.562500000001E-1);
#3969=CARTESIAN_POINT('',(1.3335E1,-4.E0,-9.1714375E1));
#3970=LINE('',#3969,#3968);
#3971=CURVE_STYLE('',#140,POSITIVE_LENGTH_MEASURE(2.E-2),#81);
#3972=PRESENTATION_STYLE_ASSIGNMENT((#3971));
#3973=STYLED_ITEM('',(#3972),#3970);
#3974=CARTESIAN_POINT('',(1.3335E1,-4.E0,-8.7964375E1));
#3975=CARTESIAN_POINT('',(1.342678293631E1,-4.E0,-8.795981009125E1));
#3976=CARTESIAN_POINT('',(1.361034878768E1,-3.993679427549E0,
-8.795068027285E1));
#3977=CARTESIAN_POINT('',(1.388439356684E1,-3.965281706820E0,
-8.793698553455E1));
#3978=CARTESIAN_POINT('',(1.415583576473E1,-3.918101704381E0,
-8.792329080959E1));
#3979=CARTESIAN_POINT('',(1.442339025977E1,-3.852362777777E0,
-8.790959606713E1));
#3980=CARTESIAN_POINT('',(1.468578907047E1,-3.768376464496E0,
-8.789590134068E1));
#3981=CARTESIAN_POINT('',(1.494178984839E1,-3.666540437064E0,
-8.788220660177E1));
#3982=CARTESIAN_POINT('',(1.519018021330E1,-3.547336863915E0,
-8.786851183670E1));
#3983=CARTESIAN_POINT('',(1.542978312341E1,-3.411330544818E0,
-8.785481707091E1));
#3984=CARTESIAN_POINT('',(1.565946339019E1,-3.259165886193E0,
-8.784112231997E1));
#3985=CARTESIAN_POINT('',(1.587813299597E1,-3.091563823067E0,
-8.782742759249E1));
#3986=CARTESIAN_POINT('',(1.608475681843E1,-2.909317761698E0,
-8.781373284853E1));
#3987=CARTESIAN_POINT('',(1.627835611277E1,-2.713290849297E0,
-8.780003808599E1));
#3988=CARTESIAN_POINT('',(1.645801354926E1,-2.504411857847E0,
-8.778634332431E1));
#3989=CARTESIAN_POINT('',(1.662287792121E1,-2.283670532660E0,
-8.777264858371E1));
#3990=CARTESIAN_POINT('',(1.677216858108E1,-2.052112201462E0,
-8.775895384596E1));
#3991=CARTESIAN_POINT('',(1.690517849433E1,-1.810833486493E0,
-8.774525909981E1));
#3992=CARTESIAN_POINT('',(1.702127765016E1,-1.560977101759E0,
-8.773156433819E1));
#3993=CARTESIAN_POINT('',(1.711991591605E1,-1.303726916619E0,
-8.771786958212E1));
#3994=CARTESIAN_POINT('',(1.720062605500E1,-1.040301662627E0,
-8.770417484177E1));
#3995=CARTESIAN_POINT('',(1.726302591009E1,-7.719487118734E-1,
-8.769048009625E1));
#3996=CARTESIAN_POINT('',(1.730681988394E1,-4.999392084671E-1,
-8.767678534769E1));
#3997=CARTESIAN_POINT('',(1.733180052875E1,-2.255613850122E-1,
-8.766309058645E1));
#3998=CARTESIAN_POINT('',(1.733784947156E1,4.988462256274E-2,
-8.764939583693E1));
#3999=CARTESIAN_POINT('',(1.732493810176E1,3.250943289634E-1,
-8.763570108800E1));
#4000=CARTESIAN_POINT('',(1.729312756676E1,5.987641775810E-1,
-8.762200633816E1));
#4001=CARTESIAN_POINT('',(1.724256854242E1,8.695978923741E-1,
-8.760831158655E1));
#4002=CARTESIAN_POINT('',(1.717350045750E1,1.136312733328E0,-8.759461682673E1));
#4003=CARTESIAN_POINT('',(1.708625058488E1,1.397644960539E0,-8.758092207898E1));
#4004=CARTESIAN_POINT('',(1.698123205962E1,1.652357156888E0,-8.756722732034E1));
#4005=CARTESIAN_POINT('',(1.685894243423E1,1.899242508378E0,-8.755353256753E1));
#4006=CARTESIAN_POINT('',(1.671996090770E1,2.137131736499E0,-8.753983781288E1));
#4007=CARTESIAN_POINT('',(1.656494577351E1,2.364898030046E0,-8.752614305582E1));
#4008=CARTESIAN_POINT('',(1.639463136778E1,2.581462435957E0,-8.751244830216E1));
#4009=CARTESIAN_POINT('',(1.620982422528E1,2.785799363751E0,-8.749875353755E1));
#4010=CARTESIAN_POINT('',(1.601139998532E1,2.976940630227E0,-8.748505878172E1));
#4011=CARTESIAN_POINT('',(1.580029840398E1,3.153981004735E0,-8.747136402506E1));
#4012=CARTESIAN_POINT('',(1.557751944367E1,3.316081867749E0,-8.745766926993E1));
#4013=CARTESIAN_POINT('',(1.534411817140E1,3.462475504557E0,-8.744397450616E1));
#4014=CARTESIAN_POINT('',(1.510120019819E1,3.592468411693E0,-8.743027973817E1));
#4015=CARTESIAN_POINT('',(1.484991640590E1,3.705444735361E0,-8.741658497952E1));
#4016=CARTESIAN_POINT('',(1.459145691979E1,3.800869428402E0,-8.740289022231E1));
#4017=CARTESIAN_POINT('',(1.432704592744E1,3.878290514173E0,-8.738919546335E1));
#4018=CARTESIAN_POINT('',(1.405793565003E1,3.937341300155E0,-8.737550069184E1));
#4019=CARTESIAN_POINT('',(1.378540104784E1,3.977741988373E0,-8.736180592137E1));
#4020=CARTESIAN_POINT('',(1.351073320146E1,3.999301224011E0,-8.734811115983E1));
#4021=CARTESIAN_POINT('',(1.323523311441E1,4.001916893896E0,-8.733441640602E1));
#4022=CARTESIAN_POINT('',(1.296020686268E1,3.985576782729E0,-8.732072171550E1));
#4023=CARTESIAN_POINT('',(1.268695528392E1,3.950358252883E0,-8.730702699500E1));
#4024=CARTESIAN_POINT('',(1.241677346739E1,3.896428139232E0,-8.729333228348E1));
#4025=CARTESIAN_POINT('',(1.215094117061E1,3.824041956788E0,-8.727963758109E1));
#4026=CARTESIAN_POINT('',(1.189071737857E1,3.733542542462E0,-8.726594287903E1));
#4027=CARTESIAN_POINT('',(1.163733463669E1,3.625358537090E0,-8.725224817454E1));
#4028=CARTESIAN_POINT('',(1.139199320381E1,3.500002399821E0,-8.723855347122E1));
#4029=CARTESIAN_POINT('',(1.115585514843E1,3.358067884378E0,-8.722485876718E1));
#4030=CARTESIAN_POINT('',(1.093003905057E1,3.200227340842E0,-8.721116406681E1));
#4031=CARTESIAN_POINT('',(1.071561442002E1,3.027228332946E0,-8.719746936357E1));
#4032=CARTESIAN_POINT('',(1.051359704098E1,2.839890408128E0,-8.718377466569E1));
#4033=CARTESIAN_POINT('',(1.032494369781E1,2.639100839664E0,-8.717007996644E1));
#4034=CARTESIAN_POINT('',(1.015054806568E1,2.425810800819E0,-8.715638527237E1));
#4035=CARTESIAN_POINT('',(9.991236149370E0,2.201030548444E0,-8.714269058089E1));
#4036=CARTESIAN_POINT('',(9.847762538353E0,1.965824770088E0,-8.712899589060E1));
#4037=CARTESIAN_POINT('',(9.720806867204E0,1.721307681128E0,-8.711530120807E1));
#4038=CARTESIAN_POINT('',(9.610970387541E0,1.468637313982E0,-8.710160652395E1));
#4039=CARTESIAN_POINT('',(9.518773446877E0,1.209010743531E0,-8.708791185199E1));
#4040=CARTESIAN_POINT('',(9.444652647284E0,9.436575403941E-1,
-8.707421718151E1));
#4041=CARTESIAN_POINT('',(9.388959087427E0,6.738346719094E-1,
-8.706052251665E1));
#4042=CARTESIAN_POINT('',(9.351956540899E0,4.008202123874E-1,
-8.704682785806E1));
#4043=CARTESIAN_POINT('',(9.333820254570E0,1.259072791823E-1,
-8.703313320286E1));
#4044=CARTESIAN_POINT('',(9.334636105590E0,-1.496017120877E-1,
-8.701943856351E1));
#4045=CARTESIAN_POINT('',(9.354400192063E0,-4.244021260087E-1,
-8.700574392267E1));
#4046=CARTESIAN_POINT('',(9.393018947869E0,-6.971925241659E-1,
-8.699204927065E1));
#4047=CARTESIAN_POINT('',(9.450309448935E0,-9.666805504915E-1,
-8.697835462010E1));
#4048=CARTESIAN_POINT('',(9.500769913241E0,-1.143286320623E0,
-8.696922487129E1));
#4049=CARTESIAN_POINT('',(9.529007089758E0,-1.230616905129E0,-8.696466E1));
#4051=CURVE_STYLE('',#140,POSITIVE_LENGTH_MEASURE(2.E-2),#81);
#4052=PRESENTATION_STYLE_ASSIGNMENT((#4051));
#4053=STYLED_ITEM('',(#4052),#4050);
#4054=CARTESIAN_POINT('',(1.3335E1,0.E0,-8.696466E1));
#4055=DIRECTION('',(0.E0,0.E0,-1.E0));
#4056=DIRECTION('',(-4.552664593299E-1,-8.903552386600E-1,0.E0));
#4057=AXIS2_PLACEMENT_3D('',#4054,#4055,#4056);
#4059=CURVE_STYLE('',#140,POSITIVE_LENGTH_MEASURE(2.E-2),#81);
#4060=PRESENTATION_STYLE_ASSIGNMENT((#4059));
#4061=STYLED_ITEM('',(#4060),#4058);
#4062=CARTESIAN_POINT('',(1.151393416268E1,-3.561420954640E0,-8.696466E1));
#4063=CARTESIAN_POINT('',(1.143181732533E1,-3.519432049349E0,
-8.696924710889E1));
#4064=CARTESIAN_POINT('',(1.127048918858E1,-3.429771754782E0,
-8.697842133281E1));
#4065=CARTESIAN_POINT('',(1.103837079308E1,-3.278876867319E0,
-8.699218269492E1));
#4066=CARTESIAN_POINT('',(1.081723685879E1,-3.112299478516E0,
-8.700594405984E1));
#4067=CARTESIAN_POINT('',(1.060814459197E1,-2.930835886928E0,
-8.701970545763E1));
#4068=CARTESIAN_POINT('',(1.041209426261E1,-2.735354004478E0,
-8.703346688117E1));
#4069=CARTESIAN_POINT('',(1.023002383485E1,-2.526788969231E0,
-8.704722831516E1));
#4070=CARTESIAN_POINT('',(1.006280435063E1,-2.306138568425E0,
-8.706098974383E1));
#4071=CARTESIAN_POINT('',(9.911235488499E0,-2.074458020977E0,
-8.707475117615E1));
#4072=CARTESIAN_POINT('',(9.776042076984E0,-1.832855172496E0,
-8.708851262631E1));
#4073=CARTESIAN_POINT('',(9.657870840132E0,-1.582485624349E0,
-8.710227409054E1));
#4074=CARTESIAN_POINT('',(9.557287126557E0,-1.324547106954E0,
-8.711603555569E1));
#4075=CARTESIAN_POINT('',(9.474772054521E0,-1.060273451171E0,
-8.712979701547E1));
#4076=CARTESIAN_POINT('',(9.410720233178E0,-7.909285173643E-1,
-8.714355847767E1));
#4077=CARTESIAN_POINT('',(9.365438018833E0,-5.178004534519E-1,
-8.715731994785E1));
#4078=CARTESIAN_POINT('',(9.339142039121E0,-2.421957375928E-1,
-8.717108141979E1));
#4079=CARTESIAN_POINT('',(9.331958069885E0,3.456724863669E-2,
-8.718484288475E1));
#4080=CARTESIAN_POINT('',(9.343920439620E0,3.111647627443E-1,
-8.719860434281E1));
#4081=CARTESIAN_POINT('',(9.374971911373E0,5.862739128217E-1,
-8.721236579686E1));
#4082=CARTESIAN_POINT('',(9.424963970557E0,8.585789415146E-1,
-8.722612725058E1));
#4083=CARTESIAN_POINT('',(9.493657458760E0,1.126777253466E0,-8.723988869491E1));
#4084=CARTESIAN_POINT('',(9.580723743623E0,1.389586000300E0,-8.725365012537E1));
#4085=CARTESIAN_POINT('',(9.685746388636E0,1.645748308404E0,-8.726741154766E1));
#4086=CARTESIAN_POINT('',(9.808222972461E0,1.894038850770E0,-8.728117295407E1));
#4087=CARTESIAN_POINT('',(9.947567726499E0,2.133270241217E0,-8.729493435256E1));
#4088=CARTESIAN_POINT('',(1.010311403146E1,2.362298103694E0,-8.730869573277E1));
#4089=CARTESIAN_POINT('',(1.027411784576E1,2.580027063834E0,-8.732245709412E1));
#4090=CARTESIAN_POINT('',(1.045976135896E1,2.785415923364E0,-8.733621844591E1));
#4091=CARTESIAN_POINT('',(1.065915631980E1,2.977482110727E0,-8.734997976835E1));
#4092=CARTESIAN_POINT('',(1.087134996959E1,3.155307869816E0,-8.736374112445E1));
#4093=CARTESIAN_POINT('',(1.109532711623E1,3.318042291874E0,-8.737750249025E1));
#4094=CARTESIAN_POINT('',(1.133001683122E1,3.464907195879E0,-8.739126388370E1));
#4095=CARTESIAN_POINT('',(1.157429648148E1,3.595199927033E0,-8.740502529337E1));
#4096=CARTESIAN_POINT('',(1.182699742592E1,3.708297137569E0,-8.741878670330E1));
#4097=CARTESIAN_POINT('',(1.208691130677E1,3.803657987418E0,-8.743254812856E1));
#4098=CARTESIAN_POINT('',(1.235279487800E1,3.880826281069E0,-8.744630956293E1));
#4099=CARTESIAN_POINT('',(1.262337667257E1,3.939432932700E0,-8.746007101778E1));
#4100=CARTESIAN_POINT('',(1.289736223072E1,3.979197500035E0,-8.747383247797E1));
#4101=CARTESIAN_POINT('',(1.317344075028E1,3.999929768538E0,-8.748759392645E1));
#4102=CARTESIAN_POINT('',(1.345029267339E1,4.001530642780E0,-8.750135540841E1));
#4103=CARTESIAN_POINT('',(1.372659522487E1,3.983992123436E0,-8.751511699353E1));
#4104=CARTESIAN_POINT('',(1.400102439475E1,3.947398063441E0,-8.752887856016E1));
#4105=CARTESIAN_POINT('',(1.427226796021E1,3.891923526424E0,-8.754264012701E1));
#4106=CARTESIAN_POINT('',(1.453902833106E1,3.817833903355E0,-8.755640168231E1));
#4107=CARTESIAN_POINT('',(1.480002986791E1,3.725483517528E0,-8.757016324016E1));
#4108=CARTESIAN_POINT('',(1.505402415894E1,3.615314079046E0,-8.758392479882E1));
#4109=CARTESIAN_POINT('',(1.529979632365E1,3.487852542560E0,-8.759768635704E1));
#4110=CARTESIAN_POINT('',(1.553617084388E1,3.343708548944E0,-8.761144791568E1));
#4111=CARTESIAN_POINT('',(1.576201709177E1,3.183571577054E0,-8.762520947186E1));
#4112=CARTESIAN_POINT('',(1.597625494315E1,3.008207485670E0,-8.763897103200E1));
#4113=CARTESIAN_POINT('',(1.617785958349E1,2.818455133022E0,-8.765273258897E1));
#4114=CARTESIAN_POINT('',(1.636586681578E1,2.615222035426E0,-8.766649414820E1));
#4115=CARTESIAN_POINT('',(1.653937732928E1,2.399480333947E0,-8.768025570462E1));
#4116=CARTESIAN_POINT('',(1.669756127186E1,2.172261872645E0,-8.769401726182E1));
#4117=CARTESIAN_POINT('',(1.683966203870E1,1.934653439892E0,-8.770777881961E1));
#4118=CARTESIAN_POINT('',(1.696499992644E1,1.687791598131E0,-8.772154037377E1));
#4119=CARTESIAN_POINT('',(1.707297550647E1,1.432856952854E0,-8.773530193192E1));
#4120=CARTESIAN_POINT('',(1.716307224759E1,1.171069081454E0,-8.774906348226E1));
#4121=CARTESIAN_POINT('',(1.723485930472E1,9.036798859480E-1,
-8.776282503720E1));
#4122=CARTESIAN_POINT('',(1.728799326877E1,6.319684610778E-1,
-8.777658658792E1));
#4123=CARTESIAN_POINT('',(1.732222003181E1,3.572343070243E-1,
-8.779034813955E1));
#4124=CARTESIAN_POINT('',(1.733737587365E1,8.079150089330E-2,
-8.780410969100E1));
#4125=CARTESIAN_POINT('',(1.733338832400E1,-1.960375474938E-1,
-8.781787123329E1));
#4126=CARTESIAN_POINT('',(1.731027643791E1,-4.719292420444E-1,
-8.783163279029E1));
#4127=CARTESIAN_POINT('',(1.726815071254E1,-7.455638477243E-1,
-8.784539435514E1));
#4128=CARTESIAN_POINT('',(1.720721265739E1,-1.015632348150E0,
-8.785915591707E1));
#4129=CARTESIAN_POINT('',(1.712775386129E1,-1.280842696817E0,
-8.787291745997E1));
#4130=CARTESIAN_POINT('',(1.703015436461E1,-1.539926658361E0,
-8.788667899674E1));
#4131=CARTESIAN_POINT('',(1.691488082025E1,-1.791645404620E0,
-8.790044054752E1));
#4132=CARTESIAN_POINT('',(1.678248460253E1,-2.034794792863E0,
-8.791420210425E1));
#4133=CARTESIAN_POINT('',(1.663359912261E1,-2.268211565633E0,
-8.792796365133E1));
#4134=CARTESIAN_POINT('',(1.646893660676E1,-2.490779231811E0,
-8.794172518355E1));
#4135=CARTESIAN_POINT('',(1.628928452576E1,-2.701433471679E0,
-8.795548671297E1));
#4136=CARTESIAN_POINT('',(1.609550193568E1,-2.899166945338E0,
-8.796924825493E1));
#4137=CARTESIAN_POINT('',(1.588851577704E1,-3.083033740285E0,
-8.798300980132E1));
#4138=CARTESIAN_POINT('',(1.566931645739E1,-3.252154133471E0,
-8.799677132805E1));
#4139=CARTESIAN_POINT('',(1.543895210044E1,-3.405719509182E0,
-8.801053285593E1));
#4140=CARTESIAN_POINT('',(1.519852472602E1,-3.542995260060E0,
-8.802429437415E1));
#4141=CARTESIAN_POINT('',(1.494918389300E1,-3.663325023617E0,
-8.803805590573E1));
#4142=CARTESIAN_POINT('',(1.469212243815E1,-3.766133094476E0,
-8.805181743624E1));
#4143=CARTESIAN_POINT('',(1.442857026464E1,-3.850927663958E0,
-8.806557894666E1));
#4144=CARTESIAN_POINT('',(1.415978732469E1,-3.917303364776E0,
-8.807934046923E1));
#4145=CARTESIAN_POINT('',(1.388705979515E1,-3.964942591827E0,
-8.809310197382E1));
#4146=CARTESIAN_POINT('',(1.361169146664E1,-3.993617611383E0,
-8.810686349343E1));
#4147=CARTESIAN_POINT('',(1.342723049487E1,-4.E0,-8.811603783151E1));
#4148=CARTESIAN_POINT('',(1.3335E1,-4.E0,-8.8120625E1));
#4150=CURVE_STYLE('',#140,POSITIVE_LENGTH_MEASURE(2.E-2),#81);
#4151=PRESENTATION_STYLE_ASSIGNMENT((#4150));
#4152=STYLED_ITEM('',(#4151),#4149);
#4153=CARTESIAN_POINT('',(1.3335E1,4.E0,-8.8589375E1));
#4154=CARTESIAN_POINT('',(1.342601665384E1,4.E0,-8.859390179699E1));
#4155=CARTESIAN_POINT('',(1.360820125169E1,3.993788838017E0,-8.860296288530E1));
#4156=CARTESIAN_POINT('',(1.388093359029E1,3.965731710813E0,-8.861659107176E1));
#4157=CARTESIAN_POINT('',(1.415098971218E1,3.919069475415E0,-8.863021359925E1));
#4158=CARTESIAN_POINT('',(1.441632345642E1,3.854288118537E0,-8.864378994727E1));
#4159=CARTESIAN_POINT('',(1.467641157017E1,3.771669865494E0,-8.865735472073E1));
#4160=CARTESIAN_POINT('',(1.493075693220E1,3.671297846090E0,-8.867094631E1));
#4161=CARTESIAN_POINT('',(1.517722297719E1,3.554021805905E0,-8.868451357195E1));
#4162=CARTESIAN_POINT('',(1.541550563587E1,3.419997749007E0,-8.869810288297E1));
#4163=CARTESIAN_POINT('',(1.564377764380E1,3.270223178442E0,-8.871167393446E1));
#4164=CARTESIAN_POINT('',(1.586136374631E1,3.105220596260E0,-8.872524761946E1));
#4165=CARTESIAN_POINT('',(1.606748439989E1,2.925472082416E0,-8.873884185755E1));
#4166=CARTESIAN_POINT('',(1.626045897426E1,2.732501355199E0,-8.875240707918E1));
#4167=CARTESIAN_POINT('',(1.644023330819E1,2.526343498526E0,-8.876600356722E1));
#4168=CARTESIAN_POINT('',(1.660516188587E1,2.308870628189E0,-8.877957052595E1));
#4169=CARTESIAN_POINT('',(1.675512640723E1,2.080300969917E0,-8.879315913753E1));
#4170=CARTESIAN_POINT('',(1.688907431817E1,1.842117054294E0,-8.880674229710E1));
#4171=CARTESIAN_POINT('',(1.700639736847E1,1.595539852862E0,-8.882031555509E1));
#4172=CARTESIAN_POINT('',(1.710677625519E1,1.341104187771E0,-8.883391145204E1));
#4173=CARTESIAN_POINT('',(1.718935895480E1,1.081094436519E0,-8.884747194891E1));
#4174=CARTESIAN_POINT('',(1.725417792508E1,8.154371083870E-1,
-8.886106438679E1));
#4175=CARTESIAN_POINT('',(1.730063967730E1,5.463905621832E-1,
-8.887463580038E1));
#4176=CARTESIAN_POINT('',(1.732868684988E1,2.745522222335E-1,
-8.888821978813E1));
#4177=CARTESIAN_POINT('',(1.733809965102E1,1.439221915726E-3,
-8.890180348108E1));
#4178=CARTESIAN_POINT('',(1.732891280514E1,-2.711678415956E-1,
-8.891536163816E1));
#4179=CARTESIAN_POINT('',(1.730104663880E1,-5.436274641535E-1,
-8.892897541868E1));
#4180=CARTESIAN_POINT('',(1.725451821828E1,-8.139085154254E-1,
-8.894260779516E1));
#4181=CARTESIAN_POINT('',(1.718962431466E1,-1.080189116610E0,
-8.895623114789E1));
#4182=CARTESIAN_POINT('',(1.710701089038E1,-1.340416585403E0,
-8.896980245517E1));
#4183=CARTESIAN_POINT('',(1.700693534313E1,-1.594295438383E0,
-8.898336706599E1));
#4184=CARTESIAN_POINT('',(1.688939627936E1,-1.841547227483E0,
-8.899697520858E1));
#4185=CARTESIAN_POINT('',(1.675505548502E1,-2.080438304229E0,
-8.901059852138E1));
#4186=CARTESIAN_POINT('',(1.660494358792E1,-2.309187081654E0,
-8.902419856204E1));
#4187=CARTESIAN_POINT('',(1.643997111539E1,-2.526648806933E0,
-8.903776644016E1));
#4188=CARTESIAN_POINT('',(1.626057326534E1,-2.732380413809E0,
-8.905133464547E1));
#4189=CARTESIAN_POINT('',(1.606706954363E1,-2.925885960778E0,
-8.906493725828E1));
#4190=CARTESIAN_POINT('',(1.586059277771E1,-3.105848946574E0,
-8.907855180573E1));
#4191=CARTESIAN_POINT('',(1.564296481194E1,-3.270803018859E0,
-8.909212567267E1));
#4192=CARTESIAN_POINT('',(1.541445805978E1,-3.420628401650E0,
-8.910570789982E1));
#4193=CARTESIAN_POINT('',(1.517654389104E1,-3.554374854403E0,
-8.911927445466E1));
#4194=CARTESIAN_POINT('',(1.492946817679E1,-3.671873406210E0,
-8.913287383962E1));
#4195=CARTESIAN_POINT('',(1.467491949311E1,-3.772197330908E0,
-8.914647392840E1));
#4196=CARTESIAN_POINT('',(1.441478589016E1,-3.854728842858E0,
-8.916003952766E1));
#4197=CARTESIAN_POINT('',(1.414907828189E1,-3.919457200823E0,
-8.917363333331E1));
#4198=CARTESIAN_POINT('',(1.388014209344E1,-3.965814323300E0,
-8.918719844103E1));
#4199=CARTESIAN_POINT('',(1.360802825647E1,-3.993792832931E0,
-8.920079572368E1));
#4200=CARTESIAN_POINT('',(1.342600661134E1,-4.E0,-8.920984870248E1));
#4201=CARTESIAN_POINT('',(1.3335E1,-4.E0,-8.9214375E1));
#4203=CURVE_STYLE('',#140,POSITIVE_LENGTH_MEASURE(2.E-2),#81);
#4204=PRESENTATION_STYLE_ASSIGNMENT((#4203));
#4205=STYLED_ITEM('',(#4204),#4202);
#4206=DIRECTION('',(0.E0,0.E0,-1.E0));
#4207=VECTOR('',#4206,1.562500000001E-1);
#4208=CARTESIAN_POINT('',(1.3335E1,4.E0,-8.8589375E1));
#4209=LINE('',#4208,#4207);
#4210=CURVE_STYLE('',#140,POSITIVE_LENGTH_MEASURE(2.E-2),#81);
#4211=PRESENTATION_STYLE_ASSIGNMENT((#4210));
#4212=STYLED_ITEM('',(#4211),#4209);
#4213=CARTESIAN_POINT('',(1.461877443922E1,-3.788393219981E0,-8.9305625E1));
#4214=CARTESIAN_POINT('',(1.470541148719E1,-3.759034486287E0,
-8.930107534212E1));
#4215=CARTESIAN_POINT('',(1.487667208726E1,-3.694374538324E0,
-8.929197603683E1));
#4216=CARTESIAN_POINT('',(1.512646552646E1,-3.579910522378E0,
-8.927831809438E1));
#4217=CARTESIAN_POINT('',(1.536751168160E1,-3.448774770516E0,
-8.926467821502E1));
#4218=CARTESIAN_POINT('',(1.559943453941E1,-3.301128835216E0,
-8.925101223701E1));
#4219=CARTESIAN_POINT('',(1.582007691985E1,-3.138387517968E0,
-8.923738430296E1));
#4220=CARTESIAN_POINT('',(1.602970626010E1,-2.960379823212E0,
-8.922371440656E1));
#4221=CARTESIAN_POINT('',(1.622710650234E1,-2.767864614261E0,
-8.921000869620E1));
#4222=CARTESIAN_POINT('',(1.641074456486E1,-2.562237473585E0,
-8.919630509016E1));
#4223=CARTESIAN_POINT('',(1.657928922437E1,-2.345134814273E0,
-8.918264336543E1));
#4224=CARTESIAN_POINT('',(1.673219837540E1,-2.117579463309E0,
-8.916901587086E1));
#4225=CARTESIAN_POINT('',(1.686959566013E1,-1.879336702940E0,
-8.915534540266E1));
#4226=CARTESIAN_POINT('',(1.699050585621E1,-1.631743027676E0,
-8.914164933916E1));
#4227=CARTESIAN_POINT('',(1.709401307184E1,-1.376587851792E0,
-8.912796261411E1));
#4228=CARTESIAN_POINT('',(1.717947275689E1,-1.115832585265E0,
-8.911432298683E1));
#4229=CARTESIAN_POINT('',(1.724688297081E1,-8.498811009594E-1,
-8.910068535614E1));
#4230=CARTESIAN_POINT('',(1.729600923892E1,-5.793598811607E-1,
-8.908701875485E1));
#4231=CARTESIAN_POINT('',(1.732646679462E1,-3.056642458723E-1,
-8.907333031792E1));
#4232=CARTESIAN_POINT('',(1.733801868659E1,-3.104623083897E-2,
-8.905966792571E1));
#4233=CARTESIAN_POINT('',(1.733073342478E1,2.432985937528E-1,
-8.904602633711E1));
#4234=CARTESIAN_POINT('',(1.730468193285E1,5.164760001795E-1,
-8.903238597729E1));
#4235=CARTESIAN_POINT('',(1.725989252118E1,7.876933579094E-1,
-8.901872210935E1));
#4236=CARTESIAN_POINT('',(1.719648740600E1,1.055493646176E0,-8.900504264310E1));
#4237=CARTESIAN_POINT('',(1.711510870862E1,1.317533221058E0,-8.899140390304E1));
#4238=CARTESIAN_POINT('',(1.701581478136E1,1.573762729518E0,-8.897774467624E1));
#4239=CARTESIAN_POINT('',(1.689936770437E1,1.822194512542E0,-8.896410673337E1));
#4240=CARTESIAN_POINT('',(1.676592722277E1,2.062510404838E0,-8.895044345696E1));
#4241=CARTESIAN_POINT('',(1.661628862571E1,2.293086928956E0,-8.893678024774E1));
#4242=CARTESIAN_POINT('',(1.645151732264E1,2.512463316143E0,-8.892314255914E1));
#4243=CARTESIAN_POINT('',(1.627165188104E1,2.720518170806E0,-8.890947198471E1));
#4244=CARTESIAN_POINT('',(1.607842232788E1,2.915261564867E0,-8.889583548036E1));
#4245=CARTESIAN_POINT('',(1.587190348933E1,3.096654654480E0,-8.888217258320E1));
#4246=CARTESIAN_POINT('',(1.565376926200E1,3.263189577837E0,-8.886853118089E1));
#4247=CARTESIAN_POINT('',(1.542445923928E1,3.414583868596E0,-8.885487286415E1));
#4248=CARTESIAN_POINT('',(1.518499323617E1,3.550023645593E0,-8.884119785169E1));
#4249=CARTESIAN_POINT('',(1.493747858890E1,3.668402045208E0,-8.882756004045E1));
#4250=CARTESIAN_POINT('',(1.468208976536E1,3.769676287188E0,-8.881390378544E1));
#4251=CARTESIAN_POINT('',(1.442073102872E1,3.853092769147E0,-8.880026689510E1));
#4252=CARTESIAN_POINT('',(1.415346419468E1,3.918595769007E0,-8.878658879786E1));
#4253=CARTESIAN_POINT('',(1.388230882360E1,3.965552172782E0,-8.877290999975E1));
#4254=CARTESIAN_POINT('',(1.360936133747E1,3.993721333895E0,-8.875927063427E1));
#4255=CARTESIAN_POINT('',(1.342643589347E1,4.E0,-8.875017264826E1));
#4256=CARTESIAN_POINT('',(1.3335E1,4.E0,-8.8745625E1));
#4258=CURVE_STYLE('',#140,POSITIVE_LENGTH_MEASURE(2.E-2),#81);
#4259=PRESENTATION_STYLE_ASSIGNMENT((#4258));
#4260=STYLED_ITEM('',(#4259),#4257);
#4261=CARTESIAN_POINT('',(1.3335E1,-4.E0,-8.9370625E1));
#4262=CARTESIAN_POINT('',(1.342210851643E1,-4.E0,-8.936629257782E1));
#4263=CARTESIAN_POINT('',(1.359632997678E1,-3.994312203517E0,
-8.935762753814E1));
#4264=CARTESIAN_POINT('',(1.385681216473E1,-3.968688133652E0,
-8.934461661099E1));
#4265=CARTESIAN_POINT('',(1.411457184213E1,-3.926201063880E0,
-8.933163066118E1));
#4266=CARTESIAN_POINT('',(1.436957326553E1,-3.866843934343E0,
-8.931861580243E1));
#4267=CARTESIAN_POINT('',(1.453632733155E1,-3.816332106804E0,
-8.930995462735E1));
#4268=CARTESIAN_POINT('',(1.461877443922E1,-3.788393219981E0,-8.9305625E1));
#4270=CURVE_STYLE('',#140,POSITIVE_LENGTH_MEASURE(2.E-2),#81);
#4271=PRESENTATION_STYLE_ASSIGNMENT((#4270));
#4272=STYLED_ITEM('',(#4271),#4269);
#4273=CARTESIAN_POINT('',(1.461877443922E1,-3.788393219981E0,-9.0399375E1));
#4274=CARTESIAN_POINT('',(1.453632733155E1,-3.816332106804E0,
-9.040370462735E1));
#4275=CARTESIAN_POINT('',(1.436957326553E1,-3.866843934343E0,
-9.041236580243E1));
#4276=CARTESIAN_POINT('',(1.411457184213E1,-3.926201063880E0,
-9.042538066118E1));
#4277=CARTESIAN_POINT('',(1.385681216473E1,-3.968688133652E0,
-9.043836661099E1));
#4278=CARTESIAN_POINT('',(1.359632997678E1,-3.994312203517E0,
-9.045137753814E1));
#4279=CARTESIAN_POINT('',(1.342210851643E1,-4.E0,-9.046004257782E1));
#4280=CARTESIAN_POINT('',(1.3335E1,-4.E0,-9.0464375E1));
#4282=CURVE_STYLE('',#140,POSITIVE_LENGTH_MEASURE(2.E-2),#81);
#4283=PRESENTATION_STYLE_ASSIGNMENT((#4282));
#4284=STYLED_ITEM('',(#4283),#4281);
#4285=CARTESIAN_POINT('',(1.3335E1,4.E0,-8.9839375E1));
#4286=CARTESIAN_POINT('',(1.342643589347E1,4.E0,-8.984392264826E1));
#4287=CARTESIAN_POINT('',(1.360936133747E1,3.993721333895E0,-8.985302063427E1));
#4288=CARTESIAN_POINT('',(1.388230882360E1,3.965552172782E0,-8.986665999975E1));
#4289=CARTESIAN_POINT('',(1.415346419468E1,3.918595769007E0,-8.988033879786E1));
#4290=CARTESIAN_POINT('',(1.442073102872E1,3.853092769147E0,-8.989401689510E1));
#4291=CARTESIAN_POINT('',(1.468208976536E1,3.769676287188E0,-8.990765378544E1));
#4292=CARTESIAN_POINT('',(1.493747858890E1,3.668402045208E0,-8.992131004045E1));
#4293=CARTESIAN_POINT('',(1.518499323617E1,3.550023645593E0,-8.993494785169E1));
#4294=CARTESIAN_POINT('',(1.542445923928E1,3.414583868596E0,-8.994862286415E1));
#4295=CARTESIAN_POINT('',(1.565376926200E1,3.263189577837E0,-8.996228118089E1));
#4296=CARTESIAN_POINT('',(1.587190348933E1,3.096654654480E0,-8.997592258320E1));
#4297=CARTESIAN_POINT('',(1.607842232788E1,2.915261564867E0,-8.998958548036E1));
#4298=CARTESIAN_POINT('',(1.627165188104E1,2.720518170806E0,-9.000322198471E1));
#4299=CARTESIAN_POINT('',(1.645151732264E1,2.512463316143E0,-9.001689255914E1));
#4300=CARTESIAN_POINT('',(1.661628862571E1,2.293086928956E0,-9.003053024774E1));
#4301=CARTESIAN_POINT('',(1.676592722277E1,2.062510404838E0,-9.004419345696E1));
#4302=CARTESIAN_POINT('',(1.689936770437E1,1.822194512542E0,-9.005785673337E1));
#4303=CARTESIAN_POINT('',(1.701581478136E1,1.573762729518E0,-9.007149467624E1));
#4304=CARTESIAN_POINT('',(1.711510870862E1,1.317533221058E0,-9.008515390304E1));
#4305=CARTESIAN_POINT('',(1.719648740600E1,1.055493646176E0,-9.009879264310E1));
#4306=CARTESIAN_POINT('',(1.725989252118E1,7.876933579094E-1,
-9.011247210935E1));
#4307=CARTESIAN_POINT('',(1.730468193285E1,5.164760001795E-1,
-9.012613597729E1));
#4308=CARTESIAN_POINT('',(1.733073342478E1,2.432985937528E-1,
-9.013977633711E1));
#4309=CARTESIAN_POINT('',(1.733801868659E1,-3.104623083899E-2,
-9.015341792571E1));
#4310=CARTESIAN_POINT('',(1.732646679462E1,-3.056642458723E-1,
-9.016708031792E1));
#4311=CARTESIAN_POINT('',(1.729600923892E1,-5.793598811607E-1,
-9.018076875485E1));
#4312=CARTESIAN_POINT('',(1.724688297081E1,-8.498811009594E-1,
-9.019443535614E1));
#4313=CARTESIAN_POINT('',(1.717947275689E1,-1.115832585265E0,
-9.020807298683E1));
#4314=CARTESIAN_POINT('',(1.709401307184E1,-1.376587851792E0,
-9.022171261411E1));
#4315=CARTESIAN_POINT('',(1.699050585621E1,-1.631743027676E0,
-9.023539933916E1));
#4316=CARTESIAN_POINT('',(1.686959566013E1,-1.879336702940E0,
-9.024909540266E1));
#4317=CARTESIAN_POINT('',(1.673219837540E1,-2.117579463309E0,
-9.026276587086E1));
#4318=CARTESIAN_POINT('',(1.657928922437E1,-2.345134814273E0,
-9.027639336543E1));
#4319=CARTESIAN_POINT('',(1.641074456486E1,-2.562237473585E0,
-9.029005509016E1));
#4320=CARTESIAN_POINT('',(1.622710650234E1,-2.767864614261E0,
-9.030375869620E1));
#4321=CARTESIAN_POINT('',(1.602970626010E1,-2.960379823212E0,
-9.031746440656E1));
#4322=CARTESIAN_POINT('',(1.582007691985E1,-3.138387517968E0,
-9.033113430296E1));
#4323=CARTESIAN_POINT('',(1.559943453941E1,-3.301128835216E0,
-9.034476223701E1));
#4324=CARTESIAN_POINT('',(1.536751168160E1,-3.448774770516E0,
-9.035842821503E1));
#4325=CARTESIAN_POINT('',(1.512646552646E1,-3.579910522378E0,
-9.037206809438E1));
#4326=CARTESIAN_POINT('',(1.487667208726E1,-3.694374538324E0,
-9.038572603683E1));
#4327=CARTESIAN_POINT('',(1.470541148719E1,-3.759034486287E0,
-9.039482534212E1));
#4328=CARTESIAN_POINT('',(1.461877443922E1,-3.788393219981E0,-9.0399375E1));
#4330=CURVE_STYLE('',#140,POSITIVE_LENGTH_MEASURE(2.E-2),#81);
#4331=PRESENTATION_STYLE_ASSIGNMENT((#4330));
#4332=STYLED_ITEM('',(#4331),#4329);
#4333=DIRECTION('',(-1.136868377216E-14,0.E0,-1.E0));
#4334=VECTOR('',#4333,1.562500000001E-1);
#4335=CARTESIAN_POINT('',(1.3335E1,4.E0,-8.9839375E1));
#4336=LINE('',#4335,#4334);
#4337=CURVE_STYLE('',#140,POSITIVE_LENGTH_MEASURE(2.E-2),#81);
#4338=PRESENTATION_STYLE_ASSIGNMENT((#4337));
#4339=STYLED_ITEM('',(#4338),#4336);
#4340=CARTESIAN_POINT('',(1.3335E1,-4.E0,-9.0620625E1));
#4341=CARTESIAN_POINT('',(1.342600989157E1,-4.E0,-9.061609853934E1));
#4342=CARTESIAN_POINT('',(1.360803140532E1,-3.993790200034E0,
-9.060704555671E1));
#4343=CARTESIAN_POINT('',(1.388000686373E1,-3.965831694850E0,
-9.059345521691E1));
#4344=CARTESIAN_POINT('',(1.414902524826E1,-3.919471535908E0,
-9.057988605708E1));
#4345=CARTESIAN_POINT('',(1.441483820729E1,-3.854715418222E0,
-9.056628684438E1));
#4346=CARTESIAN_POINT('',(1.467498011457E1,-3.772175953021E0,
-9.055272073711E1));
#4347=CARTESIAN_POINT('',(1.492950029271E1,-3.671856204485E0,
-9.053912203293E1));
#4348=CARTESIAN_POINT('',(1.517642503876E1,-3.554434541294E0,
-9.052553106447E1));
#4349=CARTESIAN_POINT('',(1.541440454643E1,-3.420664229714E0,
-9.051196109532E1));
#4350=CARTESIAN_POINT('',(1.564297725043E1,-3.270794839477E0,
-9.049837493376E1));
#4351=CARTESIAN_POINT('',(1.586059300649E1,-3.105848327299E0,
-9.048480178078E1));
#4352=CARTESIAN_POINT('',(1.606702930368E1,-2.925918481998E0,
-9.047118982059E1));
#4353=CARTESIAN_POINT('',(1.626039996373E1,-2.732562841700E0,
-9.045759715086E1));
#4354=CARTESIAN_POINT('',(1.643984982479E1,-2.526801644468E0,
-9.044402613409E1));
#4355=CARTESIAN_POINT('',(1.660485945179E1,-2.309305830611E0,
-9.043045579540E1));
#4356=CARTESIAN_POINT('',(1.675495848274E1,-2.080596164598E0,
-9.041685773259E1));
#4357=CARTESIAN_POINT('',(1.688927204271E1,-1.841777426216E0,
-9.040323820404E1));
#4358=CARTESIAN_POINT('',(1.700673688111E1,-1.594746044463E0,
-9.038964153658E1));
#4359=CARTESIAN_POINT('',(1.710686315671E1,-1.340838104776E0,
-9.037607465030E1));
#4360=CARTESIAN_POINT('',(1.718950773609E1,-1.080601490724E0,
-9.036250244588E1));
#4361=CARTESIAN_POINT('',(1.725441654162E1,-8.143914283204E-1,
-9.034888232375E1));
#4362=CARTESIAN_POINT('',(1.730096088361E1,-5.442155718821E-1,
-9.033525495137E1));
#4363=CARTESIAN_POINT('',(1.732885172490E1,-2.720198561083E-1,
-9.032165409014E1));
#4364=CARTESIAN_POINT('',(1.733810174570E1,6.151933660260E-4,
-9.030809443161E1));
#4365=CARTESIAN_POINT('',(1.732874092829E1,2.737391126072E-1,
-9.029451028579E1));
#4366=CARTESIAN_POINT('',(1.730076144065E1,5.455113543249E-1,
-9.028092991427E1));
#4367=CARTESIAN_POINT('',(1.725434032084E1,8.146564683066E-1,
-9.026735401013E1));
#4368=CARTESIAN_POINT('',(1.718960009695E1,1.080227851995E0,-9.025376665467E1));
#4369=CARTESIAN_POINT('',(1.710707371334E1,1.340270091250E0,-9.024020546008E1));
#4370=CARTESIAN_POINT('',(1.700674875153E1,1.594728756471E0,-9.022660948361E1));
#4371=CARTESIAN_POINT('',(1.688949487576E1,1.841307435038E0,-9.021303763986E1));
#4372=CARTESIAN_POINT('',(1.675556765821E1,2.079574469520E0,-9.019945137760E1));
#4373=CARTESIAN_POINT('',(1.660569968059E1,2.308107849841E0,-9.018586691090E1));
#4374=CARTESIAN_POINT('',(1.644077781133E1,2.525676887332E0,-9.017229634108E1));
#4375=CARTESIAN_POINT('',(1.626103209369E1,2.731887329376E0,-9.015869882218E1));
#4376=CARTESIAN_POINT('',(1.606809161106E1,2.924906420375E0,-9.014513310110E1));
#4377=CARTESIAN_POINT('',(1.586196602018E1,3.104730266910E0,-9.013153621300E1));
#4378=CARTESIAN_POINT('',(1.564443055464E1,3.269764228357E0,-9.011796359935E1));
#4379=CARTESIAN_POINT('',(1.541606023147E1,3.419662753275E0,-9.010438508060E1));
#4380=CARTESIAN_POINT('',(1.517780764757E1,3.553718027217E0,-9.009079631712E1));
#4381=CARTESIAN_POINT('',(1.493132081644E1,3.671055504430E0,-9.007722681366E1));
#4382=CARTESIAN_POINT('',(1.467691423367E1,3.771489786073E0,-9.006363125261E1));
#4383=CARTESIAN_POINT('',(1.441691773455E1,3.854123443678E0,-9.005007059657E1));
#4384=CARTESIAN_POINT('',(1.415132159246E1,3.919007014459E0,-9.003648037483E1));
#4385=CARTESIAN_POINT('',(1.388109584432E1,3.965712296437E0,-9.002284919547E1));
#4386=CARTESIAN_POINT('',(1.360824306985E1,3.993788149297E0,-9.000921496038E1));
#4387=CARTESIAN_POINT('',(1.342602349025E1,4.E0,-9.000015213700E1));
#4388=CARTESIAN_POINT('',(1.3335E1,4.E0,-8.9995625E1));
#4390=CURVE_STYLE('',#140,POSITIVE_LENGTH_MEASURE(2.E-2),#81);
#4391=PRESENTATION_STYLE_ASSIGNMENT((#4390));
#4392=STYLED_ITEM('',(#4391),#4389);
#4393=CARTESIAN_POINT('',(1.3335E1,4.E0,-9.1089375E1));
#4394=CARTESIAN_POINT('',(1.342602349025E1,4.E0,-9.109390213700E1));
#4395=CARTESIAN_POINT('',(1.360824306985E1,3.993788149297E0,-9.110296496038E1));
#4396=CARTESIAN_POINT('',(1.388109584432E1,3.965712296437E0,-9.111659919547E1));
#4397=CARTESIAN_POINT('',(1.415132159246E1,3.919007014459E0,-9.113023037483E1));
#4398=CARTESIAN_POINT('',(1.441691773455E1,3.854123443678E0,-9.114382059657E1));
#4399=CARTESIAN_POINT('',(1.467691423367E1,3.771489786073E0,-9.115738125261E1));
#4400=CARTESIAN_POINT('',(1.493132081644E1,3.671055504430E0,-9.117097681366E1));
#4401=CARTESIAN_POINT('',(1.517780764757E1,3.553718027217E0,-9.118454631712E1));
#4402=CARTESIAN_POINT('',(1.541606023147E1,3.419662753275E0,-9.119813508060E1));
#4403=CARTESIAN_POINT('',(1.564443055464E1,3.269764228357E0,-9.121171359935E1));
#4404=CARTESIAN_POINT('',(1.586196602018E1,3.104730266910E0,-9.122528621300E1));
#4405=CARTESIAN_POINT('',(1.606809161106E1,2.924906420375E0,-9.123888310110E1));
#4406=CARTESIAN_POINT('',(1.626103209369E1,2.731887329376E0,-9.125244882218E1));
#4407=CARTESIAN_POINT('',(1.644077781133E1,2.525676887332E0,-9.126604634108E1));
#4408=CARTESIAN_POINT('',(1.660569968059E1,2.308107849841E0,-9.127961691090E1));
#4409=CARTESIAN_POINT('',(1.675556765821E1,2.079574469520E0,-9.129320137760E1));
#4410=CARTESIAN_POINT('',(1.688949487576E1,1.841307435038E0,-9.130678763986E1));
#4411=CARTESIAN_POINT('',(1.700674875153E1,1.594728756471E0,-9.132035948361E1));
#4412=CARTESIAN_POINT('',(1.710707371334E1,1.340270091250E0,-9.133395546008E1));
#4413=CARTESIAN_POINT('',(1.718960009695E1,1.080227851995E0,-9.134751665467E1));
#4414=CARTESIAN_POINT('',(1.725434032084E1,8.146564683066E-1,
-9.136110401013E1));
#4415=CARTESIAN_POINT('',(1.730076144065E1,5.455113543249E-1,
-9.137467991427E1));
#4416=CARTESIAN_POINT('',(1.732874092829E1,2.737391126072E-1,
-9.138826028579E1));
#4417=CARTESIAN_POINT('',(1.733810174570E1,6.151933660214E-4,
-9.140184443161E1));
#4418=CARTESIAN_POINT('',(1.732885172490E1,-2.720198561083E-1,
-9.141540409014E1));
#4419=CARTESIAN_POINT('',(1.730096088361E1,-5.442155718821E-1,
-9.142900495137E1));
#4420=CARTESIAN_POINT('',(1.725441654162E1,-8.143914283204E-1,
-9.144263232375E1));
#4421=CARTESIAN_POINT('',(1.718950773609E1,-1.080601490724E0,
-9.145625244588E1));
#4422=CARTESIAN_POINT('',(1.710686315671E1,-1.340838104776E0,
-9.146982465030E1));
#4423=CARTESIAN_POINT('',(1.700673688111E1,-1.594746044463E0,
-9.148339153658E1));
#4424=CARTESIAN_POINT('',(1.688927204271E1,-1.841777426216E0,
-9.149698820404E1));
#4425=CARTESIAN_POINT('',(1.675495848274E1,-2.080596164598E0,
-9.151060773259E1));
#4426=CARTESIAN_POINT('',(1.660485945179E1,-2.309305830611E0,
-9.152420579540E1));
#4427=CARTESIAN_POINT('',(1.643984982479E1,-2.526801644468E0,
-9.153777613409E1));
#4428=CARTESIAN_POINT('',(1.626039996373E1,-2.732562841700E0,
-9.155134715086E1));
#4429=CARTESIAN_POINT('',(1.606702930368E1,-2.925918481998E0,
-9.156493982059E1));
#4430=CARTESIAN_POINT('',(1.586059300649E1,-3.105848327299E0,
-9.157855178078E1));
#4431=CARTESIAN_POINT('',(1.564297725043E1,-3.270794839477E0,
-9.159212493376E1));
#4432=CARTESIAN_POINT('',(1.541440454643E1,-3.420664229714E0,
-9.160571109532E1));
#4433=CARTESIAN_POINT('',(1.517642503876E1,-3.554434541294E0,
-9.161928106447E1));
#4434=CARTESIAN_POINT('',(1.492950029271E1,-3.671856204485E0,
-9.163287203293E1));
#4435=CARTESIAN_POINT('',(1.467498011457E1,-3.772175953021E0,
-9.164647073711E1));
#4436=CARTESIAN_POINT('',(1.441483820729E1,-3.854715418222E0,
-9.166003684438E1));
#4437=CARTESIAN_POINT('',(1.414902524826E1,-3.919471535908E0,
-9.167363605708E1));
#4438=CARTESIAN_POINT('',(1.388000686373E1,-3.965831694850E0,
-9.168720521691E1));
#4439=CARTESIAN_POINT('',(1.360803140532E1,-3.993790200034E0,
-9.170079555671E1));
#4440=CARTESIAN_POINT('',(1.342600989157E1,-4.E0,-9.170984853934E1));
#4441=CARTESIAN_POINT('',(1.3335E1,-4.E0,-9.1714375E1));
#4443=CURVE_STYLE('',#140,POSITIVE_LENGTH_MEASURE(2.E-2),#81);
#4444=PRESENTATION_STYLE_ASSIGNMENT((#4443));
#4445=STYLED_ITEM('',(#4444),#4442);
#4446=DIRECTION('',(1.136868377216E-14,-1.136868377216E-14,-1.E0));
#4447=VECTOR('',#4446,1.562500000001E-1);
#4448=CARTESIAN_POINT('',(1.3335E1,4.E0,-9.1089375E1));
#4449=LINE('',#4448,#4447);
#4450=CURVE_STYLE('',#140,POSITIVE_LENGTH_MEASURE(2.E-2),#81);
#4451=PRESENTATION_STYLE_ASSIGNMENT((#4450));
#4452=STYLED_ITEM('',(#4451),#4449);
#4453=CARTESIAN_POINT('',(1.3335E1,-4.E0,-9.1870625E1));
#4454=CARTESIAN_POINT('',(1.342601375587E1,-4.E0,-9.186609834714E1));
#4455=CARTESIAN_POINT('',(1.360804342825E1,-3.993790010076E0,
-9.185704496035E1));
#4456=CARTESIAN_POINT('',(1.388005047115E1,-3.965826104473E0,
-9.184345303180E1));
#4457=CARTESIAN_POINT('',(1.414906435234E1,-3.919463093077E0,
-9.182988407020E1));
#4458=CARTESIAN_POINT('',(1.441486237413E1,-3.854708211358E0,
-9.181628558867E1));
#4459=CARTESIAN_POINT('',(1.467500140548E1,-3.772169228854E0,
-9.180271963449E1));
#4460=CARTESIAN_POINT('',(1.492947263845E1,-3.671861291718E0,
-9.178912338813E1));
#4461=CARTESIAN_POINT('',(1.517611282450E1,-3.554595277665E0,
-9.177554851884E1));
#4462=CARTESIAN_POINT('',(1.541435436018E1,-3.420703429423E0,
-9.176196423440E1));
#4463=CARTESIAN_POINT('',(1.564300584569E1,-3.270771747836E0,
-9.174837311529E1));
#4464=CARTESIAN_POINT('',(1.586045211761E1,-3.105955610494E0,
-9.173481058403E1));
#4465=CARTESIAN_POINT('',(1.606664932766E1,-2.926256454660E0,
-9.172121507787E1));
#4466=CARTESIAN_POINT('',(1.625971721173E1,-2.733291551521E0,
-9.170764677650E1));
#4467=CARTESIAN_POINT('',(1.643948014302E1,-2.527274199886E0,
-9.169405594649E1));
#4468=CARTESIAN_POINT('',(1.660457948557E1,-2.309686368825E0,
-9.168047927329E1));
#4469=CARTESIAN_POINT('',(1.675436493929E1,-2.081550680573E0,
-9.166691359032E1));
#4470=CARTESIAN_POINT('',(1.688877501405E1,-1.842757262096E0,
-9.165329278715E1));
#4471=CARTESIAN_POINT('',(1.700660811195E1,-1.595100966090E0,
-9.163966026763E1));
#4472=CARTESIAN_POINT('',(1.710707698358E1,-1.340276199836E0,
-9.162604478985E1));
#4473=CARTESIAN_POINT('',(1.718962135182E1,-1.080130356852E0,
-9.161247838429E1));
#4474=CARTESIAN_POINT('',(1.725429520042E1,-8.148862833857E-1,
-9.159890762681E1));
#4475=CARTESIAN_POINT('',(1.730085834330E1,-5.449894088102E-1,
-9.158529372959E1));
#4476=CARTESIAN_POINT('',(1.732884446363E1,-2.723528315252E-1,
-9.157167062840E1));
#4477=CARTESIAN_POINT('',(1.733810630340E1,8.579026082561E-4,
-9.155808237493E1));
#4478=CARTESIAN_POINT('',(1.732872983564E1,2.737567621121E-1,
-9.154450937179E1));
#4479=CARTESIAN_POINT('',(1.730079163777E1,5.453383375585E-1,
-9.153093863311E1));
#4480=CARTESIAN_POINT('',(1.725425839951E1,8.151289585571E-1,
-9.151733018639E1));
#4481=CARTESIAN_POINT('',(1.718934902025E1,1.081149202576E0,-9.150371920635E1));
#4482=CARTESIAN_POINT('',(1.710670170850E1,1.341313826952E0,-9.149015039547E1));
#4483=CARTESIAN_POINT('',(1.700637524949E1,1.595575163937E0,-9.147656350389E1));
#4484=CARTESIAN_POINT('',(1.688910794321E1,1.842063929350E0,-9.146299541123E1));
#4485=CARTESIAN_POINT('',(1.675493850531E1,2.080623859767E0,-9.144939057002E1));
#4486=CARTESIAN_POINT('',(1.660490206625E1,2.309239594723E0,-9.143579810644E1));
#4487=CARTESIAN_POINT('',(1.643990244751E1,2.526751290496E0,-9.142222746736E1));
#4488=CARTESIAN_POINT('',(1.626012587343E1,2.732856279057E0,-9.140863288801E1));
#4489=CARTESIAN_POINT('',(1.606710851652E1,2.925827580222E0,-9.139506614943E1));
#4490=CARTESIAN_POINT('',(1.586085317952E1,3.105635641441E0,-9.138146491378E1));
#4491=CARTESIAN_POINT('',(1.564328468301E1,3.270575643994E0,-9.136789382186E1));
#4492=CARTESIAN_POINT('',(1.541466550078E1,3.420518147742E0,-9.135430376749E1));
#4493=CARTESIAN_POINT('',(1.517620770401E1,3.554548699379E0,-9.134070672935E1));
#4494=CARTESIAN_POINT('',(1.492969643308E1,3.671759208831E0,-9.132713883788E1));
#4495=CARTESIAN_POINT('',(1.467531635493E1,3.772057432673E0,-9.131354697475E1));
#4496=CARTESIAN_POINT('',(1.441515497124E1,3.854626387527E0,-9.129997949924E1));
#4497=CARTESIAN_POINT('',(1.414919994848E1,3.919448080436E0,-9.128637269144E1));
#4498=CARTESIAN_POINT('',(1.387957226336E1,3.965893865676E0,-9.127277295704E1));
#4499=CARTESIAN_POINT('',(1.360800826787E1,3.993782961962E0,-9.125920333488E1));
#4500=CARTESIAN_POINT('',(1.342599437108E1,4.E0,-9.125015068873E1));
#4501=CARTESIAN_POINT('',(1.3335E1,4.E0,-9.1245625E1));
#4503=CURVE_STYLE('',#140,POSITIVE_LENGTH_MEASURE(2.E-2),#81);
#4504=PRESENTATION_STYLE_ASSIGNMENT((#4503));
#4505=STYLED_ITEM('',(#4504),#4502);
#4506=CARTESIAN_POINT('',(1.360049841397E1,3.312795721200E0,-8.696466E1));
#4507=CARTESIAN_POINT('',(1.352464057185E1,3.326857200899E0,-8.696466E1));
#4508=CARTESIAN_POINT('',(1.337191525558E1,3.349688930158E0,-8.696466E1));
#4509=CARTESIAN_POINT('',(1.313928738355E1,3.368030321568E0,-8.696466E1));
#4510=CARTESIAN_POINT('',(1.290456919546E1,3.370113210142E0,-8.696466E1));
#4511=CARTESIAN_POINT('',(1.266925004188E1,3.355807537001E0,-8.696466E1));
#4512=CARTESIAN_POINT('',(1.243415238240E1,3.325033138386E0,-8.696466E1));
#4513=CARTESIAN_POINT('',(1.220053863280E1,3.277786984115E0,-8.696466E1));
#4514=CARTESIAN_POINT('',(1.196967815692E1,3.214207142549E0,-8.696466E1));
#4515=CARTESIAN_POINT('',(1.174235711159E1,3.134336799125E0,-8.696466E1));
#4516=CARTESIAN_POINT('',(1.152021028804E1,3.038603272943E0,-8.696466E1));
#4517=CARTESIAN_POINT('',(1.130395510812E1,2.927186491478E0,-8.696466E1));
#4518=CARTESIAN_POINT('',(1.109486165670E1,2.800553482624E0,-8.696466E1));
#4519=CARTESIAN_POINT('',(1.089403359022E1,2.659245828752E0,-8.696466E1));
#4520=CARTESIAN_POINT('',(1.070222035390E1,2.503586385092E0,-8.696466E1));
#4521=CARTESIAN_POINT('',(1.052082754759E1,2.334545883487E0,-8.696466E1));
#4522=CARTESIAN_POINT('',(1.035044495264E1,2.152511625838E0,-8.696466E1));
#4523=CARTESIAN_POINT('',(1.019215600205E1,1.958401338069E0,-8.696466E1));
#4524=CARTESIAN_POINT('',(1.004680096489E1,1.753084862044E0,-8.696466E1));
#4525=CARTESIAN_POINT('',(9.914980027401E0,1.537122485280E0,-8.696466E1));
#4526=CARTESIAN_POINT('',(9.797704435603E0,1.311927682433E0,-8.696466E1));
#4527=CARTESIAN_POINT('',(9.695383634248E0,1.078032451506E0,-8.696466E1));
#4528=CARTESIAN_POINT('',(9.608752857089E0,8.367103447360E-1,-8.696466E1));
#4529=CARTESIAN_POINT('',(9.538311086484E0,5.890735385820E-1,-8.696466E1));
#4530=CARTESIAN_POINT('',(9.484428841258E0,3.358223573114E-1,-8.696466E1));
#4531=CARTESIAN_POINT('',(9.447599440003E0,7.867812062346E-2,-8.696466E1));
#4532=CARTESIAN_POINT('',(9.428023449199E0,-1.817458017831E-1,-8.696466E1));
#4533=CARTESIAN_POINT('',(9.425978881885E0,-4.439895852720E-1,-8.696466E1));
#4534=CARTESIAN_POINT('',(9.441548915856E0,-7.068259415111E-1,-8.696466E1));
#4535=CARTESIAN_POINT('',(9.474976962203E0,-9.701026320165E-1,-8.696466E1));
#4536=CARTESIAN_POINT('',(9.509008182185E0,-1.143952939719E0,-8.696466E1));
#4537=CARTESIAN_POINT('',(9.529007089758E0,-1.230616905129E0,-8.696466E1));
#4539=CURVE_STYLE('',#140,POSITIVE_LENGTH_MEASURE(2.E-2),#81);
#4540=PRESENTATION_STYLE_ASSIGNMENT((#4539));
#4541=STYLED_ITEM('',(#4540),#4538);
#4542=DIRECTION('',(-2.779453192742E-1,8.202111920070E-1,5.E-1));
#4543=VECTOR('',#4542,7.8125E-1);
#4544=CARTESIAN_POINT('',(1.461877443922E1,-3.788393219981E0,-9.0399375E1));
#4545=LINE('',#4544,#4543);
#4546=CURVE_STYLE('',#140,POSITIVE_LENGTH_MEASURE(2.E-2),#81);
#4547=PRESENTATION_STYLE_ASSIGNMENT((#4546));
#4548=STYLED_ITEM('',(#4547),#4545);
#4549=DIRECTION('',(-6.101160864785E-13,-7.071067811865E-1,7.071067811866E-1));
#4550=VECTOR('',#4549,1.528540816008E0);
#4551=CARTESIAN_POINT('',(1.3335E1,-2.8062E0,-9.398E1));
#4552=LINE('',#4551,#4550);
#4553=CURVE_STYLE('',#140,POSITIVE_LENGTH_MEASURE(2.E-2),#81);
#4554=PRESENTATION_STYLE_ASSIGNMENT((#4553));
#4555=STYLED_ITEM('',(#4554),#4552);
#4556=CARTESIAN_POINT('',(1.3335E1,-3.887041576319E0,-9.289915842368E1));
#4557=CARTESIAN_POINT('',(1.324593669374E1,-3.884151684220E0,
-9.290204831578E1));
#4558=CARTESIAN_POINT('',(1.306792032210E1,-3.872241288942E0,
-9.290783738808E1));
#4559=CARTESIAN_POINT('',(1.280231185425E1,-3.835924779562E0,
-9.291655535609E1));
#4560=CARTESIAN_POINT('',(1.253999916159E1,-3.781331479951E0,
-9.292528819788E1));
#4561=CARTESIAN_POINT('',(1.228283280337E1,-3.708892482800E0,
-9.293401602535E1));
#4562=CARTESIAN_POINT('',(1.203273677952E1,-3.619379757532E0,
-9.294271313910E1));
#4563=CARTESIAN_POINT('',(1.178973774830E1,-3.513002555141E0,
-9.295141779215E1));
#4564=CARTESIAN_POINT('',(1.155422976958E1,-3.389831761480E0,
-9.296015895302E1));
#4565=CARTESIAN_POINT('',(1.132813287782E1,-3.250778475649E0,
-9.296890896993E1));
#4566=CARTESIAN_POINT('',(1.111310030243E1,-3.097002157249E0,
-9.297764354600E1));
#4567=CARTESIAN_POINT('',(1.090999964575E1,-2.929360682350E0,
-9.298636472260E1));
#4568=CARTESIAN_POINT('',(1.071917692152E1,-2.748271859038E0,
-9.299509661613E1));
#4569=CARTESIAN_POINT('',(1.054116229657E1,-2.554145117760E0,
-9.300385922973E1));
#4570=CARTESIAN_POINT('',(1.037740307700E1,-2.348480411545E0,
-9.301262576095E1));
#4571=CARTESIAN_POINT('',(1.022905175076E1,-2.133021562383E0,
-9.302136900370E1));
#4572=CARTESIAN_POINT('',(1.009612860931E1,-1.908006944469E0,
-9.303012422935E1));
#4573=CARTESIAN_POINT('',(9.979402654806E0,-1.674821263759E0,
-9.303888053367E1));
#4574=CARTESIAN_POINT('',(9.879080731825E0,-1.433836450665E0,
-9.304766622075E1));
#4575=CARTESIAN_POINT('',(9.796085262470E0,-1.187267597064E0,
-9.305644318774E1));
#4576=CARTESIAN_POINT('',(9.730633862257E0,-9.362983162330E-1,
-9.306521377963E1));
#4577=CARTESIAN_POINT('',(9.682860579820E0,-6.816244446370E-1,
-9.307399668156E1));
#4578=CARTESIAN_POINT('',(9.653004171603E0,-4.248456415183E-1,
-9.308277967063E1));
#4579=CARTESIAN_POINT('',(9.641140951638E0,-1.665107995212E-1,
-9.309158692073E1));
#4580=CARTESIAN_POINT('',(9.647303225955E0,9.083161251581E-2,
-9.310037443837E1));
#4581=CARTESIAN_POINT('',(9.671409052284E0,3.472028842437E-1,
-9.310918590030E1));
#4582=CARTESIAN_POINT('',(9.713249123504E0,6.004658956710E-1,
-9.311799079316E1));
#4583=CARTESIAN_POINT('',(9.772581696409E0,8.498262484839E-1,
-9.312680396639E1));
#4584=CARTESIAN_POINT('',(9.849107880508E0,1.094062450632E0,-9.313562538556E1));
#4585=CARTESIAN_POINT('',(9.942258866760E0,1.331692894050E0,-9.314444357619E1));
#4586=CARTESIAN_POINT('',(1.005191949676E1,1.562383581053E0,-9.315328986088E1));
#4587=CARTESIAN_POINT('',(1.017692575658E1,1.783824323308E0,-9.316211804633E1));
#4588=CARTESIAN_POINT('',(1.031701528690E1,1.995780327101E0,-9.317096011955E1));
#4589=CARTESIAN_POINT('',(1.047112519465E1,2.196751519441E0,-9.317979549084E1));
#4590=CARTESIAN_POINT('',(1.063907962505E1,2.386566205770E0,-9.318865935053E1));
#4591=CARTESIAN_POINT('',(1.081977150052E1,2.563858367829E0,-9.319753427027E1));
#4592=CARTESIAN_POINT('',(1.101157412366E1,2.727235551258E0,-9.320638924814E1));
#4593=CARTESIAN_POINT('',(1.121404274024E1,2.876495739245E0,-9.321525157891E1));
#4594=CARTESIAN_POINT('',(1.142620023137E1,3.010962235703E0,-9.322412320418E1));
#4595=CARTESIAN_POINT('',(1.164754950637E1,3.130267053724E0,-9.323302660652E1));
#4596=CARTESIAN_POINT('',(1.187620196518E1,3.233355652923E0,-9.324192972806E1));
#4597=CARTESIAN_POINT('',(1.211038518028E1,3.319630140496E0,-9.325081083611E1));
#4598=CARTESIAN_POINT('',(1.234953990260E1,3.389066660872E0,-9.325969498767E1));
#4599=CARTESIAN_POINT('',(1.259341938498E1,3.441535879069E0,-9.326861686196E1));
#4600=CARTESIAN_POINT('',(1.284023817770E1,3.476552338606E0,-9.327755530447E1));
#4601=CARTESIAN_POINT('',(1.308801484170E1,3.493915881420E0,-9.328648396787E1));
#4602=CARTESIAN_POINT('',(1.325285758302E1,3.493775314865E0,-9.329242468513E1));
#4603=CARTESIAN_POINT('',(1.3335E1,3.490807453685E0,-9.329539254632E1));
#4605=CURVE_STYLE('',#140,POSITIVE_LENGTH_MEASURE(2.E-2),#81);
#4606=PRESENTATION_STYLE_ASSIGNMENT((#4605));
#4607=STYLED_ITEM('',(#4606),#4604);
#4608=CARTESIAN_POINT('',(1.656027687509E1,8.016819676360E-1,
-9.346278234671E1));
#4609=CARTESIAN_POINT('',(1.654078291112E1,8.801088672414E-1,
-9.345794476639E1));
#4610=CARTESIAN_POINT('',(1.649607129292E1,1.035539927905E0,-9.344826960575E1));
#4611=CARTESIAN_POINT('',(1.641218949924E1,1.263178313383E0,-9.343375686480E1));
#4612=CARTESIAN_POINT('',(1.631193953369E1,1.484097596595E0,-9.341924412385E1));
#4613=CARTESIAN_POINT('',(1.619585464260E1,1.697122676240E0,-9.340473138290E1));
#4614=CARTESIAN_POINT('',(1.606455230504E1,1.901120427032E0,-9.339021864194E1));
#4615=CARTESIAN_POINT('',(1.591873094366E1,2.095005745785E0,-9.337570590099E1));
#4616=CARTESIAN_POINT('',(1.575916621094E1,2.277747318258E0,-9.336119316004E1));
#4617=CARTESIAN_POINT('',(1.558670686294E1,2.448373106266E0,-9.334668041909E1));
#4618=CARTESIAN_POINT('',(1.540227024475E1,2.605975517779E0,-9.333216767813E1));
#4619=CARTESIAN_POINT('',(1.520683741090E1,2.749716234681E0,-9.331765493718E1));
#4620=CARTESIAN_POINT('',(1.500144790693E1,2.878830671922E0,-9.330314219623E1));
#4621=CARTESIAN_POINT('',(1.478719423988E1,2.992632044499E0,-9.328862945528E1));
#4622=CARTESIAN_POINT('',(1.456521606700E1,3.090515020605E0,-9.327411671432E1));
#4623=CARTESIAN_POINT('',(1.433669413372E1,3.171958941502E0,-9.325960397337E1));
#4624=CARTESIAN_POINT('',(1.410284399298E1,3.236530591011E0,-9.324509123242E1));
#4625=CARTESIAN_POINT('',(1.386490953952E1,3.283886499869E0,-9.323057849147E1));
#4626=CARTESIAN_POINT('',(1.362415639335E1,3.313774772715E0,-9.321606575051E1));
#4627=CARTESIAN_POINT('',(1.338186516765E1,3.326036427967E0,-9.320155300956E1));
#4628=CARTESIAN_POINT('',(1.313932465693E1,3.320606243476E0,-9.318704026861E1));
#4629=CARTESIAN_POINT('',(1.289782498171E1,3.297513103459E0,-9.317252752766E1));
#4630=CARTESIAN_POINT('',(1.265865072612E1,3.256879844854E0,-9.315801478670E1));
#4631=CARTESIAN_POINT('',(1.242307410489E1,3.198922603929E0,-9.314350204575E1));
#4632=CARTESIAN_POINT('',(1.219234819626E1,3.123949666609E0,-9.312898930480E1));
#4633=CARTESIAN_POINT('',(1.196770027656E1,3.032359828645E0,-9.311447656385E1));
#4634=CARTESIAN_POINT('',(1.175032529211E1,2.924640274337E0,-9.309996382289E1));
#4635=CARTESIAN_POINT('',(1.154137950307E1,2.801363985112E0,-9.308545108194E1));
#4636=CARTESIAN_POINT('',(1.134197433304E1,2.663186691716E0,-9.307093834099E1));
#4637=CARTESIAN_POINT('',(1.115317045721E1,2.510843386259E0,-9.305642560004E1));
#4638=CARTESIAN_POINT('',(1.097597216042E1,2.345144412646E0,-9.304191285908E1));
#4639=CARTESIAN_POINT('',(1.081132199512E1,2.166971156199E0,-9.302740011813E1));
#4640=CARTESIAN_POINT('',(1.066009576784E1,1.977271355394E0,-9.301288737718E1));
#4641=CARTESIAN_POINT('',(1.052309788051E1,1.777054060657E0,-9.299837463623E1));
#4642=CARTESIAN_POINT('',(1.040105705175E1,1.567384267028E0,-9.298386189527E1));
#4643=CARTESIAN_POINT('',(1.029462244066E1,1.349377249238E0,-9.296934915432E1));
#4644=CARTESIAN_POINT('',(1.020436019379E1,1.124192629349E0,-9.295483641337E1));
#4645=CARTESIAN_POINT('',(1.013075043373E1,8.930282084959E-1,
-9.294032367241E1));
#4646=CARTESIAN_POINT('',(1.007418470522E1,6.571135955475E-1,
-9.292581093146E1));
#4647=CARTESIAN_POINT('',(1.003496389247E1,4.177036665746E-1,
-9.291129819051E1));
#4648=CARTESIAN_POINT('',(1.001329661865E1,1.760718899194E-1,
-9.289678544956E1));
#4649=CARTESIAN_POINT('',(1.000929813625E1,-6.649644763257E-2,
-9.288227270860E1));
#4650=CARTESIAN_POINT('',(1.002298971398E1,-3.087110775447E-1,
-9.286775996765E1));
#4651=CARTESIAN_POINT('',(1.005429852365E1,-5.492836127207E-1,
-9.285324722670E1));
#4652=CARTESIAN_POINT('',(1.010305802758E1,-7.869344006881E-1,
-9.283873448575E1));
#4653=CARTESIAN_POINT('',(1.016900886439E1,-1.020399330320E0,
-9.282422174479E1));
#4654=CARTESIAN_POINT('',(1.025180022866E1,-1.248436555892E0,
-9.280970900384E1));
#4655=CARTESIAN_POINT('',(1.035099173689E1,-1.469833102700E0,
-9.279519626289E1));
#4656=CARTESIAN_POINT('',(1.046605577001E1,-1.683411319113E0,
-9.278068352194E1));
#4657=CARTESIAN_POINT('',(1.059638027987E1,-1.888035140731E0,
-9.276617078098E1));
#4658=CARTESIAN_POINT('',(1.074127204486E1,-2.082616133336E0,
-9.275165804003E1));
#4659=CARTESIAN_POINT('',(1.089996035727E1,-2.266119282485E0,
-9.273714529908E1));
#4660=CARTESIAN_POINT('',(1.107160112287E1,-2.437568498958E0,
-9.272263255813E1));
#4661=CARTESIAN_POINT('',(1.125528135078E1,-2.596051810764E0,
-9.270811981717E1));
#4662=CARTESIAN_POINT('',(1.145002400985E1,-2.740726214101E0,
-9.269360707622E1));
#4663=CARTESIAN_POINT('',(1.165479322572E1,-2.870822157458E0,
-9.267909433527E1));
#4664=CARTESIAN_POINT('',(1.186849979078E1,-2.985647635010E0,
-9.266458159432E1));
#4665=CARTESIAN_POINT('',(1.209000695792E1,-3.084591867535E0,
-9.265006885336E1));
#4666=CARTESIAN_POINT('',(1.231813648709E1,-3.167128551262E0,
-9.263555611241E1));
#4667=CARTESIAN_POINT('',(1.255167491263E1,-3.232818657394E0,
-9.262104337146E1));
#4668=CARTESIAN_POINT('',(1.278937999785E1,-3.281312767378E0,
-9.260653063051E1));
#4669=CARTESIAN_POINT('',(1.302998734282E1,-3.312352931537E0,
-9.259201788955E1));
#4670=CARTESIAN_POINT('',(1.327221710990E1,-3.325774041154E0,
-9.257750514860E1));
#4671=CARTESIAN_POINT('',(1.351478083149E1,-3.321504706715E0,
-9.256299240765E1));
#4672=CARTESIAN_POINT('',(1.375638826358E1,-3.299567637648E0,
-9.254847966670E1));
#4673=CARTESIAN_POINT('',(1.399575424891E1,-3.260079521523E0,
-9.253396692574E1));
#4674=CARTESIAN_POINT('',(1.423160555285E1,-3.203250403370E0,
-9.251945418479E1));
#4675=CARTESIAN_POINT('',(1.446268763611E1,-3.129382568409E0,
-9.250494144384E1));
#4676=CARTESIAN_POINT('',(1.468777132778E1,-3.038868934134E0,
-9.249042870289E1));
#4677=CARTESIAN_POINT('',(1.490565936358E1,-2.932190960307E0,
-9.247591596193E1));
#4678=CARTESIAN_POINT('',(1.511519275434E1,-2.809916087984E0,
-9.246140322098E1));
#4679=CARTESIAN_POINT('',(1.531525695087E1,-2.672694721179E0,
-9.244689048003E1));
#4680=CARTESIAN_POINT('',(1.550478777251E1,-2.521256767241E0,
-9.243237773908E1));
#4681=CARTESIAN_POINT('',(1.568277706766E1,-2.356407754331E0,
-9.241786499812E1));
#4682=CARTESIAN_POINT('',(1.584827807636E1,-2.179024546665E0,
-9.240335225717E1));
#4683=CARTESIAN_POINT('',(1.600041046632E1,-1.990050680295E0,
-9.238883951622E1));
#4684=CARTESIAN_POINT('',(1.613836501552E1,-1.790491344259E0,
-9.237432677527E1));
#4685=CARTESIAN_POINT('',(1.626140791668E1,-1.581408033784E0,
-9.235981403431E1));
#4686=CARTESIAN_POINT('',(1.636888468048E1,-1.363912903984E0,
-9.234530129336E1));
#4687=CARTESIAN_POINT('',(1.646022361695E1,-1.139162854089E0,
-9.233078855241E1));
#4688=CARTESIAN_POINT('',(1.653493887639E1,-9.083533736700E-1,
-9.231627581146E1));
#4689=CARTESIAN_POINT('',(1.659263303368E1,-6.727121835976E-1,
-9.230176307050E1));
#4690=CARTESIAN_POINT('',(1.663299920229E1,-4.334927055532E-1,
-9.228725032955E1));
#4691=CARTESIAN_POINT('',(1.665582266666E1,-1.919673948331E-1,
-9.227273758860E1));
#4692=CARTESIAN_POINT('',(1.666098202431E1,5.057902809025E-2,
-9.225822484765E1));
#4693=CARTESIAN_POINT('',(1.664844983159E1,2.928564112485E-1,
-9.224371210669E1));
#4694=CARTESIAN_POINT('',(1.661829274971E1,5.335760337485E-1,
-9.222919936574E1));
#4695=CARTESIAN_POINT('',(1.657067119009E1,7.714574607315E-1,
-9.221468662479E1));
#4696=CARTESIAN_POINT('',(1.650583846114E1,1.005235354257E0,-9.220017388383E1));
#4697=CARTESIAN_POINT('',(1.642413942086E1,1.233666203883E0,-9.218566114288E1));
#4698=CARTESIAN_POINT('',(1.632600864245E1,1.455534941143E0,-9.217114840193E1));
#4699=CARTESIAN_POINT('',(1.621196810276E1,1.669661402732E0,-9.215663566098E1));
#4700=CARTESIAN_POINT('',(1.608262440579E1,1.874906608027E0,-9.214212292002E1));
#4701=CARTESIAN_POINT('',(1.593866555600E1,2.070178817547E0,-9.212761017907E1));
#4702=CARTESIAN_POINT('',(1.578085729873E1,2.254439340133E0,-9.211309743812E1));
#4703=CARTESIAN_POINT('',(1.561003904705E1,2.426708057945E0,-9.209858469717E1));
#4704=CARTESIAN_POINT('',(1.542711941672E1,2.586068639905E0,-9.208407195621E1));
#4705=CARTESIAN_POINT('',(1.523307139310E1,2.731673415838E0,-9.206955921526E1));
#4706=CARTESIAN_POINT('',(1.502892715568E1,2.862747885400E0,-9.205504647431E1));
#4707=CARTESIAN_POINT('',(1.481577258766E1,2.978594837794E0,-9.204053373336E1));
#4708=CARTESIAN_POINT('',(1.459474149999E1,3.078598060369E0,-9.202602099240E1));
#4709=CARTESIAN_POINT('',(1.436700960033E1,3.162225616384E0,-9.201150825145E1));
#4710=CARTESIAN_POINT('',(1.413378823932E1,3.229032674475E0,-9.199699551050E1));
#4711=CARTESIAN_POINT('',(1.389631796708E1,3.278663874802E0,-9.198248276955E1));
#4712=CARTESIAN_POINT('',(1.365586193454E1,3.310855219285E0,-9.196797002859E1));
#4713=CARTESIAN_POINT('',(1.341369917447E1,3.325435475849E0,-9.195345728764E1));
#4714=CARTESIAN_POINT('',(1.317111779807E1,3.322327089254E0,-9.193894454669E1));
#4715=CARTESIAN_POINT('',(1.292940814323E1,3.301546593616E0,-9.192443180574E1));
#4716=CARTESIAN_POINT('',(1.268985591097E1,3.263204524466E0,-9.190991906478E1));
#4717=CARTESIAN_POINT('',(1.245373532659E1,3.207504830784E0,-9.189540632383E1));
#4718=CARTESIAN_POINT('',(1.222230236176E1,3.134743790161E0,-9.188089358288E1));
#4719=CARTESIAN_POINT('',(1.199678805378E1,3.045308432834E0,-9.186638084193E1));
#4720=CARTESIAN_POINT('',(1.177839195746E1,2.939674483001E0,-9.185186810097E1));
#4721=CARTESIAN_POINT('',(1.156827576445E1,2.818403828346E0,-9.183735536002E1));
#4722=CARTESIAN_POINT('',(1.136755712398E1,2.682141531255E0,-9.182284261907E1));
#4723=CARTESIAN_POINT('',(1.117730369782E1,2.531612397595E0,-9.180832987812E1));
#4724=CARTESIAN_POINT('',(1.099852748125E1,2.367617121337E0,-9.179381713716E1));
#4725=CARTESIAN_POINT('',(1.083217942002E1,2.191028025502E0,-9.177930439621E1));
#4726=CARTESIAN_POINT('',(1.067914435206E1,2.002784422105E0,-9.176479165526E1));
#4727=CARTESIAN_POINT('',(1.054023630091E1,1.803887615775E0,-9.175027891431E1));
#4728=CARTESIAN_POINT('',(1.041619414571E1,1.595395577611E0,-9.173576617335E1));
#4729=CARTESIAN_POINT('',(1.030767769100E1,1.378417317635E0,-9.172125343240E1));
#4730=CARTESIAN_POINT('',(1.021526415709E1,1.154106985744E0,-9.170674069145E1));
#4731=CARTESIAN_POINT('',(1.013944510966E1,9.236577325629E-1,
-9.169222795050E1));
#4732=CARTESIAN_POINT('',(1.008062384510E1,6.882953628440E-1,
-9.167771520954E1));
#4733=CARTESIAN_POINT('',(1.003911324524E1,4.492718151680E-1,
-9.166320246859E1));
#4734=CARTESIAN_POINT('',(1.001513411310E1,2.078585026392E-1,
-9.164868972764E1));
#4735=CARTESIAN_POINT('',(1.000881399839E1,-3.466045001037E-2,
-9.163417698669E1));
#4736=CARTESIAN_POINT('',(1.002018651903E1,-2.769950369320E-1,
-9.161966424573E1));
#4737=CARTESIAN_POINT('',(1.004919118236E1,-5.178562329547E-1,
-9.160515150478E1));
#4738=CARTESIAN_POINT('',(1.009567370688E1,-7.559628501622E-1,
-9.159063876383E1));
#4739=CARTESIAN_POINT('',(1.015938684295E1,-9.900483527831E-1,
-9.157612602288E1));
#4740=CARTESIAN_POINT('',(1.023999168789E1,-1.218867594143E0,
-9.156161328192E1));
#4741=CARTESIAN_POINT('',(1.033705948873E1,-1.441203439842E0,
-9.154710054097E1));
#4742=CARTESIAN_POINT('',(1.045007392283E1,-1.655873241935E0,
-9.153258780002E1));
#4743=CARTESIAN_POINT('',(1.057843384424E1,-1.861735129664E0,
-9.151807505907E1));
#4744=CARTESIAN_POINT('',(1.072145648139E1,-2.057694083293E0,
-9.150356231811E1));
#4745=CARTESIAN_POINT('',(1.087838106883E1,-2.242707758738E0,
-9.148904957716E1));
#4746=CARTESIAN_POINT('',(1.104837289392E1,-2.415792031989E0,
-9.147453683621E1));
#4747=CARTESIAN_POINT('',(1.123052773682E1,-2.576026233870E0,
-9.146002409525E1));
#4748=CARTESIAN_POINT('',(1.142387668021E1,-2.722558047251E0,
-9.144551135430E1));
#4749=CARTESIAN_POINT('',(1.162739126317E1,-2.854608040693E0,
-9.143099861335E1));
#4750=CARTESIAN_POINT('',(1.183998895173E1,-2.971473814396E0,
-9.141648587240E1));
#4751=CARTESIAN_POINT('',(1.206053889711E1,-3.072533736401E0,
-9.140197313144E1));
#4752=CARTESIAN_POINT('',(1.228786795092E1,-3.157250249172E0,
-9.138746039049E1));
#4753=CARTESIAN_POINT('',(1.252076690537E1,-3.225172728973E0,
-9.137294764954E1));
#4754=CARTESIAN_POINT('',(1.275799692526E1,-3.275939882818E0,
-9.135843490859E1));
#4755=CARTESIAN_POINT('',(1.299829613760E1,-3.309281670264E0,
-9.134392216763E1));
#4756=CARTESIAN_POINT('',(1.324038634379E1,-3.325020739809E0,
-9.132940942668E1));
#4757=CARTESIAN_POINT('',(1.348297981857E1,-3.323073372256E0,
-9.131489668573E1));
#4758=CARTESIAN_POINT('',(1.372478615968E1,-3.303449926035E0,
-9.130038394478E1));
#4759=CARTESIAN_POINT('',(1.396451915181E1,-3.266254782103E0,
-9.128587120382E1));
#4760=CARTESIAN_POINT('',(1.420090360816E1,-3.211685788722E0,
-9.127135846287E1));
#4761=CARTESIAN_POINT('',(1.443268215348E1,-3.140033209064E0,
-9.125684572192E1));
#4762=CARTESIAN_POINT('',(1.465862191226E1,-3.051678177246E0,
-9.124233298097E1));
#4763=CARTESIAN_POINT('',(1.487752106663E1,-2.947090671003E0,
-9.122782024001E1));
#4764=CARTESIAN_POINT('',(1.508821524907E1,-2.826827011781E0,
-9.121330749906E1));
#4765=CARTESIAN_POINT('',(1.528958373593E1,-2.691526905558E0,
-9.119879475811E1));
#4766=CARTESIAN_POINT('',(1.548055540875E1,-2.541910040122E0,
-9.118428201716E1));
#4767=CARTESIAN_POINT('',(1.566011445178E1,-2.378772256908E0,
-9.116976927620E1));
#4768=CARTESIAN_POINT('',(1.582730575526E1,-2.202981317763E0,
-9.115525653525E1));
#4769=CARTESIAN_POINT('',(1.598123999587E1,-2.015472289153E0,
-9.114074379430E1));
#4770=CARTESIAN_POINT('',(1.612109836722E1,-1.817242568357E0,
-9.112623105335E1));
#4771=CARTESIAN_POINT('',(1.624613693522E1,-1.609346578117E0,
-9.111171831239E1));
#4772=CARTESIAN_POINT('',(1.635569059521E1,-1.392890157958E0,
-9.109720557144E1));
#4773=CARTESIAN_POINT('',(1.644917660979E1,-1.169024682010E0,
-9.108269283049E1));
#4774=CARTESIAN_POINT('',(1.652609770853E1,-9.389409346210E-1,
-9.106818008954E1));
#4775=CARTESIAN_POINT('',(1.658604473303E1,-7.038627763464E-1,
-9.105366734858E1));
#4776=CARTESIAN_POINT('',(1.662869881332E1,-4.650406339908E-1,
-9.103915460763E1));
#4777=CARTESIAN_POINT('',(1.665383306397E1,-2.237448493439E-1,
-9.102464186668E1));
#4778=CARTESIAN_POINT('',(1.666131379098E1,1.874107801584E-2,
-9.101012912573E1));
#4779=CARTESIAN_POINT('',(1.665110120291E1,2.611273179079E-1,
-9.099561638477E1));
#4780=CARTESIAN_POINT('',(1.662324962250E1,5.021245704090E-1,
-9.098110364382E1));
#4781=CARTESIAN_POINT('',(1.657790719778E1,7.404509238917E-1,
-9.096659090287E1));
#4782=CARTESIAN_POINT('',(1.651531511398E1,9.748386737644E-1,
-9.095207816192E1));
#4783=CARTESIAN_POINT('',(1.643580631068E1,1.204041065640E0,-9.093756542096E1));
#4784=CARTESIAN_POINT('',(1.633980371078E1,1.426838927067E0,-9.092305268001E1));
#4785=CARTESIAN_POINT('',(1.622781797093E1,1.642047152546E0,-9.090853993906E1));
#4786=CARTESIAN_POINT('',(1.610044476523E1,1.848521007341E0,-9.089402719811E1));
#4787=CARTESIAN_POINT('',(1.595836161673E1,2.045162216544E0,-9.087951445715E1));
#4788=CARTESIAN_POINT('',(1.580232429355E1,2.230924807017E0,-9.086500171620E1));
#4789=CARTESIAN_POINT('',(1.563316278880E1,2.404820671128E0,-9.085048897525E1));
#4790=CARTESIAN_POINT('',(1.545177690568E1,2.565924822687E0,-9.083597623430E1));
#4791=CARTESIAN_POINT('',(1.525913147126E1,2.713380317132E0,-9.082146349334E1));
#4792=CARTESIAN_POINT('',(1.505625120437E1,2.846402809784E0,-9.080695075239E1));
#4793=CARTESIAN_POINT('',(1.484421526492E1,2.964284727928E0,-9.079243801144E1));
#4794=CARTESIAN_POINT('',(1.462415151363E1,3.066399034535E0,-9.077792527049E1));
#4795=CARTESIAN_POINT('',(1.439723051274E1,3.152202563589E0,-9.076341252953E1));
#4796=CARTESIAN_POINT('',(1.416465929953E1,3.221238909302E0,-9.074889978858E1));
#4797=CARTESIAN_POINT('',(1.392767496587E1,3.273140853818E0,-9.073438704763E1));
#4798=CARTESIAN_POINT('',(1.368753807789E1,3.307632320518E0,-9.071987430667E1));
#4799=CARTESIAN_POINT('',(1.344552597077E1,3.324529842532E0,-9.070536156572E1));
#4800=CARTESIAN_POINT('',(1.320292595434E1,3.323743538627E0,-9.069084882477E1));
#4801=CARTESIAN_POINT('',(1.296102846565E1,3.305277591307E0,-9.067633608382E1));
#4802=CARTESIAN_POINT('',(1.272112020486E1,3.269230224567E0,-9.066182334286E1));
#4803=CARTESIAN_POINT('',(1.248447729104E1,3.215793181416E0,-9.064731060191E1));
#4804=CARTESIAN_POINT('',(1.225235847422E1,3.145250703961E0,-9.063279786096E1));
#4805=CARTESIAN_POINT('',(1.202599843991E1,3.057978021468E0,-9.061828512001E1));
#4806=CARTESIAN_POINT('',(1.180660124149E1,2.954439354443E0,-9.060377237905E1));
#4807=CARTESIAN_POINT('',(1.159533389567E1,2.835185445352E0,-9.058925963810E1));
#4808=CARTESIAN_POINT('',(1.139332017487E1,2.700850629113E0,-9.057474689715E1));
#4809=CARTESIAN_POINT('',(1.120163462968E1,2.552149458948E0,-9.056023415620E1));
#4810=CARTESIAN_POINT('',(1.102129687308E1,2.389872905529E0,-9.054572141524E1));
#4811=CARTESIAN_POINT('',(1.085326615696E1,2.214884149653E0,-9.053120867429E1));
#4812=CARTESIAN_POINT('',(1.069843626962E1,2.028113990816E0,-9.051669593334E1));
#4813=CARTESIAN_POINT('',(1.055763078160E1,1.830555896104E0,-9.050218319239E1));
#4814=CARTESIAN_POINT('',(1.043159866487E1,1.623260715748E0,-9.048767045143E1));
#4815=CARTESIAN_POINT('',(1.032101030899E1,1.407331093447E0,-9.047315771048E1));
#4816=CARTESIAN_POINT('',(1.022645395508E1,1.183915601190E0,-9.045864496953E1));
#4817=CARTESIAN_POINT('',(1.014843256694E1,9.542026297748E-1,
-9.044413222858E1));
#4818=CARTESIAN_POINT('',(1.008736115562E1,7.194140675256E-1,
-9.042961948762E1));
#4819=CARTESIAN_POINT('',(1.004356457192E1,4.807988008290E-1,
-9.041510674667E1));
#4820=CARTESIAN_POINT('',(1.001727577846E1,2.396260710628E-1,
-9.040059400572E1));
#4821=CARTESIAN_POINT('',(1.000863461049E1,-2.821276747683E-3,
-9.038608126477E1));
#4822=CARTESIAN_POINT('',(1.001768703208E1,-2.452536176341E-1,
-9.037156852381E1));
#4823=CARTESIAN_POINT('',(1.004438489161E1,-4.863814064529E-1,
-9.035705578286E1));
#4824=CARTESIAN_POINT('',(1.008858617794E1,-7.249220372284E-1,
-9.034254304191E1));
#4825=CARTESIAN_POINT('',(1.015005577577E1,-9.596066655861E-1,
-9.032803030096E1));
#4826=CARTESIAN_POINT('',(1.022846671625E1,-1.189186957984E0,-9.031351756E1));
#4827=CARTESIAN_POINT('',(1.032340191622E1,-1.412441731843E0,
-9.029900481905E1));
#4828=CARTESIAN_POINT('',(1.043435639674E1,-1.628183451259E0,
-9.028449207810E1));
#4829=CARTESIAN_POINT('',(1.056073996918E1,-1.835264543735E0,
-9.026997933715E1));
#4830=CARTESIAN_POINT('',(1.070188037455E1,-2.032583504348E0,
-9.025546659619E1));
#4831=CARTESIAN_POINT('',(1.085702685935E1,-2.219090754867E0,
-9.024095385524E1));
#4832=CARTESIAN_POINT('',(1.102535416904E1,-2.393794226666E0,
-9.022644111429E1));
#4833=CARTESIAN_POINT('',(1.120596693764E1,-2.555764637733E0,
-9.021192837334E1));
#4834=CARTESIAN_POINT('',(1.139790445045E1,-2.704140435702E0,
-9.019741563238E1));
#4835=CARTESIAN_POINT('',(1.160014575419E1,-2.838132380618E0,
-9.018290289143E1));
#4836=CARTESIAN_POINT('',(1.181161508775E1,-2.957027743060E0,
-9.016839015048E1));
#4837=CARTESIAN_POINT('',(1.203118760427E1,-3.060194095289E0,
-9.015387740953E1));
#4838=CARTESIAN_POINT('',(1.225769535450E1,-3.147082675255E0,
-9.013936466857E1));
#4839=CARTESIAN_POINT('',(1.248993349932E1,-3.217231305569E0,
-9.012485192762E1));
#4840=CARTESIAN_POINT('',(1.272666671852E1,-3.270266851915E0,
-9.011033918667E1));
#4841=CARTESIAN_POINT('',(1.296663578167E1,-3.305907207829E0,
-9.009582644572E1));
#4842=CARTESIAN_POINT('',(1.320856424635E1,-3.323962795253E0,
-9.008131370476E1));
#4843=CARTESIAN_POINT('',(1.345116524742E1,-3.324337573053E0,
-9.006680096381E1));
#4844=CARTESIAN_POINT('',(1.369314834341E1,-3.307029547434E0,
-9.005228822286E1));
#4845=CARTESIAN_POINT('',(1.393322637575E1,-3.272130784211E0,
-9.003777548191E1));
#4846=CARTESIAN_POINT('',(1.417012233372E1,-3.219826912889E0,
-9.002326274095E1));
#4847=CARTESIAN_POINT('',(1.432509149708E1,-3.173539745906E0,
-9.001358758032E1));
#4848=CARTESIAN_POINT('',(1.440162965854E1,-3.147603226225E0,-9.000875E1));
#4850=CURVE_STYLE('',#140,POSITIVE_LENGTH_MEASURE(2.E-2),#81);
#4851=PRESENTATION_STYLE_ASSIGNMENT((#4850));
#4852=STYLED_ITEM('',(#4851),#4849);
#4853=CARTESIAN_POINT('',(1.413668196764E1,-3.225276875090E0,
-9.346278234671E1));
#4854=CARTESIAN_POINT('',(1.421496794121E1,-3.205817940008E0,
-9.345795345908E1));
#4855=CARTESIAN_POINT('',(1.437012226076E1,-3.161196940033E0,
-9.344829568383E1));
#4856=CARTESIAN_POINT('',(1.459736751704E1,-3.077510754598E0,
-9.343380902096E1));
#4857=CARTESIAN_POINT('',(1.481792208329E1,-2.977513440024E0,
-9.341932235809E1));
#4858=CARTESIAN_POINT('',(1.503061700862E1,-2.861734989745E0,
-9.340483569522E1));
#4859=CARTESIAN_POINT('',(1.523432498441E1,-2.730789042520E0,
-9.339034903235E1));
#4860=CARTESIAN_POINT('',(1.542796633775E1,-2.585369625469E0,
-9.337586236947E1));
#4861=CARTESIAN_POINT('',(1.561051474883E1,-2.426247476885E0,
-9.336137570660E1));
#4862=CARTESIAN_POINT('',(1.578100269188E1,-2.254265960914E0,
-9.334688904373E1));
#4863=CARTESIAN_POINT('',(1.593852656283E1,-2.070336597724E0,
-9.333240238086E1));
#4864=CARTESIAN_POINT('',(1.608225146855E1,-1.875434232327E0,
-9.331791571799E1));
#4865=CARTESIAN_POINT('',(1.621141565189E1,-1.670591867806E0,
-9.330342905512E1));
#4866=CARTESIAN_POINT('',(1.632533452907E1,-1.456895190284E0,
-9.328894239224E1));
#4867=CARTESIAN_POINT('',(1.642340431803E1,-1.235476814680E0,
-9.327445572937E1));
#4868=CARTESIAN_POINT('',(1.650510523855E1,-1.007510281724E0,
-9.325996906650E1));
#4869=CARTESIAN_POINT('',(1.657000426713E1,-7.742038380701E-1,
-9.324548240363E1));
#4870=CARTESIAN_POINT('',(1.661775743209E1,-5.367940324644E-1,
-9.323099574076E1));
#4871=CARTESIAN_POINT('',(1.664811163662E1,-2.965391619020E-1,
-9.321650907788E1));
#4872=CARTESIAN_POINT('',(1.666090600023E1,-5.471260252273E-2,
-9.320202241501E1));
#4873=CARTESIAN_POINT('',(1.665607271145E1,1.874039394173E-1,
-9.318753575214E1));
#4874=CARTESIAN_POINT('',(1.663363738722E1,4.285272207238E-1,
-9.317304908927E1));
#4875=CARTESIAN_POINT('',(1.659371893711E1,6.673792625884E-1,
-9.315856242640E1));
#4876=CARTESIAN_POINT('',(1.653652893314E1,9.026941240115E-1,
-9.314407576352E1));
#4877=CARTESIAN_POINT('',(1.646237048833E1,1.133224611422E0,-9.312958910065E1));
#4878=CARTESIAN_POINT('',(1.637163665028E1,1.357748888937E0,-9.311510243778E1));
#4879=CARTESIAN_POINT('',(1.626480831788E1,1.575076954217E0,-9.310061577491E1));
#4880=CARTESIAN_POINT('',(1.614245169256E1,1.784056945608E0,-9.308612911204E1));
#4881=CARTESIAN_POINT('',(1.600521527733E1,1.983581247125E0,-9.307164244916E1));
#4882=CARTESIAN_POINT('',(1.585382643966E1,2.172592358939E0,-9.305715578629E1));
#4883=CARTESIAN_POINT('',(1.568908755634E1,2.350088502234E0,-9.304266912342E1));
#4884=CARTESIAN_POINT('',(1.551187176082E1,2.515128928738E0,-9.302818246055E1));
#4885=CARTESIAN_POINT('',(1.532311831550E1,2.666838906795E0,-9.301369579768E1));
#4886=CARTESIAN_POINT('',(1.512382763354E1,2.804414357529E0,-9.299920913480E1));
#4887=CARTESIAN_POINT('',(1.491505597656E1,2.927126116549E0,-9.298472247193E1));
#4888=CARTESIAN_POINT('',(1.469790985634E1,3.034323798596E0,-9.297023580906E1));
#4889=CARTESIAN_POINT('',(1.447354017022E1,3.125439244656E0,-9.295574914619E1));
#4890=CARTESIAN_POINT('',(1.424313610118E1,3.199989533260E0,-9.294126248332E1));
#4891=CARTESIAN_POINT('',(1.400791881507E1,3.257579540020E0,-9.292677582044E1));
#4892=CARTESIAN_POINT('',(1.376913498831E1,3.297904031830E0,-9.291228915757E1));
#4893=CARTESIAN_POINT('',(1.352805020035E1,3.320749284631E0,-9.289780249470E1));
#4894=CARTESIAN_POINT('',(1.328594222598E1,3.325994216177E0,-9.288331583183E1));
#4895=CARTESIAN_POINT('',(1.304409426298E1,3.313611027777E0,-9.286882916896E1));
#4896=CARTESIAN_POINT('',(1.280378813106E1,3.283665351635E0,-9.285434250608E1));
#4897=CARTESIAN_POINT('',(1.256629747803E1,3.236315902991E0,-9.283985584321E1));
#4898=CARTESIAN_POINT('',(1.233288102940E1,3.171813638914E0,-9.282536918034E1));
#4899=CARTESIAN_POINT('',(1.210477591695E1,3.090500428204E0,-9.281088251747E1));
#4900=CARTESIAN_POINT('',(1.188319112182E1,2.992807239447E0,-9.279639585460E1));
#4901=CARTESIAN_POINT('',(1.166930106679E1,2.879251856843E0,-9.278190919172E1));
#4902=CARTESIAN_POINT('',(1.146423939168E1,2.750436135890E0,-9.276742252885E1));
#4903=CARTESIAN_POINT('',(1.126909294500E1,2.607042813487E0,-9.275293586598E1));
#4904=CARTESIAN_POINT('',(1.108489602349E1,2.449831889359E0,-9.273844920311E1));
#4905=CARTESIAN_POINT('',(1.091262489023E1,2.279636597975E0,-9.272396254024E1));
#4906=CARTESIAN_POINT('',(1.075319260041E1,2.097358992320E0,-9.270947587737E1));
#4907=CARTESIAN_POINT('',(1.060744416196E1,1.903965162919E0,-9.269498921449E1));
#4908=CARTESIAN_POINT('',(1.047615205697E1,1.700480117454E0,-9.268050255162E1));
#4909=CARTESIAN_POINT('',(1.036001214743E1,1.487982348115E0,-9.266601588875E1));
#4910=CARTESIAN_POINT('',(1.025963998711E1,1.267598115479E0,-9.265152922588E1));
#4911=CARTESIAN_POINT('',(1.017556755904E1,1.040495479211E0,-9.263704256301E1));
#4912=CARTESIAN_POINT('',(1.010824045595E1,8.078781072225E-1,
-9.262255590013E1));
#4913=CARTESIAN_POINT('',(1.005801551858E1,5.709788961054E-1,
-9.260806923726E1));
#4914=CARTESIAN_POINT('',(1.002515894440E1,3.310534366509E-1,
-9.259358257439E1));
#4915=CARTESIAN_POINT('',(1.000984487671E1,8.937335908502E-2,
-9.257909591152E1));
#4916=CARTESIAN_POINT('',(1.001215448169E1,-1.527804067050E-1,
-9.256460924865E1));
#4917=CARTESIAN_POINT('',(1.003207551818E1,-3.941244202346E-1,
-9.255012258577E1));
#4918=CARTESIAN_POINT('',(1.006950240259E1,-6.333795327915E-1,
-9.253563592290E1));
#4919=CARTESIAN_POINT('',(1.012423676849E1,-8.692776670586E-1,
-9.252114926003E1));
#4920=CARTESIAN_POINT('',(1.019598851798E1,-1.100568538058E0,
-9.250666259716E1));
#4921=CARTESIAN_POINT('',(1.028437735920E1,-1.326026279792E0,
-9.249217593429E1));
#4922=CARTESIAN_POINT('',(1.038893482200E1,-1.544455942464E0,
-9.247768927141E1));
#4923=CARTESIAN_POINT('',(1.050910674079E1,-1.754699825837E0,
-9.246320260854E1));
#4924=CARTESIAN_POINT('',(1.064425619174E1,-1.955643615166E0,
-9.244871594567E1));
#4925=CARTESIAN_POINT('',(1.079366686851E1,-2.146222287186E0,
-9.243422928280E1));
#4926=CARTESIAN_POINT('',(1.095654687876E1,-2.325425754846E0,
-9.241974261993E1));
#4927=CARTESIAN_POINT('',(1.113203294127E1,-2.492304220878E0,
-9.240525595705E1));
#4928=CARTESIAN_POINT('',(1.131919496142E1,-2.645973211819E0,
-9.239076929418E1));
#4929=CARTESIAN_POINT('',(1.151704096076E1,-2.785618265820E0,
-9.237628263131E1));
#4930=CARTESIAN_POINT('',(1.172452233464E1,-2.910499249375E0,
-9.236179596844E1));
#4931=CARTESIAN_POINT('',(1.194053940991E1,-3.019954280105E0,
-9.234730930557E1));
#4932=CARTESIAN_POINT('',(1.216394727330E1,-3.113403234812E0,
-9.233282264269E1));
#4933=CARTESIAN_POINT('',(1.239356183959E1,-3.190350824183E0,
-9.231833597982E1));
#4934=CARTESIAN_POINT('',(1.262816612737E1,-3.250389217884E0,
-9.230384931695E1));
#4935=CARTESIAN_POINT('',(1.286651670918E1,-3.293200206100E0,
-9.228936265408E1));
#4936=CARTESIAN_POINT('',(1.310735030181E1,-3.318556886081E0,
-9.227487599121E1));
#4937=CARTESIAN_POINT('',(1.334939046185E1,-3.326324864749E0,
-9.226038932833E1));
#4938=CARTESIAN_POINT('',(1.359135435092E1,-3.316462970998E0,
-9.224590266546E1));
#4939=CARTESIAN_POINT('',(1.383195953490E1,-3.289023473906E0,
-9.223141600259E1));
#4940=CARTESIAN_POINT('',(1.406993078097E1,-3.244151805700E0,
-9.221692933972E1));
#4941=CARTESIAN_POINT('',(1.430400681642E1,-3.182085790950E0,
-9.220244267685E1));
#4942=CARTESIAN_POINT('',(1.453294701361E1,-3.103154386077E0,
-9.218795601398E1));
#4943=CARTESIAN_POINT('',(1.475553796534E1,-3.007775935848E0,
-9.217346935110E1));
#4944=CARTESIAN_POINT('',(1.497059991611E1,-2.896455956104E0,
-9.215898268823E1));
#4945=CARTESIAN_POINT('',(1.517699301492E1,-2.769784454470E0,
-9.214449602536E1));
#4946=CARTESIAN_POINT('',(1.537362335658E1,-2.628432803258E0,
-9.213000936249E1));
#4947=CARTESIAN_POINT('',(1.555944877955E1,-2.473150181121E0,
-9.211552269962E1));
#4948=CARTESIAN_POINT('',(1.573348438951E1,-2.304759602323E0,
-9.210103603674E1));
#4949=CARTESIAN_POINT('',(1.589480777938E1,-2.124153554684E0,
-9.208654937387E1));
#4950=CARTESIAN_POINT('',(1.604256391818E1,-1.932289269293E0,
-9.207206271100E1));
#4951=CARTESIAN_POINT('',(1.617596968280E1,-1.730183647088E0,
-9.205757604813E1));
#4952=CARTESIAN_POINT('',(1.629431800863E1,-1.518907869171E0,
-9.204308938526E1));
#4953=CARTESIAN_POINT('',(1.639698163707E1,-1.299581719436E0,
-9.202860272238E1));
#4954=CARTESIAN_POINT('',(1.648341644006E1,-1.073367649597E0,
-9.201411605951E1));
#4955=CARTESIAN_POINT('',(1.655316430404E1,-8.414646180683E-1,
-9.199962939664E1));
#4956=CARTESIAN_POINT('',(1.660585555797E1,-6.051017353636E-1,
-9.198514273377E1));
#4957=CARTESIAN_POINT('',(1.664121093266E1,-3.655317496764E-1,
-9.197065607090E1));
#4958=CARTESIAN_POINT('',(1.665904304089E1,-1.240244071844E-1,
-9.195616940802E1));
#4959=CARTESIAN_POINT('',(1.665925737060E1,1.181402777393E-1,
-9.194168274515E1));
#4960=CARTESIAN_POINT('',(1.664185278584E1,3.596788067376E-1,
-9.192719608228E1));
#4961=CARTESIAN_POINT('',(1.660692153273E1,5.993110001456E-1,
-9.191270941941E1));
#4962=CARTESIAN_POINT('',(1.655464875060E1,8.357667820783E-1,
-9.189822275654E1));
#4963=CARTESIAN_POINT('',(1.648531149069E1,1.067792911966E0,-9.188373609366E1));
#4964=CARTESIAN_POINT('',(1.639927724781E1,1.294159626862E0,-9.186924943079E1));
#4965=CARTESIAN_POINT('',(1.629700201250E1,1.513667159315E0,-9.185476276792E1));
#4966=CARTESIAN_POINT('',(1.617902785429E1,1.725152096265E0,-9.184027610505E1));
#4967=CARTESIAN_POINT('',(1.604598004866E1,1.927493545253E0,-9.182578944218E1));
#4968=CARTESIAN_POINT('',(1.589856376300E1,2.119619075270E0,-9.181130277930E1));
#4969=CARTESIAN_POINT('',(1.573756031917E1,2.300510400754E0,-9.179681611643E1));
#4970=CARTESIAN_POINT('',(1.556382305239E1,2.469208778613E0,-9.178232945356E1));
#4971=CARTESIAN_POINT('',(1.537827278848E1,2.624820089660E0,-9.176784279069E1));
#4972=CARTESIAN_POINT('',(1.518189296341E1,2.766519577545E0,-9.175335612782E1));
#4973=CARTESIAN_POINT('',(1.497572441095E1,2.893556220043E0,-9.173886946494E1));
#4974=CARTESIAN_POINT('',(1.476085984616E1,3.005256709559E0,-9.172438280207E1));
#4975=CARTESIAN_POINT('',(1.453843807388E1,3.101029021724E0,-9.170989613920E1));
#4976=CARTESIAN_POINT('',(1.430963795295E1,3.180365553188E0,-9.169540947633E1));
#4977=CARTESIAN_POINT('',(1.407567214813E1,3.242845811971E0,-9.168092281346E1));
#4978=CARTESIAN_POINT('',(1.383778070285E1,3.288138646115E0,-9.166643615058E1));
#4979=CARTESIAN_POINT('',(1.359722446685E1,3.316003998825E0,-9.165194948771E1));
#4980=CARTESIAN_POINT('',(1.335527841353E1,3.326294180794E0,-9.163746282484E1));
#4981=CARTESIAN_POINT('',(1.311322488248E1,3.318954652973E0,-9.162297616197E1));
#4982=CARTESIAN_POINT('',(1.287234678294E1,3.294024315633E0,-9.160848949910E1));
#4983=CARTESIAN_POINT('',(1.263392079421E1,3.251635302190E0,-9.159400283623E1));
#4984=CARTESIAN_POINT('',(1.239921059918E1,3.192012278883E0,-9.157951617335E1));
#4985=CARTESIAN_POINT('',(1.216946018661E1,3.115471254022E0,-9.156502951048E1));
#4986=CARTESIAN_POINT('',(1.194588725791E1,3.022417903106E0,-9.155054284761E1));
#4987=CARTESIAN_POINT('',(1.172967677318E1,2.913345418703E0,-9.153605618474E1));
#4988=CARTESIAN_POINT('',(1.152197467077E1,2.788831896480E0,-9.152156952187E1));
#4989=CARTESIAN_POINT('',(1.132388179373E1,2.649537271229E0,-9.150708285899E1));
#4990=CARTESIAN_POINT('',(1.113644805517E1,2.496199819146E0,-9.149259619612E1));
#4991=CARTESIAN_POINT('',(1.096066687367E1,2.329632244893E0,-9.147810953325E1));
#4992=CARTESIAN_POINT('',(1.079746990802E1,2.150717374169E0,-9.146362287038E1));
#4993=CARTESIAN_POINT('',(1.064772211935E1,1.960403474652E0,-9.144913620751E1));
#4994=CARTESIAN_POINT('',(1.051221718672E1,1.759699230068E0,-9.143464954463E1));
#4995=CARTESIAN_POINT('',(1.039167330056E1,1.549668394071E0,-9.142016288176E1));
#4996=CARTESIAN_POINT('',(1.028672935616E1,1.331424152231E0,-9.140567621889E1));
#4997=CARTESIAN_POINT('',(1.019794156750E1,1.106123222037E0,-9.139118955602E1));
#4998=CARTESIAN_POINT('',(1.012578051922E1,8.749597221668E-1,
-9.137670289315E1));
#4999=CARTESIAN_POINT('',(1.007062867248E1,6.391588435379E-1,
-9.136221623027E1));
#5000=CARTESIAN_POINT('',(1.003277833787E1,3.999703556631E-1,
-9.134772956740E1));
#5001=CARTESIAN_POINT('',(1.001243012617E1,1.586619827415E-1,
-9.133324290453E1));
#5002=CARTESIAN_POINT('',(1.000969188504E1,-8.348731541349E-2,
-9.131875624166E1));
#5003=CARTESIAN_POINT('',(1.002457812745E1,-3.251941219962E-1,
-9.130426957879E1));
#5004=CARTESIAN_POINT('',(1.005700995474E1,-5.651773654529E-1,
-9.128978291591E1));
#5005=CARTESIAN_POINT('',(1.010681547481E1,-8.021651092962E-1,
-9.127529625304E1));
#5006=CARTESIAN_POINT('',(1.017373071316E1,-1.034901293502E0,
-9.126080959017E1));
#5007=CARTESIAN_POINT('',(1.025740101196E1,-1.262152391762E0,
-9.124632292730E1));
#5008=CARTESIAN_POINT('',(1.035738290981E1,-1.482713949298E0,
-9.123183626443E1));
#5009=CARTESIAN_POINT('',(1.047314649212E1,-1.695416966608E0,
-9.121734960155E1));
#5010=CARTESIAN_POINT('',(1.060407819969E1,-1.899134095277E0,
-9.120286293868E1));
#5011=CARTESIAN_POINT('',(1.074948408068E1,-2.092785613049E0,
-9.118837627581E1));
#5012=CARTESIAN_POINT('',(1.090859346859E1,-2.275345146467E0,
-9.117388961294E1));
#5013=CARTESIAN_POINT('',(1.108056306688E1,-2.445845110760E0,
-9.115940295007E1));
#5014=CARTESIAN_POINT('',(1.126448141857E1,-2.603381838143E0,
-9.114491628719E1));
#5015=CARTESIAN_POINT('',(1.145937373699E1,-2.747120367357E0,
-9.113042962432E1));
#5016=CARTESIAN_POINT('',(1.166420707232E1,-2.876298869044E0,
-9.111594296145E1));
#5017=CARTESIAN_POINT('',(1.187789578629E1,-2.990232683528E0,
-9.110145629858E1));
#5018=CARTESIAN_POINT('',(1.209930730619E1,-3.088317949582E0,
-9.108696963571E1));
#5019=CARTESIAN_POINT('',(1.232726812763E1,-3.170034804958E0,
-9.107248297284E1));
#5020=CARTESIAN_POINT('',(1.256057003421E1,-3.234950141707E0,
-9.105799630996E1));
#5021=CARTESIAN_POINT('',(1.279797650125E1,-3.282719901702E0,
-9.104350964709E1));
#5022=CARTESIAN_POINT('',(1.303822924944E1,-3.313090900179E0,
-9.102902298422E1));
#5023=CARTESIAN_POINT('',(1.328005491389E1,-3.325902167646E0,
-9.101453632135E1));
#5024=CARTESIAN_POINT('',(1.352217179309E1,-3.321085803033E0,
-9.100004965848E1));
#5025=CARTESIAN_POINT('',(1.376329664206E1,-3.298667333582E0,
-9.098556299560E1));
#5026=CARTESIAN_POINT('',(1.400215147367E1,-3.258765579542E0,
-9.097107633273E1));
#5027=CARTESIAN_POINT('',(1.423747033215E1,-3.201592024418E0,
-9.095658966986E1));
#5028=CARTESIAN_POINT('',(1.446800600274E1,-3.127449694078E0,
-9.094210300699E1));
#5029=CARTESIAN_POINT('',(1.469253662208E1,-3.036731550688E0,
-9.092761634412E1));
#5030=CARTESIAN_POINT('',(1.490987215422E1,-2.929918409971E0,
-9.091312968124E1));
#5031=CARTESIAN_POINT('',(1.511886069794E1,-2.807576392832E0,
-9.089864301837E1));
#5032=CARTESIAN_POINT('',(1.531839459191E1,-2.670353924859E0,
-9.088415635550E1));
#5033=CARTESIAN_POINT('',(1.550741628548E1,-2.518978299596E0,
-9.086966969263E1));
#5034=CARTESIAN_POINT('',(1.568492394373E1,-2.354251823814E0,
-9.085518302976E1));
#5035=CARTESIAN_POINT('',(1.584997675737E1,-2.177047565199E0,
-9.084069636688E1));
#5036=CARTESIAN_POINT('',(1.600169992908E1,-1.988304725002E0,
-9.082620970401E1));
#5037=CARTESIAN_POINT('',(1.613928931007E1,-1.789023660170E0,
-9.081172304114E1));
#5038=CARTESIAN_POINT('',(1.626201566211E1,-1.580260581355E0,
-9.079723637827E1));
#5039=CARTESIAN_POINT('',(1.636922852260E1,-1.363121954880E0,
-9.078274971540E1));
#5040=CARTESIAN_POINT('',(1.646035965207E1,-1.138758638355E0,
-9.076826305252E1));
#5041=CARTESIAN_POINT('',(1.653492604594E1,-9.083597810069E-1,
-9.075377638965E1));
#5042=CARTESIAN_POINT('',(1.659253249445E1,-6.731465210676E-1,
-9.073928972678E1));
#5043=CARTESIAN_POINT('',(1.663287367736E1,-4.343655136088E-1,
-9.072480306391E1));
#5044=CARTESIAN_POINT('',(1.665573578214E1,-1.932823231405E-1,
-9.071031640104E1));
#5045=CARTESIAN_POINT('',(1.666099763723E1,4.882528401480E-2,
-9.069582973816E1));
#5046=CARTESIAN_POINT('',(1.664863135425E1,2.906741120180E-1,
-9.068134307529E1));
#5047=CARTESIAN_POINT('',(1.661870247578E1,5.309823365869E-1,
-9.066685641242E1));
#5048=CARTESIAN_POINT('',(1.657136962806E1,7.684762987999E-1,
-9.065236974955E1));
#5049=CARTESIAN_POINT('',(1.650688368015E1,1.001897255623E0,-9.063788308668E1));
#5050=CARTESIAN_POINT('',(1.642558641439E1,1.230008051378E0,-9.062339642380E1));
#5051=CARTESIAN_POINT('',(1.632790871484E1,1.451599674804E0,-9.060890976093E1));
#5052=CARTESIAN_POINT('',(1.621436828361E1,1.665497666937E0,-9.059442309806E1));
#5053=CARTESIAN_POINT('',(1.608556689696E1,1.870568345871E0,-9.057993643519E1));
#5054=CARTESIAN_POINT('',(1.594218721582E1,2.065724815392E0,-9.056544977232E1));
#5055=CARTESIAN_POINT('',(1.578498916760E1,2.249932725639E0,-9.055096310944E1));
#5056=CARTESIAN_POINT('',(1.561480591853E1,2.422215755269E0,-9.053647644657E1));
#5057=CARTESIAN_POINT('',(1.543253945778E1,2.581660786066E0,-9.052198978370E1));
#5058=CARTESIAN_POINT('',(1.523915581679E1,2.727422742558E0,-9.050750312083E1));
#5059=CARTESIAN_POINT('',(1.503567994925E1,2.858729071011E0,-9.049301645796E1));
#5060=CARTESIAN_POINT('',(1.482319029871E1,2.974883834043E0,-9.047852979509E1));
#5061=CARTESIAN_POINT('',(1.460281308272E1,3.075271399166E0,-9.046404313221E1));
#5062=CARTESIAN_POINT('',(1.437571632374E1,3.159359701702E0,-9.044955646934E1));
#5063=CARTESIAN_POINT('',(1.414310365854E1,3.226703064784E0,-9.043506980647E1));
#5064=CARTESIAN_POINT('',(1.390620795877E1,3.276944561489E0,-9.042058314360E1));
#5065=CARTESIAN_POINT('',(1.366628479661E1,3.309817906589E0,-9.040609648073E1));
#5066=CARTESIAN_POINT('',(1.342460579010E1,3.325148867888E0,-9.039160981785E1));
#5067=CARTESIAN_POINT('',(1.318245186346E1,3.322856189677E0,-9.037712315498E1));
#5068=CARTESIAN_POINT('',(1.294110645802E1,3.302952023391E0,-9.036263649211E1));
#5069=CARTESIAN_POINT('',(1.270184872987E1,3.265541863210E0,-9.034814982924E1));
#5070=CARTESIAN_POINT('',(1.246594677020E1,3.210823986926E0,-9.033366316637E1));
#5071=CARTESIAN_POINT('',(1.223465088426E1,3.139088405051E0,-9.031917650349E1));
#5072=CARTESIAN_POINT('',(1.200918696462E1,3.050715323732E0,-9.030468984062E1));
#5073=CARTESIAN_POINT('',(1.179074999382E1,2.946173129614E0,-9.029020317775E1));
#5074=CARTESIAN_POINT('',(1.158049771084E1,2.826015907347E0,-9.027571651488E1));
#5075=CARTESIAN_POINT('',(1.137954447494E1,2.690880502875E0,-9.026122985201E1));
#5076=CARTESIAN_POINT('',(1.118895535945E1,2.541483148086E0,-9.024674318913E1));
#5077=CARTESIAN_POINT('',(1.100974050677E1,2.378615664709E0,-9.023225652626E1));
#5078=CARTESIAN_POINT('',(1.084284977452E1,2.203141267574E0,-9.021776986339E1));
#5079=CARTESIAN_POINT('',(1.068916770117E1,2.015989989483E0,-9.020328320052E1));
#5080=CARTESIAN_POINT('',(1.054950881790E1,1.818153751937E0,-9.018879653765E1));
#5081=CARTESIAN_POINT('',(1.042461333152E1,1.610681107852E0,-9.017430987477E1));
#5082=CARTESIAN_POINT('',(1.031514320128E1,1.394671684109E0,-9.015982321190E1));
#5083=CARTESIAN_POINT('',(1.022167863040E1,1.171270353425E0,-9.014533654903E1));
#5084=CARTESIAN_POINT('',(1.014471499096E1,9.416611664016E-1,
-9.013084988616E1));
#5085=CARTESIAN_POINT('',(1.008466019836E1,7.070610759340E-1,
-9.011636322329E1));
#5086=CARTESIAN_POINT('',(1.004183254933E1,4.687134872310E-1,
-9.010187656041E1));
#5087=CARTESIAN_POINT('',(1.001645903494E1,2.278816676377E-1,
-9.008738989754E1));
#5088=CARTESIAN_POINT('',(1.000867413747E1,-1.415794881563E-2,
-9.007290323467E1));
#5089=CARTESIAN_POINT('',(1.001851911771E1,-2.561225266478E-1,
-9.005841657180E1));
#5090=CARTESIAN_POINT('',(1.004594179623E1,-4.967296280903E-1,
-9.004392990893E1));
#5091=CARTESIAN_POINT('',(1.009079682993E1,-7.347040101427E-1,
-9.002944324605E1));
#5092=CARTESIAN_POINT('',(1.015284648241E1,-9.687843834945E-1,
-9.001495658318E1));
#5093=CARTESIAN_POINT('',(1.023176188397E1,-1.197730097492E0,
-9.000046992031E1));
#5094=CARTESIAN_POINT('',(1.032712477466E1,-1.420327715718E0,
-8.998598325744E1));
#5095=CARTESIAN_POINT('',(1.043842972112E1,-1.635397447330E0,
-8.997149659457E1));
#5096=CARTESIAN_POINT('',(1.056508679539E1,-1.841799400081E0,
-8.995700993170E1));
#5097=CARTESIAN_POINT('',(1.070642470162E1,-2.038439621864E0,
-8.994252326882E1));
#5098=CARTESIAN_POINT('',(1.086169433402E1,-2.224275898774E0,
-8.992803660595E1));
#5099=CARTESIAN_POINT('',(1.103007274717E1,-2.398323278955E0,
-8.991354994308E1));
#5100=CARTESIAN_POINT('',(1.121066751772E1,-2.559659292946E0,
-8.989906328021E1));
#5101=CARTESIAN_POINT('',(1.140252147436E1,-2.707428842864E0,
-8.988457661734E1));
#5102=CARTESIAN_POINT('',(1.160461777089E1,-2.840848734519E0,
-8.987008995446E1));
#5103=CARTESIAN_POINT('',(1.181588527564E1,-2.959211828422E0,
-8.985560329159E1));
#5104=CARTESIAN_POINT('',(1.203520424856E1,-3.061890787697E0,
-8.984111662872E1));
#5105=CARTESIAN_POINT('',(1.226141227598E1,-3.148341403037E0,
-8.982662996585E1));
#5106=CARTESIAN_POINT('',(1.249331043151E1,-3.218105477067E0,
-8.981214330298E1));
#5107=CARTESIAN_POINT('',(1.272966963047E1,-3.270813252841E0,
-8.979765664010E1));
#5108=CARTESIAN_POINT('',(1.296923714419E1,-3.306185373595E0,
-8.978316997723E1));
#5109=CARTESIAN_POINT('',(1.321074323965E1,-3.324034363341E0,
-8.976868331436E1));
#5110=CARTESIAN_POINT('',(1.345290790887E1,-3.324265620626E0,
-8.975419665149E1));
#5111=CARTESIAN_POINT('',(1.369444765438E1,-3.306877919488E0,
-8.973970998862E1));
#5112=CARTESIAN_POINT('',(1.393408228704E1,-3.271963417599E0,
-8.972522332574E1));
#5113=CARTESIAN_POINT('',(1.417054172933E1,-3.219707161676E0,
-8.971073666287E1));
#5114=CARTESIAN_POINT('',(1.432522902922E1,-3.173493140330E0,
-8.970107888762E1));
#5115=CARTESIAN_POINT('',(1.440162965854E1,-3.147603226225E0,-8.969625E1));
#5117=CURVE_STYLE('',#140,POSITIVE_LENGTH_MEASURE(2.E-2),#81);
#5118=PRESENTATION_STYLE_ASSIGNMENT((#5117));
#5119=STYLED_ITEM('',(#5118),#5116);
#5120=CARTESIAN_POINT('',(1.151393416268E1,-3.561420954640E0,-8.696466E1));
#5121=CARTESIAN_POINT('',(1.159621762813E1,-3.594930681464E0,-8.696466E1));
#5122=CARTESIAN_POINT('',(1.176224196297E1,-3.656143400191E0,-8.696466E1));
#5123=CARTESIAN_POINT('',(1.201602587663E1,-3.730894064725E0,-8.696466E1));
#5124=CARTESIAN_POINT('',(1.227313956078E1,-3.788238302719E0,-8.696466E1));
#5125=CARTESIAN_POINT('',(1.253236290165E1,-3.828041970957E0,-8.696466E1));
#5126=CARTESIAN_POINT('',(1.279243312584E1,-3.850259443490E0,-8.696466E1));
#5127=CARTESIAN_POINT('',(1.305250757282E1,-3.854920026037E0,-8.696466E1));
#5128=CARTESIAN_POINT('',(1.331083370535E1,-3.842130859103E0,-8.696466E1));
#5129=CARTESIAN_POINT('',(1.356675575619E1,-3.812073979441E0,-8.696466E1));
#5130=CARTESIAN_POINT('',(1.381885386882E1,-3.765016426429E0,-8.696466E1));
#5131=CARTESIAN_POINT('',(1.406593449316E1,-3.701352656533E0,-8.696466E1));
#5132=CARTESIAN_POINT('',(1.430725837691E1,-3.621382597153E0,-8.696466E1));
#5133=CARTESIAN_POINT('',(1.454124040026E1,-3.525777569547E0,-8.696466E1));
#5134=CARTESIAN_POINT('',(1.476729053484E1,-3.414943490234E0,-8.696466E1));
#5135=CARTESIAN_POINT('',(1.498419793643E1,-3.289590146202E0,-8.696466E1));
#5136=CARTESIAN_POINT('',(1.519096488927E1,-3.150490663994E0,-8.696466E1));
#5137=CARTESIAN_POINT('',(1.538699858427E1,-2.998177933786E0,-8.696466E1));
#5138=CARTESIAN_POINT('',(1.557105849789E1,-2.833794636495E0,-8.696466E1));
#5139=CARTESIAN_POINT('',(1.574272129236E1,-2.657924183734E0,-8.696466E1));
#5140=CARTESIAN_POINT('',(1.590108224772E1,-2.471650594628E0,-8.696466E1));
#5141=CARTESIAN_POINT('',(1.604548857462E1,-2.276009102216E0,-8.696466E1));
#5142=CARTESIAN_POINT('',(1.617554701809E1,-2.071726212173E0,-8.696466E1));
#5143=CARTESIAN_POINT('',(1.629050313506E1,-1.860261826129E0,-8.696466E1));
#5144=CARTESIAN_POINT('',(1.639016639284E1,-1.642279176740E0,-8.696466E1));
#5145=CARTESIAN_POINT('',(1.647402752902E1,-1.419171055758E0,-8.696466E1));
#5146=CARTESIAN_POINT('',(1.654186039552E1,-1.192048934456E0,-8.696466E1));
#5147=CARTESIAN_POINT('',(1.659352404080E1,-9.617803199187E-1,-8.696466E1));
#5148=CARTESIAN_POINT('',(1.662882650204E1,-7.299912959132E-1,-8.696466E1));
#5149=CARTESIAN_POINT('',(1.664781501211E1,-4.971394106333E-1,-8.696466E1));
#5150=CARTESIAN_POINT('',(1.664959724830E1,-3.426671546037E-1,-8.696466E1));
#5151=CARTESIAN_POINT('',(1.664779572120E1,-2.654984139649E-1,-8.696466E1));
#5153=CURVE_STYLE('',#140,POSITIVE_LENGTH_MEASURE(2.E-2),#81);
#5154=PRESENTATION_STYLE_ASSIGNMENT((#5153));
#5155=STYLED_ITEM('',(#5154),#5152);
#5156=CARTESIAN_POINT('',(1.440162965854E1,-3.147603226225E0,-8.969625E1));
#5157=CARTESIAN_POINT('',(1.447825743918E1,-3.121636337256E0,
-8.969140675532E1));
#5158=CARTESIAN_POINT('',(1.462961563893E1,-3.064103620779E0,
-8.968172026596E1));
#5159=CARTESIAN_POINT('',(1.484975052917E1,-2.961467793214E0,
-8.966719053191E1));
#5160=CARTESIAN_POINT('',(1.506180928411E1,-2.843042446044E0,
-8.965266079787E1));
#5161=CARTESIAN_POINT('',(1.526466129123E1,-2.709458978406E0,
-8.963813106383E1));
#5162=CARTESIAN_POINT('',(1.545722501067E1,-2.561429612218E0,
-8.962360132979E1));
#5163=CARTESIAN_POINT('',(1.563847376005E1,-2.399743588615E0,
-8.960907159574E1));
#5164=CARTESIAN_POINT('',(1.580744118348E1,-2.225262961666E0,
-8.959454186170E1));
#5165=CARTESIAN_POINT('',(1.596322640510E1,-2.038918001745E0,
-8.958001212766E1));
#5166=CARTESIAN_POINT('',(1.610499883196E1,-1.841702235775E0,
-8.956548239362E1));
#5167=CARTESIAN_POINT('',(1.623200258247E1,-1.634667150054E0,
-8.955095265957E1));
#5168=CARTESIAN_POINT('',(1.634356051654E1,-1.418916584098E0,
-8.953642292553E1));
#5169=CARTESIAN_POINT('',(1.643907784582E1,-1.195600845352E0,
-8.952189319149E1));
#5170=CARTESIAN_POINT('',(1.651804530492E1,-9.659105761486E-1,
-8.950736345745E1));
#5171=CARTESIAN_POINT('',(1.658004186666E1,-7.310704056124E-1,
-8.949283372340E1));
#5172=CARTESIAN_POINT('',(1.662473698678E1,-4.923324203620E-1,
-8.947830398936E1));
#5173=CARTESIAN_POINT('',(1.665189236636E1,-2.509694888170E-1,
-8.946377425532E1));
#5174=CARTESIAN_POINT('',(1.666136322230E1,-8.268474703123E-3,
-8.944924452128E1));
#5175=CARTESIAN_POINT('',(1.665309905926E1,2.344766240599E-1,
-8.943471478723E1));
#5176=CARTESIAN_POINT('',(1.662714393892E1,4.759715745084E-1,
-8.942018505319E1));
#5177=CARTESIAN_POINT('',(1.658363624500E1,7.149288090373E-1,
-8.940565531915E1));
#5178=CARTESIAN_POINT('',(1.652280794548E1,9.500742902658E-1,
-8.939112558511E1));
#5179=CARTESIAN_POINT('',(1.644498335584E1,1.180154303764E0,-8.937659585106E1));
#5180=CARTESIAN_POINT('',(1.635057740989E1,1.403942142425E0,-8.936206611702E1));
#5181=CARTESIAN_POINT('',(1.624009344750E1,1.620244646844E0,-8.934753638298E1));
#5182=CARTESIAN_POINT('',(1.611412053096E1,1.827908566831E0,-8.933300664894E1));
#5183=CARTESIAN_POINT('',(1.597333030434E1,2.025826710141E0,-8.931847691489E1));
#5184=CARTESIAN_POINT('',(1.581847341245E1,2.212943845643E0,-8.930394718085E1));
#5185=CARTESIAN_POINT('',(1.565037549872E1,2.388262329446E0,-8.928941744681E1));
#5186=CARTESIAN_POINT('',(1.546993280312E1,2.550847423992E0,-8.927488771277E1));
#5187=CARTESIAN_POINT('',(1.527810738373E1,2.699832281753E0,-8.926035797872E1));
#5188=CARTESIAN_POINT('',(1.507592198740E1,2.834422566963E0,-8.924582824468E1));
#5189=CARTESIAN_POINT('',(1.486445459676E1,2.953900690741E0,-8.923129851064E1));
#5190=CARTESIAN_POINT('',(1.464483268286E1,3.057629637028E0,-8.921676877660E1));
#5191=CARTESIAN_POINT('',(1.441822719382E1,3.145056358935E0,-8.920223904255E1));
#5192=CARTESIAN_POINT('',(1.418584631180E1,3.215714727400E0,-8.918770930851E1));
#5193=CARTESIAN_POINT('',(1.394892901133E1,3.269228016423E0,-8.917317957447E1));
#5194=CARTESIAN_POINT('',(1.370873845357E1,3.305310911645E0,-8.915864984043E1));
#5195=CARTESIAN_POINT('',(1.346655525156E1,3.323771031540E0,-8.914412010638E1));
#5196=CARTESIAN_POINT('',(1.322367064242E1,3.324509953130E0,-8.912959037234E1));
#5197=CARTESIAN_POINT('',(1.298137960293E1,3.307523736739E0,-8.911506063830E1));
#5198=CARTESIAN_POINT('',(1.274097394517E1,3.272902947003E0,-8.910053090426E1));
#5199=CARTESIAN_POINT('',(1.250373542901E1,3.220832170006E0,-8.908600117021E1));
#5200=CARTESIAN_POINT('',(1.227092892823E1,3.151589029132E0,-8.907147143617E1));
#5201=CARTESIAN_POINT('',(1.204379568662E1,3.065542704877E0,-8.905694170213E1));
#5202=CARTESIAN_POINT('',(1.182354670011E1,2.963151966499E0,-8.904241196809E1));
#5203=CARTESIAN_POINT('',(1.161135626017E1,2.844962726025E0,-8.902788223404E1));
#5204=CARTESIAN_POINT('',(1.140835569289E1,2.711605127634E0,-8.90133525E1));
#5205=CARTESIAN_POINT('',(1.121562732713E1,2.563790187947E0,-8.899882276596E1));
#5206=CARTESIAN_POINT('',(1.103419872392E1,2.402306005132E0,-8.898429303191E1));
#5207=CARTESIAN_POINT('',(1.086503719785E1,2.228013557034E0,-8.896976329787E1));
#5208=CARTESIAN_POINT('',(1.070904465973E1,2.041842110745E0,-8.895523356383E1));
#5209=CARTESIAN_POINT('',(1.056705280784E1,1.844784268068E0,-8.894070382979E1));
#5210=CARTESIAN_POINT('',(1.043981869365E1,1.637890673308E0,-8.892617409574E1));
#5211=CARTESIAN_POINT('',(1.032802068550E1,1.422264411602E0,-8.891164436170E1));
#5212=CARTESIAN_POINT('',(1.023225485172E1,1.199055127647E0,-8.889711462766E1));
#5213=CARTESIAN_POINT('',(1.015303178263E1,9.694528961950E-1,
-8.888258489362E1));
#5214=CARTESIAN_POINT('',(1.009077386825E1,7.346818769842E-1,
-8.886805515957E1));
#5215=CARTESIAN_POINT('',(1.004581304626E1,4.959937879423E-1,
-8.885352542553E1));
#5216=CARTESIAN_POINT('',(1.001838903223E1,2.546612314592E-1,
-8.883899569149E1));
#5217=CARTESIAN_POINT('',(1.000864804153E1,1.197090931153E-2,
-8.882446595745E1));
#5218=CARTESIAN_POINT('',(1.001664200973E1,-2.307832375869E-1,
-8.880993622340E1));
#5219=CARTESIAN_POINT('',(1.004232831578E1,-4.723069280309E-1,
-8.879540648936E1));
#5220=CARTESIAN_POINT('',(1.008557000917E1,-7.113124411836E-1,
-8.878087675532E1));
#5221=CARTESIAN_POINT('',(1.014613654012E1,-9.465254822594E-1,
-8.876634702128E1));
#5222=CARTESIAN_POINT('',(1.022370498884E1,-1.176691976623E0,
-8.875181728723E1));
#5223=CARTESIAN_POINT('',(1.031786178716E1,-1.400584756080E0,
-8.873728755319E1));
#5224=CARTESIAN_POINT('',(1.042810492359E1,-1.617010101720E0,
-8.872275781915E1));
#5225=CARTESIAN_POINT('',(1.055384661982E1,-1.824814108403E0,
-8.870822808511E1));
#5226=CARTESIAN_POINT('',(1.069441646459E1,-2.022888836992E0,
-8.869369835106E1));
#5227=CARTESIAN_POINT('',(1.084906498807E1,-2.210178221498E0,
-8.867916861702E1));
#5228=CARTESIAN_POINT('',(1.101696765779E1,-2.385683699657E0,
-8.866463888298E1));
#5229=CARTESIAN_POINT('',(1.119722927476E1,-2.548469536922E0,
-8.865010914894E1));
#5230=CARTESIAN_POINT('',(1.138888874632E1,-2.697667815473E0,
-8.863557941489E1));
#5231=CARTESIAN_POINT('',(1.159092421044E1,-2.832483061659E0,
-8.862104968085E1));
#5232=CARTESIAN_POINT('',(1.180225848384E1,-2.952196487186E0,
-8.860651994681E1));
#5233=CARTESIAN_POINT('',(1.202176480522E1,-3.056169821445E0,
-8.859199021277E1));
#5234=CARTESIAN_POINT('',(1.224827284275E1,-3.143848714557E0,
-8.857746047872E1));
#5235=CARTESIAN_POINT('',(1.248057493387E1,-3.214765692969E0,
-8.856293074468E1));
#5236=CARTESIAN_POINT('',(1.271743252411E1,-3.268542651863E0,
-8.854840101064E1));
#5237=CARTESIAN_POINT('',(1.295758277068E1,-3.304892871083E0,
-8.853387127660E1));
#5238=CARTESIAN_POINT('',(1.319974527546E1,-3.323622543823E0,
-8.851934154255E1));
#5239=CARTESIAN_POINT('',(1.344262891169E1,-3.324631809944E0,
-8.850481180851E1));
#5240=CARTESIAN_POINT('',(1.368493870776E1,-3.307915288385E0,
-8.849028207447E1));
#5241=CARTESIAN_POINT('',(1.392538275159E1,-3.273562105863E0,
-8.847575234043E1));
#5242=CARTESIAN_POINT('',(1.416267907865E1,-3.221755421673E0,
-8.846122260638E1));
#5243=CARTESIAN_POINT('',(1.439556250695E1,-3.152771451148E0,
-8.844669287234E1));
#5244=CARTESIAN_POINT('',(1.462279138253E1,-3.066977992975E0,
-8.843216313830E1));
#5245=CARTESIAN_POINT('',(1.484315419958E1,-2.964832468220E0,
-8.841763340426E1));
#5246=CARTESIAN_POINT('',(1.505547605972E1,-2.846879481514E0,
-8.840310367021E1));
#5247=CARTESIAN_POINT('',(1.525862493617E1,-2.713747917414E0,
-8.838857393617E1));
#5248=CARTESIAN_POINT('',(1.545151770935E1,-2.566147587403E0,
-8.837404420213E1));
#5249=CARTESIAN_POINT('',(1.563312594166E1,-2.404865445425E0,
-8.835951446809E1));
#5250=CARTESIAN_POINT('',(1.580248136078E1,-2.230761392113E0,
-8.834498473404E1));
#5251=CARTESIAN_POINT('',(1.595868102214E1,-2.044763690103E0,-8.8330455E1));
#5252=CARTESIAN_POINT('',(1.610089212315E1,-1.847864014854E0,
-8.831592526596E1));
#5253=CARTESIAN_POINT('',(1.622835644337E1,-1.641112167377E0,
-8.830139553191E1));
#5254=CARTESIAN_POINT('',(1.634039438710E1,-1.425610477060E0,
-8.828686579787E1));
#5255=CARTESIAN_POINT('',(1.643640860675E1,-1.202507924430E0,
-8.827233606383E1));
#5256=CARTESIAN_POINT('',(1.651588718768E1,-9.729940151847E-1,
-8.825780632979E1));
#5257=CARTESIAN_POINT('',(1.657840637757E1,-7.382924381576E-1,
-8.824327659574E1));
#5258=CARTESIAN_POINT('',(1.662363284572E1,-4.996545410350E-1,
-8.822874686170E1));
#5259=CARTESIAN_POINT('',(1.665132546022E1,-2.583526586011E-1,
-8.821421712766E1));
#5260=CARTESIAN_POINT('',(1.666133657363E1,-1.567332908915E-2,
-8.819968739362E1));
#5261=CARTESIAN_POINT('',(1.665361281015E1,2.270895651962E-1,
-8.818515765957E1));
#5262=CARTESIAN_POINT('',(1.662819535022E1,4.686416964116E-1,
-8.817062792553E1));
#5263=CARTESIAN_POINT('',(1.658521971095E1,7.076951920839E-1,
-8.815609819149E1));
#5264=CARTESIAN_POINT('',(1.652491502359E1,9.429755016012E-1,
-8.814156845745E1));
#5265=CARTESIAN_POINT('',(1.644760281189E1,1.173228191676E0,-8.812703872340E1));
#5266=CARTESIAN_POINT('',(1.635369527784E1,1.397225634549E0,-8.811250898936E1));
#5267=CARTESIAN_POINT('',(1.624369310397E1,1.613773553279E0,-8.809797925532E1));
#5268=CARTESIAN_POINT('',(1.611818278382E1,1.821717389210E0,-8.808344952128E1));
#5269=CARTESIAN_POINT('',(1.597783349506E1,2.019948457684E0,-8.806891978723E1));
#5270=CARTESIAN_POINT('',(1.582339353158E1,2.207409859160E0,-8.805439005319E1));
#5271=CARTESIAN_POINT('',(1.565568631388E1,2.383102114240E0,-8.803986031915E1));
#5272=CARTESIAN_POINT('',(1.547560599888E1,2.546088492548E0,-8.802533058511E1));
#5273=CARTESIAN_POINT('',(1.528411271258E1,2.695500007048E0,-8.801080085106E1));
#5274=CARTESIAN_POINT('',(1.508222743099E1,2.830540047188E0,-8.799627111702E1));
#5275=CARTESIAN_POINT('',(1.487102653665E1,2.950488626149E0,-8.798174138298E1));
#5276=CARTESIAN_POINT('',(1.465163607973E1,3.054706219569E0,-8.796721164894E1));
#5277=CARTESIAN_POINT('',(1.442522577432E1,3.142637175260E0,-8.795268191489E1));
#5278=CARTESIAN_POINT('',(1.419300276191E1,3.213812675759E0,-8.793815218085E1));
#5279=CARTESIAN_POINT('',(1.395620517534E1,3.267853237900E0,-8.792362244681E1));
#5280=CARTESIAN_POINT('',(1.371609553748E1,3.304470736083E0,-8.790909271277E1));
#5281=CARTESIAN_POINT('',(1.347395402994E1,3.323469938465E0,-8.789456297872E1));
#5282=CARTESIAN_POINT('',(1.323107166755E1,3.324749547866E0,-8.788003324468E1));
#5283=CARTESIAN_POINT('',(1.298874341510E1,3.308302741850E0,-8.786550351064E1));
#5284=CARTESIAN_POINT('',(1.274826128307E1,3.274217209102E0,-8.785097377660E1));
#5285=CARTESIAN_POINT('',(1.251090743909E1,3.222674681902E0,-8.783644404255E1));
#5286=CARTESIAN_POINT('',(1.227794737180E1,3.153949967190E0,-8.782191430851E1));
#5287=CARTESIAN_POINT('',(1.205062314376E1,3.068409481389E0,-8.780738457447E1));
#5288=CARTESIAN_POINT('',(1.183014676919E1,2.966509296805E0,-8.779285484043E1));
#5289=CARTESIAN_POINT('',(1.161769375190E1,2.84879271E0,-8.777832510638E1));
#5290=CARTESIAN_POINT('',(1.141439681795E1,2.715887345128E0,-8.776379537234E1));
#5291=CARTESIAN_POINT('',(1.122133987633E1,2.568501807655E0,-8.774926563830E1));
#5292=CARTESIAN_POINT('',(1.103955223992E1,2.407421906326E0,-8.773473590426E1));
#5293=CARTESIAN_POINT('',(1.087000313756E1,2.233506463499E0,-8.772020617021E1));
#5294=CARTESIAN_POINT('',(1.071359654647E1,2.047682736201E0,-8.770567643617E1));
#5295=CARTESIAN_POINT('',(1.057116637252E1,1.850941472319E0,-8.769114670213E1));
#5296=CARTESIAN_POINT('',(1.044347200418E1,1.644331628269E0,-8.767661696809E1));
#5297=CARTESIAN_POINT('',(1.033119426368E1,1.428954776327E0,-8.766208723404E1));
#5298=CARTESIAN_POINT('',(1.023493177713E1,1.205959231425E0,-8.76475575E1));
#5299=CARTESIAN_POINT('',(1.015519778282E1,9.765339287306E-1,
-8.763302776596E1));
#5300=CARTESIAN_POINT('',(1.009241739487E1,7.419020846594E-1,
-8.761849803191E1));
#5301=CARTESIAN_POINT('',(1.004692533659E1,5.033146751050E-1,
-8.760396829787E1));
#5302=CARTESIAN_POINT('',(1.001896415592E1,2.620437656697E-1,
-8.758943856383E1));
#5303=CARTESIAN_POINT('',(1.000868293222E1,1.937572944904E-2,
-8.757490882979E1));
#5304=CARTESIAN_POINT('',(1.001613648140E1,-2.233956114639E-1,
-8.756037909574E1));
#5305=CARTESIAN_POINT('',(1.004128506373E1,-4.649758841914E-1,
-8.754584936170E1));
#5306=CARTESIAN_POINT('',(1.008399459565E1,-7.040770662196E-1,
-8.753131962766E1));
#5307=CARTESIAN_POINT('',(1.014403736470E1,-9.394243526892E-1,
-8.751678989362E1));
#5308=CARTESIAN_POINT('',(1.022109324359E1,-1.169762953215E0,
-8.750226015957E1));
#5309=CARTESIAN_POINT('',(1.031475139701E1,-1.393864781993E0,
-8.748773042553E1));
#5310=CARTESIAN_POINT('',(1.042451247206E1,-1.610535005531E0,
-8.747320069149E1));
#5311=CARTESIAN_POINT('',(1.054979126062E1,-1.818618413088E0,
-8.745867095745E1));
#5312=CARTESIAN_POINT('',(1.068991981950E1,-2.017005575858E0,
-8.744414122340E1));
#5313=CARTESIAN_POINT('',(1.084415103165E1,-2.204638762058E0,
-8.742961148936E1));
#5314=CARTESIAN_POINT('',(1.101166258955E1,-2.380517576395E0,
-8.741508175532E1));
#5315=CARTESIAN_POINT('',(1.119156137948E1,-2.543704293821E0,
-8.740055202128E1));
#5316=CARTESIAN_POINT('',(1.138288824328E1,-2.693328859163E0,
-8.738602228723E1));
#5317=CARTESIAN_POINT('',(1.158462309223E1,-2.828593525956E0,
-8.737149255319E1));
#5318=CARTESIAN_POINT('',(1.179569034585E1,-2.948777109748E0,
-8.735696281915E1));
#5319=CARTESIAN_POINT('',(1.201496466650E1,-3.053238833212E0,
-8.734243308511E1));
#5320=CARTESIAN_POINT('',(1.224127695929E1,-3.141421742544E0,
-8.732790335106E1));
#5321=CARTESIAN_POINT('',(1.247342060529E1,-3.212855676953E0,
-8.731337361702E1));
#5322=CARTESIAN_POINT('',(1.271015789482E1,-3.267159775389E0,
-8.729884388298E1));
#5323=CARTESIAN_POINT('',(1.295022662649E1,-3.304044507170E0,
-8.728431414894E1));
#5324=CARTESIAN_POINT('',(1.319234683680E1,-3.323313215655E0,
-8.726978441489E1));
#5325=CARTESIAN_POINT('',(1.343522762446E1,-3.324863166751E0,
-8.725525468085E1));
#5326=CARTESIAN_POINT('',(1.367757403307E1,-3.308686096653E0,
-8.724072494681E1));
#5327=CARTESIAN_POINT('',(1.391809395535E1,-3.274868255908E0,
-8.722619521277E1));
#5328=CARTESIAN_POINT('',(1.415550502220E1,-3.223589949555E0,
-8.721166547872E1));
#5329=CARTESIAN_POINT('',(1.438854143987E1,-3.155124575798E0,
-8.719713574468E1));
#5330=CARTESIAN_POINT('',(1.461596073873E1,-3.069837168347E0,
-8.718260601064E1));
#5331=CARTESIAN_POINT('',(1.483655039768E1,-2.968182450178E0,
-8.716807627660E1));
#5332=CARTESIAN_POINT('',(1.504913430892E1,-2.850702409113E0,
-8.715354654255E1));
#5333=CARTESIAN_POINT('',(1.525257904849E1,-2.718023408124E0,
-8.713901680851E1));
#5334=CARTESIAN_POINT('',(1.544579991937E1,-2.570852845786E0,
-8.712448707447E1));
#5335=CARTESIAN_POINT('',(1.562776673467E1,-2.409975384669E0,
-8.710995734043E1));
#5336=CARTESIAN_POINT('',(1.579750931021E1,-2.236248767789E0,
-8.709542760638E1));
#5337=CARTESIAN_POINT('',(1.595412263726E1,-2.050599245422E0,
-8.708089787234E1));
#5338=CARTESIAN_POINT('',(1.609677170768E1,-1.854016636647E0,
-8.706636813830E1));
#5339=CARTESIAN_POINT('',(1.622469596594E1,-1.647549052005E0,
-8.705183840426E1));
#5340=CARTESIAN_POINT('',(1.633721336412E1,-1.432297305230E0,
-8.703730867021E1));
#5341=CARTESIAN_POINT('',(1.643372399831E1,-1.209409044469E0,
-8.702277893617E1));
#5342=CARTESIAN_POINT('',(1.651371330725E1,-9.800726320222E-1,
-8.700824920213E1));
#5343=CARTESIAN_POINT('',(1.657675481532E1,-7.455108136037E-1,
-8.699371946809E1));
#5344=CARTESIAN_POINT('',(1.662251240797E1,-5.069741796975E-1,
-8.697918973404E1));
#5345=CARTESIAN_POINT('',(1.664133221460E1,-3.461477733564E-1,
-8.696950324468E1));
#5346=CARTESIAN_POINT('',(1.664779572120E1,-2.654984139649E-1,-8.696466E1));
#5348=CURVE_STYLE('',#140,POSITIVE_LENGTH_MEASURE(2.E-2),#81);
#5349=PRESENTATION_STYLE_ASSIGNMENT((#5348));
#5350=STYLED_ITEM('',(#5349),#5347);
#5351=DIRECTION('',(2.779453192742E-1,-8.202111920070E-1,5.E-1));
#5352=VECTOR('',#5351,7.8125E-1);
#5353=CARTESIAN_POINT('',(1.440162965854E1,-3.147603226225E0,-8.969625E1));
#5354=LINE('',#5353,#5352);
#5355=CURVE_STYLE('',#140,POSITIVE_LENGTH_MEASURE(2.E-2),#81);
#5356=PRESENTATION_STYLE_ASSIGNMENT((#5355));
#5357=STYLED_ITEM('',(#5356),#5354);
#5358=CARTESIAN_POINT('',(1.664779572120E1,-2.654984139649E-1,-8.696466E1));
#5359=CARTESIAN_POINT('',(1.665412460888E1,-1.865287820521E-1,-8.696466E1));
#5360=CARTESIAN_POINT('',(1.666111844888E1,-2.861745228071E-2,-8.696466E1));
#5361=CARTESIAN_POINT('',(1.665467107938E1,2.089383506042E-1,-8.696466E1));
#5362=CARTESIAN_POINT('',(1.663136094438E1,4.448461950683E-1,-8.696466E1));
#5363=CARTESIAN_POINT('',(1.659116703445E1,6.791690146335E-1,-8.696466E1));
#5364=CARTESIAN_POINT('',(1.653451256400E1,9.093781597245E-1,-8.696466E1));
#5365=CARTESIAN_POINT('',(1.646146025873E1,1.135417491826E0,-8.696466E1));
#5366=CARTESIAN_POINT('',(1.637247483706E1,1.355577950196E0,-8.696466E1));
#5367=CARTESIAN_POINT('',(1.626817829170E1,1.568555581362E0,-8.696466E1));
#5368=CARTESIAN_POINT('',(1.614865146428E1,1.774048186297E0,-8.696466E1));
#5369=CARTESIAN_POINT('',(1.601515690987E1,1.969928009724E0,-8.696466E1));
#5370=CARTESIAN_POINT('',(1.586768962683E1,2.156247909728E0,-8.696466E1));
#5371=CARTESIAN_POINT('',(1.570745435677E1,2.331373657783E0,-8.696466E1));
#5372=CARTESIAN_POINT('',(1.553525884213E1,2.494548333412E0,-8.696466E1));
#5373=CARTESIAN_POINT('',(1.535149212008E1,2.645303628378E0,-8.696466E1));
#5374=CARTESIAN_POINT('',(1.515798199391E1,2.782193971075E0,-8.696466E1));
#5375=CARTESIAN_POINT('',(1.495466564537E1,2.905270545752E0,-8.696466E1));
#5376=CARTESIAN_POINT('',(1.474343198714E1,3.013330561522E0,-8.696466E1));
#5377=CARTESIAN_POINT('',(1.452498706862E1,3.106099270947E0,-8.696466E1));
#5378=CARTESIAN_POINT('',(1.430017299847E1,3.183126100469E0,-8.696466E1));
#5379=CARTESIAN_POINT('',(1.407105276030E1,3.243783786478E0,-8.696466E1));
#5380=CARTESIAN_POINT('',(1.383711370980E1,3.288138521761E0,-8.696466E1));
#5381=CARTESIAN_POINT('',(1.367971035843E1,3.306447413791E0,-8.696466E1));
#5382=CARTESIAN_POINT('',(1.360049841397E1,3.312795721200E0,-8.696466E1));
#5384=CURVE_STYLE('',#140,POSITIVE_LENGTH_MEASURE(2.E-2),#81);
#5385=PRESENTATION_STYLE_ASSIGNMENT((#5384));
#5386=STYLED_ITEM('',(#5385),#5383);
#5387=CARTESIAN_POINT('',(1.440162965854E1,-3.147603226225E0,-9.000875E1));
#5388=CARTESIAN_POINT('',(1.447807777261E1,-3.121697220942E0,
-9.000391811111E1));
#5389=CARTESIAN_POINT('',(1.462908553039E1,-3.064312507843E0,
-8.999425433333E1));
#5390=CARTESIAN_POINT('',(1.484872988599E1,-2.961974061721E0,
-8.997975866667E1));
#5391=CARTESIAN_POINT('',(1.506034133315E1,-2.843917332142E0,-8.9965263E1));
#5392=CARTESIAN_POINT('',(1.526279692623E1,-2.710768806069E0,
-8.995076733333E1));
#5393=CARTESIAN_POINT('',(1.545502229257E1,-2.563235062856E0,
-8.993627166667E1));
#5394=CARTESIAN_POINT('',(1.563599735201E1,-2.402099018484E0,-8.9921776E1));
#5395=CARTESIAN_POINT('',(1.580476172527E1,-2.228215772516E0,
-8.990728033333E1));
#5396=CARTESIAN_POINT('',(1.596041983174E1,-2.042508069905E0,
-8.989278466667E1));
#5397=CARTESIAN_POINT('',(1.610214564164E1,-1.845961404388E0,-8.9878289E1));
#5398=CARTESIAN_POINT('',(1.622918705963E1,-1.639618788743E0,
-8.986379333333E1));
#5399=CARTESIAN_POINT('',(1.634086991594E1,-1.424575219845E0,
-8.984929766667E1));
#5400=CARTESIAN_POINT('',(1.643660154395E1,-1.201971867859E0,-8.9834802E1));
#5401=CARTESIAN_POINT('',(1.651587392531E1,-9.729900203933E-1,
-8.982030633333E1));
#5402=CARTESIAN_POINT('',(1.657826638587E1,-7.388448137735E-1,
-8.980581066667E1));
#5403=CARTESIAN_POINT('',(1.662344782798E1,-5.007787846862E-1,-8.9791315E1));
#5404=CARTESIAN_POINT('',(1.665117848762E1,-2.600552764184E-1,
-8.977681933333E1));
#5405=CARTESIAN_POINT('',(1.666131120669E1,-1.795173468268E-2,
-8.976232366667E1));
#5406=CARTESIAN_POINT('',(1.665379221397E1,2.242470713945E-1,-8.9747828E1));
#5407=CARTESIAN_POINT('',(1.662866141044E1,4.652558671483E-1,
-8.973333233333E1));
#5408=CARTESIAN_POINT('',(1.658605215755E1,7.037956929330E-1,
-8.971883666667E1));
#5409=CARTESIAN_POINT('',(1.652619056953E1,9.386006911681E-1,-8.9704341E1));
#5410=CARTESIAN_POINT('',(1.644939431343E1,1.168424823856E0,-8.968984533333E1));
#5411=CARTESIAN_POINT('',(1.635607092339E1,1.392048484921E0,-8.967534966667E1));
#5412=CARTESIAN_POINT('',(1.624671563798E1,1.608284972288E0,-8.9660854E1));
#5413=CARTESIAN_POINT('',(1.612190877210E1,1.815986785342E0,-8.964635833333E1));
#5414=CARTESIAN_POINT('',(1.598231263745E1,2.014051714363E0,-8.963186266667E1));
#5415=CARTESIAN_POINT('',(1.582866802784E1,2.201428689615E0,-8.9617367E1));
#5416=CARTESIAN_POINT('',(1.566179028801E1,2.377123359049E0,-8.960287133333E1));
#5417=CARTESIAN_POINT('',(1.548256498687E1,2.540203365023E0,-8.958837566667E1));
#5418=CARTESIAN_POINT('',(1.529194321804E1,2.689803292043E0,-8.957388E1));
#5419=CARTESIAN_POINT('',(1.509093655269E1,2.825129259248E0,-8.955938433333E1));
#5420=CARTESIAN_POINT('',(1.488061167144E1,2.945463133301E0,-8.954488866667E1));
#5421=CARTESIAN_POINT('',(1.466208470383E1,3.050166339296E0,-8.9530393E1));
#5422=CARTESIAN_POINT('',(1.443651530536E1,3.138683249483E0,-8.951589733333E1));
#5423=CARTESIAN_POINT('',(1.420510050353E1,3.210544131809E0,-8.950140166667E1));
#5424=CARTESIAN_POINT('',(1.396906834560E1,3.265367642646E0,-8.9486906E1));
#5425=CARTESIAN_POINT('',(1.372967138173E1,3.302862850463E0,-8.947241033333E1));
#5426=CARTESIAN_POINT('',(1.348818001808E1,3.322830779710E0,-8.945791466667E1));
#5427=CARTESIAN_POINT('',(1.324587577513E1,3.325165466720E0,-8.9443419E1));
#5428=CARTESIAN_POINT('',(1.300404448706E1,3.309854522027E0,-8.942892333333E1));
#5429=CARTESIAN_POINT('',(1.276396947823E1,3.276979196110E0,-8.941442766667E1));
#5430=CARTESIAN_POINT('',(1.252692475298E1,3.226713948226E0,-8.9399932E1));
#5431=CARTESIAN_POINT('',(1.229416823483E1,3.159325520604E0,-8.938543633333E1));
#5432=CARTESIAN_POINT('',(1.206693509114E1,3.075171522930E0,-8.937094066667E1));
#5433=CARTESIAN_POINT('',(1.184643117839E1,2.974698534619E0,-8.9356445E1));
#5434=CARTESIAN_POINT('',(1.163382664312E1,2.858439734956E0,-8.934194933333E1));
#5435=CARTESIAN_POINT('',(1.143024971229E1,2.727012073678E0,-8.932745366667E1));
#5436=CARTESIAN_POINT('',(1.123678070613E1,2.581112997012E0,-8.9312958E1));
#5437=CARTESIAN_POINT('',(1.105444630523E1,2.421516746540E0,-8.929846233333E1));
#5438=CARTESIAN_POINT('',(1.088421410224E1,2.249070250539E0,-8.928396666667E1));
#5439=CARTESIAN_POINT('',(1.072698746718E1,2.064688629590E0,-8.9269471E1));
#5440=CARTESIAN_POINT('',(1.058360075349E1,1.869350340318E0,-8.925497533333E1));
#5441=CARTESIAN_POINT('',(1.045481487043E1,1.664091983019E0,-8.924047966667E1));
#5442=CARTESIAN_POINT('',(1.034131324512E1,1.450002800743E0,-8.9225984E1));
#5443=CARTESIAN_POINT('',(1.024369819580E1,1.228218899018E0,-8.921148833333E1));
#5444=CARTESIAN_POINT('',(1.016248773558E1,9.999172168811E-1,
-8.919699266667E1));
#5445=CARTESIAN_POINT('',(1.009811282340E1,7.663092812301E-1,-8.9182497E1));
#5446=CARTESIAN_POINT('',(1.005091507716E1,5.286347776195E-1,
-8.916800133333E1));
#5447=CARTESIAN_POINT('',(1.002114496080E1,2.881549716306E-1,
-8.915350566667E1));
#5448=CARTESIAN_POINT('',(1.000896045517E1,4.614601572312E-2,-8.913901E1));
#5449=CARTESIAN_POINT('',(1.001442621971E1,-1.961078229146E-1,
-8.912451433333E1));
#5450=CARTESIAN_POINT('',(1.003751324929E1,-4.373209775768E-1,
-8.911001866667E1));
#5451=CARTESIAN_POINT('',(1.007809902813E1,-6.762134041478E-1,-8.9095523E1));
#5452=CARTESIAN_POINT('',(1.013596817996E1,-9.115173739029E-1,
-8.908102733333E1));
#5453=CARTESIAN_POINT('',(1.021081361099E1,-1.141984200956E0,
-8.906653166667E1));
#5454=CARTESIAN_POINT('',(1.030223813948E1,-1.366390868650E0,-8.9052036E1));
#5455=CARTESIAN_POINT('',(1.040975660357E1,-1.583546519734E0,
-8.903754033333E1));
#5456=CARTESIAN_POINT('',(1.053279843578E1,-1.792298775874E0,
-8.902304466667E1));
#5457=CARTESIAN_POINT('',(1.067071069090E1,-1.991539852970E0,-8.9008549E1));
#5458=CARTESIAN_POINT('',(1.082276151098E1,-2.180212439831E0,
-8.899405333333E1));
#5459=CARTESIAN_POINT('',(1.098814400900E1,-2.357315308993E0,
-8.897955766667E1));
#5460=CARTESIAN_POINT('',(1.116598055085E1,-2.521908629934E0,-8.8965062E1));
#5461=CARTESIAN_POINT('',(1.135532741264E1,-2.673118956458E0,
-8.895056633333E1));
#5462=CARTESIAN_POINT('',(1.155517978873E1,-2.810143861812E0,
-8.893607066667E1));
#5463=CARTESIAN_POINT('',(1.176447712395E1,-2.932256196915E0,-8.8921575E1));
#5464=CARTESIAN_POINT('',(1.198210874165E1,-3.038807949115E0,
-8.890707933333E1));
#5465=CARTESIAN_POINT('',(1.220691973767E1,-3.129233680993E0,
-8.889258366667E1));
#5466=CARTESIAN_POINT('',(1.243771710911E1,-3.203053530968E0,-8.8878088E1));
#5467=CARTESIAN_POINT('',(1.267327608523E1,-3.259875759773E0,
-8.886359233333E1));
#5468=CARTESIAN_POINT('',(1.291234662690E1,-3.299398829292E0,
-8.884909666667E1));
#5469=CARTESIAN_POINT('',(1.315366006018E1,-3.321413002738E0,-8.8834601E1));
#5470=CARTESIAN_POINT('',(1.339593580883E1,-3.325801457654E0,
-8.882010533333E1));
#5471=CARTESIAN_POINT('',(1.363788818985E1,-3.312540905857E0,
-8.880560966667E1));
#5472=CARTESIAN_POINT('',(1.387823323629E1,-3.281701717024E0,-8.8791114E1));
#5473=CARTESIAN_POINT('',(1.411569551082E1,-3.233447545255E0,
-8.877661833333E1));
#5474=CARTESIAN_POINT('',(1.434901487409E1,-3.168034460618E0,
-8.876212266667E1));
#5475=CARTESIAN_POINT('',(1.457695317190E1,-3.085809590259E0,-8.8747627E1));
#5476=CARTESIAN_POINT('',(1.479830080574E1,-2.987209276307E0,
-8.873313133333E1));
#5477=CARTESIAN_POINT('',(1.501188315170E1,-2.872756760340E0,
-8.871863566667E1));
#5478=CARTESIAN_POINT('',(1.521656679388E1,-2.743059406703E0,-8.870414E1));
#5479=CARTESIAN_POINT('',(1.541126553907E1,-2.598805479411E0,
-8.868964433333E1));
#5480=CARTESIAN_POINT('',(1.559494618083E1,-2.440760489743E0,
-8.867514866667E1));
#5481=CARTESIAN_POINT('',(1.576663398242E1,-2.269763133913E0,-8.8660653E1));
#5482=CARTESIAN_POINT('',(1.592541784942E1,-2.086720842359E0,
-8.864615733333E1));
#5483=CARTESIAN_POINT('',(1.607045516462E1,-1.892604964296E0,
-8.863166166667E1));
#5484=CARTESIAN_POINT('',(1.620097625954E1,-1.688445613060E0,-8.8617166E1));
#5485=CARTESIAN_POINT('',(1.631628849883E1,-1.475326199615E0,
-8.860267033333E1));
#5486=CARTESIAN_POINT('',(1.641577995585E1,-1.254377683220E0,
-8.858817466667E1));
#5487=CARTESIAN_POINT('',(1.649892266E1,-1.026772569782E0,-8.8573679E1));
#5488=CARTESIAN_POINT('',(1.656527539849E1,-7.937186897216E-1,
-8.855918333333E1));
#5489=CARTESIAN_POINT('',(1.661448605773E1,-5.564527883900E-1,
-8.854468766667E1));
#5490=CARTESIAN_POINT('',(1.664629349185E1,-3.162339630423E-1,-8.8530192E1));
#5491=CARTESIAN_POINT('',(1.666052890857E1,-7.433698119386E-2,
-8.851569633333E1));
#5492=CARTESIAN_POINT('',(1.665711676492E1,1.679544841789E-1,
-8.850120066667E1));
#5493=CARTESIAN_POINT('',(1.663607516809E1,4.093546666965E-1,-8.8486705E1));
#5494=CARTESIAN_POINT('',(1.659751577937E1,6.485825297441E-1,
-8.847220933333E1));
#5495=CARTESIAN_POINT('',(1.654164322159E1,8.843685645386E-1,
-8.845771366667E1));
#5496=CARTESIAN_POINT('',(1.646875399326E1,1.115461527023E0,-8.8443218E1));
#5497=CARTESIAN_POINT('',(1.637923489511E1,1.340635077831E0,-8.842872233333E1));
#5498=CARTESIAN_POINT('',(1.627356097751E1,1.558694290100E0,-8.841422666667E1));
#5499=CARTESIAN_POINT('',(1.615229301947E1,1.768481990573E0,-8.8399731E1));
#5500=CARTESIAN_POINT('',(1.601607455279E1,1.968884900366E0,-8.838523533333E1));
#5501=CARTESIAN_POINT('',(1.586562844704E1,2.158839542797E0,-8.837073966667E1));
#5502=CARTESIAN_POINT('',(1.570175307349E1,2.337337886929E0,-8.8356244E1));
#5503=CARTESIAN_POINT('',(1.552531806839E1,2.503432696882E0,-8.834174833333E1));
#5504=CARTESIAN_POINT('',(1.533725971813E1,2.656242558520E0,-8.832725266667E1));
#5505=CARTESIAN_POINT('',(1.513857599060E1,2.794956556847E0,-8.8312757E1));
#5506=CARTESIAN_POINT('',(1.493032123931E1,2.918838579286E0,-8.829826133333E1));
#5507=CARTESIAN_POINT('',(1.471360060826E1,3.027231221996E0,-8.828376566667E1));
#5508=CARTESIAN_POINT('',(1.448956416726E1,3.119559278520E0,-8.826927E1));
#5509=CARTESIAN_POINT('',(1.425940080889E1,3.195332792223E0,-8.825477433333E1));
#5510=CARTESIAN_POINT('',(1.402433193938E1,3.254149656343E0,-8.824027866667E1));
#5511=CARTESIAN_POINT('',(1.378560499702E1,3.295697747851E0,-8.8225783E1));
#5512=CARTESIAN_POINT('',(1.354448683236E1,3.319756583787E0,-8.821128733333E1));
#5513=CARTESIAN_POINT('',(1.330225698543E1,3.326198491300E0,-8.819679166667E1));
#5514=CARTESIAN_POINT('',(1.306020089562E1,3.314989285165E0,-8.8182296E1));
#5515=CARTESIAN_POINT('',(1.281960308024E1,3.286188449196E0,-8.816780033333E1));
#5516=CARTESIAN_POINT('',(1.258174031799E1,3.239948820582E0,-8.815330466667E1));
#5517=CARTESIAN_POINT('',(1.234787487350E1,3.176515778829E0,-8.8138809E1));
#5518=CARTESIAN_POINT('',(1.211924779882E1,3.096225943604E0,-8.812431333333E1));
#5519=CARTESIAN_POINT('',(1.189707234761E1,2.999505388398E0,-8.810981766667E1));
#5520=CARTESIAN_POINT('',(1.168252753676E1,2.886867379488E0,-8.8095322E1));
#5521=CARTESIAN_POINT('',(1.147675188965E1,2.758909652186E0,-8.808082633333E1));
#5522=CARTESIAN_POINT('',(1.128083739445E1,2.616311238845E0,-8.806633066667E1));
#5523=CARTESIAN_POINT('',(1.109582370920E1,2.459828865441E0,-8.8051835E1));
#5524=CARTESIAN_POINT('',(1.092269264469E1,2.290292935861E0,-8.803733933333E1));
#5525=CARTESIAN_POINT('',(1.076236295430E1,2.108603125205E0,-8.802284366667E1));
#5526=CARTESIAN_POINT('',(1.061568545845E1,1.915723605488E0,-8.8008348E1));
#5527=CARTESIAN_POINT('',(1.048343852954E1,1.712677929070E0,-8.799385233333E1));
#5528=CARTESIAN_POINT('',(1.036632396141E1,1.500543596985E0,-8.797935666667E1));
#5529=CARTESIAN_POINT('',(1.026496324510E1,1.280446340970E0,-8.7964861E1));
#5530=CARTESIAN_POINT('',(1.017989427079E1,1.053554149552E0,-8.795036533333E1));
#5531=CARTESIAN_POINT('',(1.011156847340E1,8.210710698945E-1,
-8.793586966667E1));
#5532=CARTESIAN_POINT('',(1.006034843693E1,5.842308182866E-1,-8.7921374E1));
#5533=CARTESIAN_POINT('',(1.002650597041E1,3.442902331909E-1,
-8.790687833333E1));
#5534=CARTESIAN_POINT('',(1.001022066539E1,1.025226055870E-1,
-8.789238266667E1));
#5535=CARTESIAN_POINT('',(1.001157894299E1,-1.397890779916E-1,-8.7877887E1));
#5536=CARTESIAN_POINT('',(1.003057359524E1,-3.813589438740E-1,
-8.786339133333E1));
#5537=CARTESIAN_POINT('',(1.006710382337E1,-6.209050549874E-1,
-8.784889566667E1));
#5538=CARTESIAN_POINT('',(1.012097577267E1,-8.571562137045E-1,-8.78344E1));
#5539=CARTESIAN_POINT('',(1.019190356126E1,-1.088858707698E0,
-8.781990433333E1));
#5540=CARTESIAN_POINT('',(1.027951079715E1,-1.314782963006E0,
-8.780540866667E1));
#5541=CARTESIAN_POINT('',(1.038333257565E1,-1.533730069006E0,-8.7790913E1));
#5542=CARTESIAN_POINT('',(1.050281794648E1,-1.744538140663E0,
-8.777641733333E1));
#5543=CARTESIAN_POINT('',(1.063733283747E1,-1.946088484297E0,
-8.776192166667E1));
#5544=CARTESIAN_POINT('',(1.078616341941E1,-2.137311534146E0,-8.7747426E1));
#5545=CARTESIAN_POINT('',(1.094851989414E1,-2.317192528226E0,
-8.773293033333E1));
#5546=CARTESIAN_POINT('',(1.112354068571E1,-2.484776893356E0,
-8.771843466667E1));
#5547=CARTESIAN_POINT('',(1.131029701254E1,-2.639175310790E0,-8.7703939E1));
#5548=CARTESIAN_POINT('',(1.150779781617E1,-2.779568435555E0,
-8.768944333333E1));
#5549=CARTESIAN_POINT('',(1.171499502051E1,-2.905211244463E0,
-8.767494766667E1));
#5550=CARTESIAN_POINT('',(1.193078909364E1,-3.015436989723E0,-8.7660452E1));
#5551=CARTESIAN_POINT('',(1.215403488271E1,-3.109660737164E0,
-8.764595633333E1));
#5552=CARTESIAN_POINT('',(1.238354769088E1,-3.187382470303E0,
-8.763146066667E1));
#5553=CARTESIAN_POINT('',(1.261810956418E1,-3.248189743775E0,-8.7616965E1));
#5554=CARTESIAN_POINT('',(1.285647575482E1,-3.291759872060E0,
-8.760246933333E1));
#5555=CARTESIAN_POINT('',(1.309738132663E1,-3.317861641870E0,
-8.758797366667E1));
#5556=CARTESIAN_POINT('',(1.333954786775E1,-3.326356539132E0,-8.7573478E1));
#5557=CARTESIAN_POINT('',(1.358169027473E1,-3.317199484035E0,
-8.755898233333E1));
#5558=CARTESIAN_POINT('',(1.382252357220E1,-3.290439070257E0,
-8.754448666667E1));
#5559=CARTESIAN_POINT('',(1.406076973183E1,-3.246217307095E0,-8.7529991E1));
#5560=CARTESIAN_POINT('',(1.429516445444E1,-3.184768865860E0,
-8.751549533333E1));
#5561=CARTESIAN_POINT('',(1.452446387924E1,-3.106419834556E0,
-8.750099966667E1));
#5562=CARTESIAN_POINT('',(1.474745118460E1,-3.011585987423E0,-8.7486504E1));
#5563=CARTESIAN_POINT('',(1.496294304541E1,-2.900770578557E0,
-8.747200833333E1));
#5564=CARTESIAN_POINT('',(1.516979591255E1,-2.774561671294E0,
-8.745751266667E1));
#5565=CARTESIAN_POINT('',(1.536691208140E1,-2.633629017533E0,-8.7443017E1));
#5566=CARTESIAN_POINT('',(1.555324551699E1,-2.478720503579E0,
-8.742852133333E1));
#5567=CARTESIAN_POINT('',(1.572780740504E1,-2.310658181328E0,
-8.741402566667E1));
#5568=CARTESIAN_POINT('',(1.588967139920E1,-2.130333905899E0,-8.739953E1));
#5569=CARTESIAN_POINT('',(1.603797853700E1,-1.938704602830E0,
-8.738503433333E1));
#5570=CARTESIAN_POINT('',(1.617194179801E1,-1.736787189968E0,
-8.737053866667E1));
#5571=CARTESIAN_POINT('',(1.629085028035E1,-1.525653180996E0,-8.7356043E1));
#5572=CARTESIAN_POINT('',(1.639407297323E1,-1.306422999246E0,
-8.734154733333E1));
#5573=CARTESIAN_POINT('',(1.648106210554E1,-1.080260031946E0,
-8.732705166667E1));
#5574=CARTESIAN_POINT('',(1.655135605266E1,-8.483644564931E-1,-8.7312556E1));
#5575=CARTESIAN_POINT('',(1.660458178622E1,-6.119668714708E-1,
-8.729806033333E1));
#5576=CARTESIAN_POINT('',(1.664045685358E1,-3.723217662464E-1,
-8.728356466667E1));
#5577=CARTESIAN_POINT('',(1.665879087681E1,-1.307008637788E-1,-8.7269069E1));
#5578=CARTESIAN_POINT('',(1.665948656285E1,1.116136280241E-1,
-8.725457333333E1));
#5579=CARTESIAN_POINT('',(1.664254021992E1,3.533358205887E-1,
-8.724007766667E1));
#5580=CARTESIAN_POINT('',(1.660804177707E1,5.931829684915E-1,-8.7225582E1));
#5581=CARTESIAN_POINT('',(1.655617430691E1,8.298822765952E-1,
-8.721108633333E1));
#5582=CARTESIAN_POINT('',(1.648721305420E1,1.062177654381E0,-8.719659066667E1));
#5583=CARTESIAN_POINT('',(1.640152397511E1,1.288836381636E0,-8.7182095E1));
#5584=CARTESIAN_POINT('',(1.629956179526E1,1.508655650121E0,-8.716759933333E1));
#5585=CARTESIAN_POINT('',(1.618186759661E1,1.720468946500E0,-8.715310366667E1));
#5586=CARTESIAN_POINT('',(1.604906594614E1,1.923152242676E0,-8.7138608E1));
#5587=CARTESIAN_POINT('',(1.590186158141E1,2.115629960657E0,-8.712411233333E1));
#5588=CARTESIAN_POINT('',(1.574103567075E1,2.296880680318E0,-8.710961666667E1));
#5589=CARTESIAN_POINT('',(1.556744166787E1,2.465942559767E0,-8.7095121E1));
#5590=CARTESIAN_POINT('',(1.538200078283E1,2.621918439543E0,-8.708062533333E1));
#5591=CARTESIAN_POINT('',(1.518569709343E1,2.763980603564E0,-8.706612966667E1));
#5592=CARTESIAN_POINT('',(1.497957232307E1,2.891375171564E0,-8.7051634E1));
#5593=CARTESIAN_POINT('',(1.476472031253E1,3.003426099708E0,-8.703713833333E1));
#5594=CARTESIAN_POINT('',(1.454228121564E1,3.099538768123E0,-8.702264266667E1));
#5595=CARTESIAN_POINT('',(1.431343544753E1,3.179203136469E0,-8.7008147E1));
#5596=CARTESIAN_POINT('',(1.407939742557E1,3.241996450159E0,-8.699365133333E1));
#5597=CARTESIAN_POINT('',(1.384140910574E1,3.287585485323E0,-8.697915566667E1));
#5598=CARTESIAN_POINT('',(1.368095867753E1,3.306347369367E0,-8.696949188889E1));
#5599=CARTESIAN_POINT('',(1.360049841397E1,3.312795721200E0,-8.696466E1));
#5601=CURVE_STYLE('',#140,POSITIVE_LENGTH_MEASURE(2.E-2),#81);
#5602=PRESENTATION_STYLE_ASSIGNMENT((#5601));
#5603=STYLED_ITEM('',(#5602),#5600);
#5604=DIRECTION('',(0.E0,0.E0,1.E0));
#5605=VECTOR('',#5604,3.125E-1);
#5606=CARTESIAN_POINT('',(1.440162965854E1,-3.147603226225E0,-9.000875E1));
#5607=LINE('',#5606,#5605);
#5608=CURVE_STYLE('',#140,POSITIVE_LENGTH_MEASURE(2.E-2),#81);
#5609=PRESENTATION_STYLE_ASSIGNMENT((#5608));
#5610=STYLED_ITEM('',(#5609),#5607);
#5611=CARTESIAN_POINT('',(-1.3335E1,-1.665334536938E-14,-7.8867E1));
#5612=DIRECTION('',(0.E0,0.E0,-1.E0));
#5613=DIRECTION('',(-1.E0,0.E0,0.E0));
#5614=AXIS2_PLACEMENT_3D('',#5611,#5612,#5613);
#5616=CURVE_STYLE('',#140,POSITIVE_LENGTH_MEASURE(2.E-2),#81);
#5617=PRESENTATION_STYLE_ASSIGNMENT((#5616));
#5618=STYLED_ITEM('',(#5617),#5615);
#5619=DIRECTION('',(0.E0,0.E0,-1.E0));
#5620=VECTOR('',#5619,1.397E0);
#5621=CARTESIAN_POINT('',(-2.11074E1,-1.760518984755E-14,-7.747E1));
#5622=LINE('',#5621,#5620);
#5623=CURVE_STYLE('',#140,POSITIVE_LENGTH_MEASURE(2.E-2),#81);
#5624=PRESENTATION_STYLE_ASSIGNMENT((#5623));
#5625=STYLED_ITEM('',(#5624),#5622);
#5626=CARTESIAN_POINT('',(1.3335E1,0.E0,-7.8867E1));
#5627=DIRECTION('',(0.E0,0.E0,-1.E0));
#5628=DIRECTION('',(1.E0,0.E0,0.E0));
#5629=AXIS2_PLACEMENT_3D('',#5626,#5627,#5628);
#5631=CURVE_STYLE('',#140,POSITIVE_LENGTH_MEASURE(2.E-2),#81);
#5632=PRESENTATION_STYLE_ASSIGNMENT((#5631));
#5633=STYLED_ITEM('',(#5632),#5630);
#5634=DIRECTION('',(0.E0,0.E0,-1.E0));
#5635=VECTOR('',#5634,1.397E0);
#5636=CARTESIAN_POINT('',(2.11074E1,0.E0,-7.747E1));
#5637=LINE('',#5636,#5635);
#5638=CURVE_STYLE('',#140,POSITIVE_LENGTH_MEASURE(2.E-2),#81);
#5639=PRESENTATION_STYLE_ASSIGNMENT((#5638));
#5640=STYLED_ITEM('',(#5639),#5637);
#5641=CARTESIAN_POINT('',(1.3335E1,0.E0,-7.8867E1));
#5642=DIRECTION('',(0.E0,0.E0,-1.E0));
#5643=DIRECTION('',(-1.E0,0.E0,0.E0));
#5644=AXIS2_PLACEMENT_3D('',#5641,#5642,#5643);
#5646=CURVE_STYLE('',#140,POSITIVE_LENGTH_MEASURE(2.E-2),#81);
#5647=PRESENTATION_STYLE_ASSIGNMENT((#5646));
#5648=STYLED_ITEM('',(#5647),#5645);
#5649=DIRECTION('',(0.E0,0.E0,-1.E0));
#5650=VECTOR('',#5649,1.397E0);
#5651=CARTESIAN_POINT('',(5.5626E0,0.E0,-7.747E1));
#5652=LINE('',#5651,#5650);
#5653=CURVE_STYLE('',#140,POSITIVE_LENGTH_MEASURE(2.E-2),#81);
#5654=PRESENTATION_STYLE_ASSIGNMENT((#5653));
#5655=STYLED_ITEM('',(#5654),#5652);
#5656=CARTESIAN_POINT('',(-1.335E0,3.088846653380E1,-9.603381064310E1));
#5657=CARTESIAN_POINT('',(-1.335E0,3.059033443086E1,-9.578333830146E1));
#5658=CARTESIAN_POINT('',(-1.335E0,3.000769000670E1,-9.527789240800E1));
#5659=CARTESIAN_POINT('',(-1.335E0,2.917451030096E1,-9.450625199454E1));
#5660=CARTESIAN_POINT('',(-1.335E0,2.838204442585E1,-9.372117121202E1));
#5661=CARTESIAN_POINT('',(-1.335E0,2.763022167949E1,-9.292268425022E1));
#5662=CARTESIAN_POINT('',(-1.335E0,2.691894627580E1,-9.211079335187E1));
#5663=CARTESIAN_POINT('',(-1.335E0,2.624811823670E1,-9.128549388415E1));
#5664=CARTESIAN_POINT('',(-1.335E0,2.561763969039E1,-9.044678941875E1));
#5665=CARTESIAN_POINT('',(-1.335E0,2.502740764563E1,-8.959465255241E1));
#5666=CARTESIAN_POINT('',(-1.335E0,2.447731235269E1,-8.872901653738E1));
#5667=CARTESIAN_POINT('',(-1.335E0,2.396724660366E1,-8.784982028981E1));
#5668=CARTESIAN_POINT('',(-1.335E0,2.349709808094E1,-8.695700892088E1));
#5669=CARTESIAN_POINT('',(-1.335E0,2.306678256949E1,-8.605047916241E1));
#5670=CARTESIAN_POINT('',(-1.335E0,2.267622847460E1,-8.513010432135E1));
#5671=CARTESIAN_POINT('',(-1.335E0,2.232536359823E1,-8.419576274135E1));
#5672=CARTESIAN_POINT('',(-1.335E0,2.201410686293E1,-8.324733371129E1));
#5673=CARTESIAN_POINT('',(-1.335E0,2.174242699384E1,-8.228468417773E1));
#5674=CARTESIAN_POINT('',(-1.335E0,2.151032808425E1,-8.130767136772E1));
#5675=CARTESIAN_POINT('',(-1.335E0,2.131780809247E1,-8.031615603373E1));
#5676=CARTESIAN_POINT('',(-1.335E0,2.116485961866E1,-7.930999313680E1));
#5677=CARTESIAN_POINT('',(-1.335E0,2.105150980982E1,-7.828906210922E1));
#5678=CARTESIAN_POINT('',(-1.335E0,2.097782300443E1,-7.725326797742E1));
#5679=CARTESIAN_POINT('',(-1.335E0,2.095517813514E1,-7.655276291313E1));
#5680=CARTESIAN_POINT('',(-1.335E0,2.095048540710E1,-7.62E1));
#5682=CURVE_STYLE('',#140,POSITIVE_LENGTH_MEASURE(2.E-2),#81);
#5683=PRESENTATION_STYLE_ASSIGNMENT((#5682));
#5684=STYLED_ITEM('',(#5683),#5681);
#5685=CARTESIAN_POINT('',(-1.335E0,3.007153346620E1,-9.700618935690E1));
#5686=CARTESIAN_POINT('',(-1.335E0,2.977643933353E1,-9.675826933190E1));
#5687=CARTESIAN_POINT('',(-1.335E0,2.919862768285E1,-9.625772278176E1));
#5688=CARTESIAN_POINT('',(-1.335E0,2.836910349111E1,-9.549275525298E1));
#5689=CARTESIAN_POINT('',(-1.335E0,2.757683688869E1,-9.471361292402E1));
#5690=CARTESIAN_POINT('',(-1.335E0,2.682188915381E1,-9.392026482533E1));
#5691=CARTESIAN_POINT('',(-1.335E0,2.610434104326E1,-9.311270499124E1));
#5692=CARTESIAN_POINT('',(-1.335E0,2.542428084597E1,-9.229093757784E1));
#5693=CARTESIAN_POINT('',(-1.335E0,2.478179470678E1,-9.145496244497E1));
#5694=CARTESIAN_POINT('',(-1.335E0,2.417697040956E1,-9.060478740344E1));
#5695=CARTESIAN_POINT('',(-1.335E0,2.360990374049E1,-8.974046934694E1));
#5696=CARTESIAN_POINT('',(-1.335E0,2.308068934171E1,-8.886206142204E1));
#5697=CARTESIAN_POINT('',(-1.335E0,2.258942368374E1,-8.796961509883E1));
#5698=CARTESIAN_POINT('',(-1.335E0,2.213619681761E1,-8.706319273981E1));
#5699=CARTESIAN_POINT('',(-1.335E0,2.172107056348E1,-8.614290633983E1));
#5700=CARTESIAN_POINT('',(-1.335E0,2.134411033688E1,-8.520886188535E1));
#5701=CARTESIAN_POINT('',(-1.335E0,2.100537981087E1,-8.426116716479E1));
#5702=CARTESIAN_POINT('',(-1.335E0,2.070494603302E1,-8.329992876715E1));
#5703=CARTESIAN_POINT('',(-1.335E0,2.044281363880E1,-8.232526932710E1));
#5704=CARTESIAN_POINT('',(-1.335E0,2.021898389333E1,-8.133731280824E1));
#5705=CARTESIAN_POINT('',(-1.335E0,2.003345718346E1,-8.033618159039E1));
#5706=CARTESIAN_POINT('',(-1.335E0,1.988624075852E1,-7.932200306500E1));
#5707=CARTESIAN_POINT('',(-1.335E0,1.977730015378E1,-7.829487567920E1));
#5708=CARTESIAN_POINT('',(-1.335E0,1.970658046255E1,-7.725488374905E1));
#5709=CARTESIAN_POINT('',(-1.335E0,1.968488130320E1,-7.655303792219E1));
#5710=CARTESIAN_POINT('',(-1.335E0,1.968038498651E1,-7.62E1));
#5712=CURVE_STYLE('',#140,POSITIVE_LENGTH_MEASURE(2.E-2),#81);
#5713=PRESENTATION_STYLE_ASSIGNMENT((#5712));
#5714=STYLED_ITEM('',(#5713),#5711);
#5715=CARTESIAN_POINT('',(-1.335E0,3.048E1,-9.652E1));
#5716=DIRECTION('',(0.E0,-7.656525305520E-1,6.432543839410E-1));
#5717=DIRECTION('',(0.E0,6.432543839410E-1,7.656525305520E-1));
#5718=AXIS2_PLACEMENT_3D('',#5715,#5716,#5717);
#5720=CURVE_STYLE('',#140,POSITIVE_LENGTH_MEASURE(2.E-2),#81);
#5721=PRESENTATION_STYLE_ASSIGNMENT((#5720));
#5722=STYLED_ITEM('',(#5721),#5719);
#5723=CARTESIAN_POINT('',(-1.335E0,3.048E1,-9.652E1));
#5724=DIRECTION('',(0.E0,-7.656525305520E-1,6.432543839410E-1));
#5725=DIRECTION('',(0.E0,-6.432543839410E-1,-7.656525305520E-1));
#5726=AXIS2_PLACEMENT_3D('',#5723,#5724,#5725);
#5728=CURVE_STYLE('',#140,POSITIVE_LENGTH_MEASURE(2.E-2),#81);
#5729=PRESENTATION_STYLE_ASSIGNMENT((#5728));
#5730=STYLED_ITEM('',(#5729),#5727);
#5731=CARTESIAN_POINT('',(1.335E0,3.005173412766E1,-9.952884255629E1));
#5732=CARTESIAN_POINT('',(1.335E0,2.973926980881E1,-9.924342093171E1));
#5733=CARTESIAN_POINT('',(1.335E0,2.912819794193E1,-9.866794285391E1));
#5734=CARTESIAN_POINT('',(1.335E0,2.825322634187E1,-9.779079608041E1));
#5735=CARTESIAN_POINT('',(1.335E0,2.741995769763E1,-9.689969576999E1));
#5736=CARTESIAN_POINT('',(1.335E0,2.662845572739E1,-9.599461352500E1));
#5737=CARTESIAN_POINT('',(1.335E0,2.587880115237E1,-9.507554623427E1));
#5738=CARTESIAN_POINT('',(1.335E0,2.517108394664E1,-9.414250453196E1));
#5739=CARTESIAN_POINT('',(1.335E0,2.450539189881E1,-9.319549585192E1));
#5740=CARTESIAN_POINT('',(1.335E0,2.388181334587E1,-9.223452825926E1));
#5741=CARTESIAN_POINT('',(1.335E0,2.330044119512E1,-9.125966256758E1));
#5742=CARTESIAN_POINT('',(1.335E0,2.276136819004E1,-9.027096026750E1));
#5743=CARTESIAN_POINT('',(1.335E0,2.226468791531E1,-8.926848149E1));
#5744=CARTESIAN_POINT('',(1.335E0,2.181049071898E1,-8.825229118015E1));
#5745=CARTESIAN_POINT('',(1.335E0,2.139883288403E1,-8.722250415508E1));
#5746=CARTESIAN_POINT('',(1.335E0,2.102977338594E1,-8.617923173104E1));
#5747=CARTESIAN_POINT('',(1.335E0,2.070336927625E1,-8.512258637233E1));
#5748=CARTESIAN_POINT('',(1.335E0,2.041968260973E1,-8.405267945188E1));
#5749=CARTESIAN_POINT('',(1.335E0,2.017871344495E1,-8.296963353455E1));
#5750=CARTESIAN_POINT('',(1.335E0,1.998045532903E1,-8.187357282240E1));
#5751=CARTESIAN_POINT('',(1.335E0,1.982490184357E1,-8.076461976093E1));
#5752=CARTESIAN_POINT('',(1.335E0,1.971205284413E1,-7.964290220267E1));
#5753=CARTESIAN_POINT('',(1.335E0,1.964186819234E1,-7.850851645109E1));
#5754=CARTESIAN_POINT('',(1.335E0,1.961428874958E1,-7.736154391655E1));
#5755=CARTESIAN_POINT('',(1.335E0,1.962426957880E1,-7.658856105674E1));
#5756=CARTESIAN_POINT('',(1.335E0,1.963634246761E1,-7.62E1));
#5758=CURVE_STYLE('',#140,POSITIVE_LENGTH_MEASURE(2.E-2),#81);
#5759=PRESENTATION_STYLE_ASSIGNMENT((#5758));
#5760=STYLED_ITEM('',(#5759),#5757);
#5761=CARTESIAN_POINT('',(1.335E0,3.090826587234E1,-9.859115744371E1));
#5762=CARTESIAN_POINT('',(1.335E0,3.060476766326E1,-9.831392594345E1));
#5763=CARTESIAN_POINT('',(1.335E0,3.001174730108E1,-9.775540644475E1));
#5764=CARTESIAN_POINT('',(1.335E0,2.916407873469E1,-9.690548298818E1));
#5765=CARTESIAN_POINT('',(1.335E0,2.835820508334E1,-9.604343931466E1));
#5766=CARTESIAN_POINT('',(1.335E0,2.759406233303E1,-9.516930394660E1));
#5767=CARTESIAN_POINT('',(1.335E0,2.687156926146E1,-9.428307982267E1));
#5768=CARTESIAN_POINT('',(1.335E0,2.619063550167E1,-9.338475626781E1));
#5769=CARTESIAN_POINT('',(1.335E0,2.555117286297E1,-9.247432590245E1));
#5770=CARTESIAN_POINT('',(1.335E0,2.495309257448E1,-9.155178026252E1));
#5771=CARTESIAN_POINT('',(1.335E0,2.439630126011E1,-9.061705790417E1));
#5772=CARTESIAN_POINT('',(1.335E0,2.388070579256E1,-8.967009710172E1));
#5773=CARTESIAN_POINT('',(1.335E0,2.340621202726E1,-8.871083760713E1));
#5774=CARTESIAN_POINT('',(1.335E0,2.297272969677E1,-8.773921346042E1));
#5775=CARTESIAN_POINT('',(1.335E0,2.258020248563E1,-8.675510896665E1));
#5776=CARTESIAN_POINT('',(1.335E0,2.222857112778E1,-8.575841238386E1));
#5777=CARTESIAN_POINT('',(1.335E0,2.191777816030E1,-8.474901073528E1));
#5778=CARTESIAN_POINT('',(1.335E0,2.164776185829E1,-8.372679203049E1));
#5779=CARTESIAN_POINT('',(1.335E0,2.141852340086E1,-8.269163291242E1));
#5780=CARTESIAN_POINT('',(1.335E0,2.123006895940E1,-8.164340867257E1));
#5781=CARTESIAN_POINT('',(1.335E0,2.108240503710E1,-8.058199626287E1));
#5782=CARTESIAN_POINT('',(1.335E0,2.097553186915E1,-7.950726733572E1));
#5783=CARTESIAN_POINT('',(1.335E0,2.090949143726E1,-7.841912644200E1));
#5784=CARTESIAN_POINT('',(1.335E0,2.088434282856E1,-7.731749154437E1));
#5785=CARTESIAN_POINT('',(1.335E0,2.089487487916E1,-7.657401537672E1));
#5786=CARTESIAN_POINT('',(1.335E0,2.090697469670E1,-7.62E1));
#5788=CURVE_STYLE('',#140,POSITIVE_LENGTH_MEASURE(2.E-2),#81);
#5789=PRESENTATION_STYLE_ASSIGNMENT((#5788));
#5790=STYLED_ITEM('',(#5789),#5787);
#5791=CARTESIAN_POINT('',(1.335E0,3.048E1,-9.906E1));
#5792=DIRECTION('',(0.E0,-7.383347343159E-1,6.744344446295E-1));
#5793=DIRECTION('',(0.E0,-6.744344446295E-1,-7.383347343159E-1));
#5794=AXIS2_PLACEMENT_3D('',#5791,#5792,#5793);
#5796=CURVE_STYLE('',#140,POSITIVE_LENGTH_MEASURE(2.E-2),#81);
#5797=PRESENTATION_STYLE_ASSIGNMENT((#5796));
#5798=STYLED_ITEM('',(#5797),#5795);
#5799=CARTESIAN_POINT('',(1.335E0,3.048E1,-9.906E1));
#5800=DIRECTION('',(0.E0,-7.383347343159E-1,6.744344446295E-1));
#5801=DIRECTION('',(0.E0,6.744344446295E-1,7.383347343159E-1));
#5802=AXIS2_PLACEMENT_3D('',#5799,#5800,#5801);
#5804=CURVE_STYLE('',#140,POSITIVE_LENGTH_MEASURE(2.E-2),#81);
#5805=PRESENTATION_STYLE_ASSIGNMENT((#5804));
#5806=STYLED_ITEM('',(#5805),#5803);
#5807=CARTESIAN_POINT('',(0.E0,0.E0,-7.5184E1));
#5808=DIRECTION('',(0.E0,0.E0,-1.E0));
#5809=DIRECTION('',(9.979951060469E-1,-6.329113924051E-2,0.E0));
#5810=AXIS2_PLACEMENT_3D('',#5807,#5808,#5809);
#5812=CURVE_STYLE('',#140,POSITIVE_LENGTH_MEASURE(2.E-2),#81);
#5813=PRESENTATION_STYLE_ASSIGNMENT((#5812));
#5814=STYLED_ITEM('',(#5813),#5811);
#5815=CARTESIAN_POINT('',(0.E0,0.E0,-7.5184E1));
#5816=DIRECTION('',(0.E0,0.E0,-1.E0));
#5817=DIRECTION('',(-9.979951060469E-1,6.329113924051E-2,0.E0));
#5818=AXIS2_PLACEMENT_3D('',#5815,#5816,#5817);
#5820=CURVE_STYLE('',#140,POSITIVE_LENGTH_MEASURE(2.E-2),#81);
#5821=PRESENTATION_STYLE_ASSIGNMENT((#5820));
#5822=STYLED_ITEM('',(#5821),#5819);
#5823=CARTESIAN_POINT('',(0.E0,0.E0,-7.5184E1));
#5824=DIRECTION('',(0.E0,0.E0,1.E0));
#5825=DIRECTION('',(-9.974008479055E-1,-7.205240174660E-2,0.E0));
#5826=AXIS2_PLACEMENT_3D('',#5823,#5824,#5825);
#5828=CURVE_STYLE('',#140,POSITIVE_LENGTH_MEASURE(2.E-2),#81);
#5829=PRESENTATION_STYLE_ASSIGNMENT((#5828));
#5830=STYLED_ITEM('',(#5829),#5827);
#5831=DIRECTION('',(3.426830123252E-14,-2.404026234425E-13,1.E0));
#5832=VECTOR('',#5831,5.08E0);
#5833=CARTESIAN_POINT('',(-2.875406904427E1,-2.077198689955E0,-7.5184E1));
#5834=LINE('',#5833,#5832);
#5835=CURVE_STYLE('',#140,POSITIVE_LENGTH_MEASURE(2.E-2),#81);
#5836=PRESENTATION_STYLE_ASSIGNMENT((#5835));
#5837=STYLED_ITEM('',(#5836),#5834);
#5838=CARTESIAN_POINT('',(0.E0,0.E0,-6.477E1));
#5839=DIRECTION('',(0.E0,0.E0,1.E0));
#5840=DIRECTION('',(-1.E0,0.E0,0.E0));
#5841=AXIS2_PLACEMENT_3D('',#5838,#5839,#5840);
#5843=CURVE_STYLE('',#140,POSITIVE_LENGTH_MEASURE(2.E-2),#81);
#5844=PRESENTATION_STYLE_ASSIGNMENT((#5843));
#5845=STYLED_ITEM('',(#5844),#5842);
#5846=DIRECTION('',(3.356894814615E-14,2.433748740596E-13,-1.E0));
#5847=VECTOR('',#5846,5.08E0);
#5848=CARTESIAN_POINT('',(2.875406904427E1,-2.077198689956E0,-7.0104E1));
#5849=LINE('',#5848,#5847);
#5850=CURVE_STYLE('',#140,POSITIVE_LENGTH_MEASURE(2.E-2),#81);
#5851=PRESENTATION_STYLE_ASSIGNMENT((#5850));
#5852=STYLED_ITEM('',(#5851),#5849);
#5853=CARTESIAN_POINT('',(-2.900740885963E1,-2.0955E0,-7.5184E1));
#5854=DIRECTION('',(0.E0,0.E0,1.E0));
#5855=DIRECTION('',(9.974008479044E-1,7.205240176122E-2,0.E0));
#5856=AXIS2_PLACEMENT_3D('',#5853,#5854,#5855);
#5858=CURVE_STYLE('',#140,POSITIVE_LENGTH_MEASURE(2.E-2),#81);
#5859=PRESENTATION_STYLE_ASSIGNMENT((#5858));
#5860=STYLED_ITEM('',(#5859),#5857);
#5861=CARTESIAN_POINT('',(-2.900740885963E1,-1.8415E0,-7.028240885963E1));
#5862=CARTESIAN_POINT('',(-2.897496154933E1,-1.8415E0,-7.024996154933E1));
#5863=CARTESIAN_POINT('',(-2.891275854316E1,-1.853607141440E0,
-7.018775854316E1));
#5864=CARTESIAN_POINT('',(-2.885560959209E1,-1.888447910243E0,
-7.013060959209E1));
#5865=CARTESIAN_POINT('',(-2.8829E1,-1.914706529974E0,-7.0104E1));
#5867=CURVE_STYLE('',#140,POSITIVE_LENGTH_MEASURE(2.E-2),#81);
#5868=PRESENTATION_STYLE_ASSIGNMENT((#5867));
#5869=STYLED_ITEM('',(#5868),#5866);
#5870=CARTESIAN_POINT('',(-2.900740885963E1,-2.0955E0,-7.0104E1));
#5871=DIRECTION('',(0.E0,0.E0,-1.E0));
#5872=DIRECTION('',(7.023970851755E-1,7.117853150614E-1,0.E0));
#5873=AXIS2_PLACEMENT_3D('',#5870,#5871,#5872);
#5875=CURVE_STYLE('',#140,POSITIVE_LENGTH_MEASURE(2.E-2),#81);
#5876=PRESENTATION_STYLE_ASSIGNMENT((#5875));
#5877=STYLED_ITEM('',(#5876),#5874);
#5878=DIRECTION('',(-1.E0,-2.964809963215E-14,0.E0));
#5879=VECTOR('',#5878,2.995734737538E-2);
#5880=CARTESIAN_POINT('',(-2.900740885963E1,-1.8415E0,-7.5184E1));
#5881=LINE('',#5880,#5879);
#5882=CURVE_STYLE('',#140,POSITIVE_LENGTH_MEASURE(2.E-2),#81);
#5883=PRESENTATION_STYLE_ASSIGNMENT((#5882));
#5884=STYLED_ITEM('',(#5883),#5881);
#5885=DIRECTION('',(-7.071067811865E-1,0.E0,-7.071067811865E-1));
#5886=VECTOR('',#5885,1.184532750428E0);
#5887=CARTESIAN_POINT('',(-2.900740885963E1,-1.8415E0,-7.028240885963E1));
#5888=LINE('',#5887,#5886);
#5889=CURVE_STYLE('',#140,POSITIVE_LENGTH_MEASURE(2.E-2),#81);
#5890=PRESENTATION_STYLE_ASSIGNMENT((#5889));
#5891=STYLED_ITEM('',(#5890),#5888);
#5892=DIRECTION('',(0.E0,0.E0,1.E0));
#5893=VECTOR('',#5892,4.901591140365E0);
#5894=CARTESIAN_POINT('',(-2.900740885963E1,-1.8415E0,-7.5184E1));
#5895=LINE('',#5894,#5893);
#5896=CURVE_STYLE('',#140,POSITIVE_LENGTH_MEASURE(2.E-2),#81);
#5897=PRESENTATION_STYLE_ASSIGNMENT((#5896));
#5898=STYLED_ITEM('',(#5897),#5895);
#5899=DIRECTION('',(0.E0,-1.E0,0.E0));
#5900=VECTOR('',#5899,3.683E0);
#5901=CARTESIAN_POINT('',(-2.9845E1,1.8415E0,-7.112E1));
#5902=LINE('',#5901,#5900);
#5903=CURVE_STYLE('',#140,POSITIVE_LENGTH_MEASURE(2.E-2),#81);
#5904=PRESENTATION_STYLE_ASSIGNMENT((#5903));
#5905=STYLED_ITEM('',(#5904),#5902);
#5906=DIRECTION('',(0.E0,0.E0,1.E0));
#5907=VECTOR('',#5906,4.064E0);
#5908=CARTESIAN_POINT('',(-2.9845E1,-1.8415E0,-7.5184E1));
#5909=LINE('',#5908,#5907);
#5910=CURVE_STYLE('',#140,POSITIVE_LENGTH_MEASURE(2.E-2),#81);
#5911=PRESENTATION_STYLE_ASSIGNMENT((#5910));
#5912=STYLED_ITEM('',(#5911),#5909);
#5913=DIRECTION('',(-1.855487323112E-14,-1.E0,-1.484389858489E-14));
#5914=VECTOR('',#5913,1.914706521865E0);
#5915=CARTESIAN_POINT('',(-2.8829E1,1.914706529974E0,-7.0104E1));
#5916=LINE('',#5915,#5914);
#5917=CURVE_STYLE('',#140,POSITIVE_LENGTH_MEASURE(2.E-2),#81);
#5918=PRESENTATION_STYLE_ASSIGNMENT((#5917));
#5919=STYLED_ITEM('',(#5918),#5916);
#5920=DIRECTION('',(1.855487307395E-14,-1.E0,1.484389845916E-14));
#5921=VECTOR('',#5920,1.914706538083E0);
#5922=CARTESIAN_POINT('',(-2.8829E1,8.109019035521E-9,-7.0104E1));
#5923=LINE('',#5922,#5921);
#5924=CURVE_STYLE('',#140,POSITIVE_LENGTH_MEASURE(2.E-2),#81);
#5925=PRESENTATION_STYLE_ASSIGNMENT((#5924));
#5926=STYLED_ITEM('',(#5925),#5923);
#5927=DIRECTION('',(-1.E0,0.E0,0.E0));
#5928=VECTOR('',#5927,2.995734737538E-2);
#5929=CARTESIAN_POINT('',(-2.900740885963E1,1.8415E0,-7.5184E1));
#5930=LINE('',#5929,#5928);
#5931=CURVE_STYLE('',#140,POSITIVE_LENGTH_MEASURE(2.E-2),#81);
#5932=PRESENTATION_STYLE_ASSIGNMENT((#5931));
#5933=STYLED_ITEM('',(#5932),#5930);
#5934=DIRECTION('',(0.E0,0.E0,-1.E0));
#5935=VECTOR('',#5934,4.901591140365E0);
#5936=CARTESIAN_POINT('',(-2.900740885963E1,1.8415E0,-7.028240885963E1));
#5937=LINE('',#5936,#5935);
#5938=CURVE_STYLE('',#140,POSITIVE_LENGTH_MEASURE(2.E-2),#81);
#5939=PRESENTATION_STYLE_ASSIGNMENT((#5938));
#5940=STYLED_ITEM('',(#5939),#5937);
#5941=DIRECTION('',(7.071067811866E-1,0.E0,7.071067811865E-1));
#5942=VECTOR('',#5941,1.184532750428E0);
#5943=CARTESIAN_POINT('',(-2.9845E1,1.8415E0,-7.112E1));
#5944=LINE('',#5943,#5942);
#5945=CURVE_STYLE('',#140,POSITIVE_LENGTH_MEASURE(2.E-2),#81);
#5946=PRESENTATION_STYLE_ASSIGNMENT((#5945));
#5947=STYLED_ITEM('',(#5946),#5944);
#5948=DIRECTION('',(0.E0,0.E0,1.E0));
#5949=VECTOR('',#5948,4.064E0);
#5950=CARTESIAN_POINT('',(-2.9845E1,1.8415E0,-7.5184E1));
#5951=LINE('',#5950,#5949);
#5952=CURVE_STYLE('',#140,POSITIVE_LENGTH_MEASURE(2.E-2),#81);
#5953=PRESENTATION_STYLE_ASSIGNMENT((#5952));
#5954=STYLED_ITEM('',(#5953),#5951);
#5955=CARTESIAN_POINT('',(-2.900740885963E1,2.0955E0,-7.5184E1));
#5956=DIRECTION('',(0.E0,0.E0,-1.E0));
#5957=DIRECTION('',(9.974008479044E-1,-7.205240176126E-2,0.E0));
#5958=AXIS2_PLACEMENT_3D('',#5955,#5956,#5957);
#5960=CURVE_STYLE('',#140,POSITIVE_LENGTH_MEASURE(2.E-2),#81);
#5961=PRESENTATION_STYLE_ASSIGNMENT((#5960));
#5962=STYLED_ITEM('',(#5961),#5959);
#5963=CARTESIAN_POINT('',(-2.900740885963E1,2.0955E0,-7.0104E1));
#5964=DIRECTION('',(0.E0,0.E0,-1.E0));
#5965=DIRECTION('',(9.974008479055E-1,-7.205240174673E-2,0.E0));
#5966=AXIS2_PLACEMENT_3D('',#5963,#5964,#5965);
#5968=CURVE_STYLE('',#140,POSITIVE_LENGTH_MEASURE(2.E-2),#81);
#5969=PRESENTATION_STYLE_ASSIGNMENT((#5968));
#5970=STYLED_ITEM('',(#5969),#5967);
#5971=CARTESIAN_POINT('',(-2.8829E1,1.914706529974E0,-7.0104E1));
#5972=CARTESIAN_POINT('',(-2.885560959209E1,1.888447910243E0,
-7.013060959209E1));
#5973=CARTESIAN_POINT('',(-2.891275854316E1,1.853607141440E0,
-7.018775854316E1));
#5974=CARTESIAN_POINT('',(-2.897496154933E1,1.8415E0,-7.024996154933E1));
#5975=CARTESIAN_POINT('',(-2.900740885963E1,1.8415E0,-7.028240885963E1));
#5977=CURVE_STYLE('',#140,POSITIVE_LENGTH_MEASURE(2.E-2),#81);
#5978=PRESENTATION_STYLE_ASSIGNMENT((#5977));
#5979=STYLED_ITEM('',(#5978),#5976);
#5980=CARTESIAN_POINT('',(0.E0,0.E0,-7.5184E1));
#5981=DIRECTION('',(0.E0,0.E0,1.E0));
#5982=DIRECTION('',(9.974008479055E-1,7.205240174660E-2,0.E0));
#5983=AXIS2_PLACEMENT_3D('',#5980,#5981,#5982);
#5985=CURVE_STYLE('',#140,POSITIVE_LENGTH_MEASURE(2.E-2),#81);
#5986=PRESENTATION_STYLE_ASSIGNMENT((#5985));
#5987=STYLED_ITEM('',(#5986),#5984);
#5988=DIRECTION('',(-3.356894814615E-14,2.398781086277E-13,1.E0));
#5989=VECTOR('',#5988,5.08E0);
#5990=CARTESIAN_POINT('',(2.875406904427E1,2.077198689955E0,-7.5184E1));
#5991=LINE('',#5990,#5989);
#5992=CURVE_STYLE('',#140,POSITIVE_LENGTH_MEASURE(2.E-2),#81);
#5993=PRESENTATION_STYLE_ASSIGNMENT((#5992));
#5994=STYLED_ITEM('',(#5993),#5991);
#5995=DIRECTION('',(0.E0,2.667938686060E-11,1.E0));
#5996=VECTOR('',#5995,5.334E0);
#5997=CARTESIAN_POINT('',(2.8829E1,-1.423191079669E-10,-7.0104E1));
#5998=LINE('',#5997,#5996);
#5999=CURVE_STYLE('',#140,POSITIVE_LENGTH_MEASURE(2.E-2),#81);
#6000=PRESENTATION_STYLE_ASSIGNMENT((#5999));
#6001=STYLED_ITEM('',(#6000),#5998);
#6002=CARTESIAN_POINT('',(0.E0,0.E0,-6.477E1));
#6003=DIRECTION('',(0.E0,0.E0,1.E0));
#6004=DIRECTION('',(1.E0,0.E0,0.E0));
#6005=AXIS2_PLACEMENT_3D('',#6002,#6003,#6004);
#6007=CURVE_STYLE('',#140,POSITIVE_LENGTH_MEASURE(2.E-2),#81);
#6008=PRESENTATION_STYLE_ASSIGNMENT((#6007));
#6009=STYLED_ITEM('',(#6008),#6006);
#6010=DIRECTION('',(0.E0,-1.520250206762E-9,1.E0));
#6011=VECTOR('',#6010,5.334E0);
#6012=CARTESIAN_POINT('',(-2.8829E1,8.109019035521E-9,-7.0104E1));
#6013=LINE('',#6012,#6011);
#6014=CURVE_STYLE('',#140,POSITIVE_LENGTH_MEASURE(2.E-2),#81);
#6015=PRESENTATION_STYLE_ASSIGNMENT((#6014));
#6016=STYLED_ITEM('',(#6015),#6013);
#6017=DIRECTION('',(-3.426830123252E-14,-2.411893956646E-13,-1.E0));
#6018=VECTOR('',#6017,5.08E0);
#6019=CARTESIAN_POINT('',(-2.875406904427E1,2.077198689956E0,-7.0104E1));
#6020=LINE('',#6019,#6018);
#6021=CURVE_STYLE('',#140,POSITIVE_LENGTH_MEASURE(2.E-2),#81);
#6022=PRESENTATION_STYLE_ASSIGNMENT((#6021));
#6023=STYLED_ITEM('',(#6022),#6020);
#6024=CARTESIAN_POINT('',(2.900740885963E1,2.0955E0,-7.5184E1));
#6025=DIRECTION('',(0.E0,0.E0,1.E0));
#6026=DIRECTION('',(-9.974008479044E-1,-7.205240176117E-2,0.E0));
#6027=AXIS2_PLACEMENT_3D('',#6024,#6025,#6026);
#6029=CURVE_STYLE('',#140,POSITIVE_LENGTH_MEASURE(2.E-2),#81);
#6030=PRESENTATION_STYLE_ASSIGNMENT((#6029));
#6031=STYLED_ITEM('',(#6030),#6028);
#6032=CARTESIAN_POINT('',(2.900740885963E1,1.8415E0,-7.028240885963E1));
#6033=CARTESIAN_POINT('',(2.897496154933E1,1.8415E0,-7.024996154933E1));
#6034=CARTESIAN_POINT('',(2.891275854316E1,1.853607141440E0,-7.018775854316E1));
#6035=CARTESIAN_POINT('',(2.885560959209E1,1.888447910243E0,-7.013060959209E1));
#6036=CARTESIAN_POINT('',(2.8829E1,1.914706529974E0,-7.0104E1));
#6038=CURVE_STYLE('',#140,POSITIVE_LENGTH_MEASURE(2.E-2),#81);
#6039=PRESENTATION_STYLE_ASSIGNMENT((#6038));
#6040=STYLED_ITEM('',(#6039),#6037);
#6041=CARTESIAN_POINT('',(2.900740885963E1,2.0955E0,-7.0104E1));
#6042=DIRECTION('',(0.E0,0.E0,-1.E0));
#6043=DIRECTION('',(-7.023970851751E-1,-7.117853150618E-1,0.E0));
#6044=AXIS2_PLACEMENT_3D('',#6041,#6042,#6043);
#6046=CURVE_STYLE('',#140,POSITIVE_LENGTH_MEASURE(2.E-2),#81);
#6047=PRESENTATION_STYLE_ASSIGNMENT((#6046));
#6048=STYLED_ITEM('',(#6047),#6045);
#6049=DIRECTION('',(1.E0,0.E0,0.E0));
#6050=VECTOR('',#6049,2.995734737537E-2);
#6051=CARTESIAN_POINT('',(2.900740885963E1,1.8415E0,-7.5184E1));
#6052=LINE('',#6051,#6050);
#6053=CURVE_STYLE('',#140,POSITIVE_LENGTH_MEASURE(2.E-2),#81);
#6054=PRESENTATION_STYLE_ASSIGNMENT((#6053));
#6055=STYLED_ITEM('',(#6054),#6052);
#6056=DIRECTION('',(7.071067811865E-1,0.E0,-7.071067811865E-1));
#6057=VECTOR('',#6056,1.184532750428E0);
#6058=CARTESIAN_POINT('',(2.900740885963E1,1.8415E0,-7.028240885963E1));
#6059=LINE('',#6058,#6057);
#6060=CURVE_STYLE('',#140,POSITIVE_LENGTH_MEASURE(2.E-2),#81);
#6061=PRESENTATION_STYLE_ASSIGNMENT((#6060));
#6062=STYLED_ITEM('',(#6061),#6059);
#6063=DIRECTION('',(0.E0,0.E0,1.E0));
#6064=VECTOR('',#6063,4.901591140366E0);
#6065=CARTESIAN_POINT('',(2.900740885963E1,1.8415E0,-7.5184E1));
#6066=LINE('',#6065,#6064);
#6067=CURVE_STYLE('',#140,POSITIVE_LENGTH_MEASURE(2.E-2),#81);
#6068=PRESENTATION_STYLE_ASSIGNMENT((#6067));
#6069=STYLED_ITEM('',(#6068),#6066);
#6070=DIRECTION('',(0.E0,1.E0,0.E0));
#6071=VECTOR('',#6070,3.683E0);
#6072=CARTESIAN_POINT('',(2.9845E1,-1.8415E0,-7.112E1));
#6073=LINE('',#6072,#6071);
#6074=CURVE_STYLE('',#140,POSITIVE_LENGTH_MEASURE(2.E-2),#81);
#6075=PRESENTATION_STYLE_ASSIGNMENT((#6074));
#6076=STYLED_ITEM('',(#6075),#6073);
#6077=DIRECTION('',(0.E0,0.E0,1.E0));
#6078=VECTOR('',#6077,4.064E0);
#6079=CARTESIAN_POINT('',(2.9845E1,1.8415E0,-7.5184E1));
#6080=LINE('',#6079,#6078);
#6081=CURVE_STYLE('',#140,POSITIVE_LENGTH_MEASURE(2.E-2),#81);
#6082=PRESENTATION_STYLE_ASSIGNMENT((#6081));
#6083=STYLED_ITEM('',(#6082),#6080);
#6084=DIRECTION('',(0.E0,1.E0,0.E0));
#6085=VECTOR('',#6084,1.914706530117E0);
#6086=CARTESIAN_POINT('',(2.8829E1,-1.423191079669E-10,-7.0104E1));
#6087=LINE('',#6086,#6085);
#6088=CURVE_STYLE('',#140,POSITIVE_LENGTH_MEASURE(2.E-2),#81);
#6089=PRESENTATION_STYLE_ASSIGNMENT((#6088));
#6090=STYLED_ITEM('',(#6089),#6087);
#6091=DIRECTION('',(0.E0,1.E0,0.E0));
#6092=VECTOR('',#6091,1.914706529832E0);
#6093=CARTESIAN_POINT('',(2.8829E1,-1.914706529974E0,-7.0104E1));
#6094=LINE('',#6093,#6092);
#6095=CURVE_STYLE('',#140,POSITIVE_LENGTH_MEASURE(2.E-2),#81);
#6096=PRESENTATION_STYLE_ASSIGNMENT((#6095));
#6097=STYLED_ITEM('',(#6096),#6094);
#6098=CARTESIAN_POINT('',(0.E0,0.E0,-7.0104E1));
#6099=DIRECTION('',(0.E0,0.E0,1.E0));
#6100=DIRECTION('',(9.974008479055E-1,-7.205240174672E-2,0.E0));
#6101=AXIS2_PLACEMENT_3D('',#6098,#6099,#6100);
#6103=CURVE_STYLE('',#140,POSITIVE_LENGTH_MEASURE(2.E-2),#81);
#6104=PRESENTATION_STYLE_ASSIGNMENT((#6103));
#6105=STYLED_ITEM('',(#6104),#6102);
#6106=CARTESIAN_POINT('',(0.E0,0.E0,-7.0104E1));
#6107=DIRECTION('',(0.E0,0.E0,1.E0));
#6108=DIRECTION('',(1.E0,1.134497559518E-14,0.E0));
#6109=AXIS2_PLACEMENT_3D('',#6106,#6107,#6108);
#6111=CURVE_STYLE('',#140,POSITIVE_LENGTH_MEASURE(2.E-2),#81);
#6112=PRESENTATION_STYLE_ASSIGNMENT((#6111));
#6113=STYLED_ITEM('',(#6112),#6110);
#6114=CARTESIAN_POINT('',(0.E0,0.E0,-7.0104E1));
#6115=DIRECTION('',(0.E0,0.E0,1.E0));
#6116=DIRECTION('',(-1.E0,-3.354435855482E-13,0.E0));
#6117=AXIS2_PLACEMENT_3D('',#6114,#6115,#6116);
#6119=CURVE_STYLE('',#140,POSITIVE_LENGTH_MEASURE(2.E-2),#81);
#6120=PRESENTATION_STYLE_ASSIGNMENT((#6119));
#6121=STYLED_ITEM('',(#6120),#6118);
#6122=CARTESIAN_POINT('',(0.E0,0.E0,-7.0104E1));
#6123=DIRECTION('',(0.E0,0.E0,1.E0));
#6124=DIRECTION('',(-9.974008479055E-1,7.205240174672E-2,0.E0));
#6125=AXIS2_PLACEMENT_3D('',#6122,#6123,#6124);
#6127=CURVE_STYLE('',#140,POSITIVE_LENGTH_MEASURE(2.E-2),#81);
#6128=PRESENTATION_STYLE_ASSIGNMENT((#6127));
#6129=STYLED_ITEM('',(#6128),#6126);
#6130=CARTESIAN_POINT('',(2.900740885963E1,-2.0955E0,-7.5184E1));
#6131=DIRECTION('',(0.E0,0.E0,-1.E0));
#6132=DIRECTION('',(-9.974008479044E-1,7.205240176142E-2,0.E0));
#6133=AXIS2_PLACEMENT_3D('',#6130,#6131,#6132);
#6135=CURVE_STYLE('',#140,POSITIVE_LENGTH_MEASURE(2.E-2),#81);
#6136=PRESENTATION_STYLE_ASSIGNMENT((#6135));
#6137=STYLED_ITEM('',(#6136),#6134);
#6138=CARTESIAN_POINT('',(2.900740885963E1,-2.0955E0,-7.0104E1));
#6139=DIRECTION('',(0.E0,0.E0,-1.E0));
#6140=DIRECTION('',(-9.974008479055E-1,7.205240174674E-2,0.E0));
#6141=AXIS2_PLACEMENT_3D('',#6138,#6139,#6140);
#6143=CURVE_STYLE('',#140,POSITIVE_LENGTH_MEASURE(2.E-2),#81);
#6144=PRESENTATION_STYLE_ASSIGNMENT((#6143));
#6145=STYLED_ITEM('',(#6144),#6142);
#6146=CARTESIAN_POINT('',(2.8829E1,-1.914706529974E0,-7.0104E1));
#6147=CARTESIAN_POINT('',(2.885560959209E1,-1.888447910243E0,
-7.013060959209E1));
#6148=CARTESIAN_POINT('',(2.891275854316E1,-1.853607141440E0,
-7.018775854316E1));
#6149=CARTESIAN_POINT('',(2.897496154933E1,-1.8415E0,-7.024996154933E1));
#6150=CARTESIAN_POINT('',(2.900740885963E1,-1.8415E0,-7.028240885963E1));
#6152=CURVE_STYLE('',#140,POSITIVE_LENGTH_MEASURE(2.E-2),#81);
#6153=PRESENTATION_STYLE_ASSIGNMENT((#6152));
#6154=STYLED_ITEM('',(#6153),#6151);
#6155=DIRECTION('',(1.E0,2.964809963215E-14,0.E0));
#6156=VECTOR('',#6155,2.995734737538E-2);
#6157=CARTESIAN_POINT('',(2.900740885963E1,-1.8415E0,-7.5184E1));
#6158=LINE('',#6157,#6156);
#6159=CURVE_STYLE('',#140,POSITIVE_LENGTH_MEASURE(2.E-2),#81);
#6160=PRESENTATION_STYLE_ASSIGNMENT((#6159));
#6161=STYLED_ITEM('',(#6160),#6158);
#6162=DIRECTION('',(0.E0,0.E0,-1.E0));
#6163=VECTOR('',#6162,4.901591140366E0);
#6164=CARTESIAN_POINT('',(2.900740885963E1,-1.8415E0,-7.028240885963E1));
#6165=LINE('',#6164,#6163);
#6166=CURVE_STYLE('',#140,POSITIVE_LENGTH_MEASURE(2.E-2),#81);
#6167=PRESENTATION_STYLE_ASSIGNMENT((#6166));
#6168=STYLED_ITEM('',(#6167),#6165);
#6169=DIRECTION('',(-7.071067811866E-1,0.E0,7.071067811865E-1));
#6170=VECTOR('',#6169,1.184532750428E0);
#6171=CARTESIAN_POINT('',(2.9845E1,-1.8415E0,-7.112E1));
#6172=LINE('',#6171,#6170);
#6173=CURVE_STYLE('',#140,POSITIVE_LENGTH_MEASURE(2.E-2),#81);
#6174=PRESENTATION_STYLE_ASSIGNMENT((#6173));
#6175=STYLED_ITEM('',(#6174),#6172);
#6176=DIRECTION('',(0.E0,0.E0,1.E0));
#6177=VECTOR('',#6176,4.064E0);
#6178=CARTESIAN_POINT('',(2.9845E1,-1.8415E0,-7.5184E1));
#6179=LINE('',#6178,#6177);
#6180=CURVE_STYLE('',#140,POSITIVE_LENGTH_MEASURE(2.E-2),#81);
#6181=PRESENTATION_STYLE_ASSIGNMENT((#6180));
#6182=STYLED_ITEM('',(#6181),#6179);
#6183=CARTESIAN_POINT('',(2.7051E1,0.E0,-6.477E1));
#6184=DIRECTION('',(0.E0,1.E0,0.E0));
#6185=DIRECTION('',(0.E0,0.E0,1.E0));
#6186=AXIS2_PLACEMENT_3D('',#6183,#6184,#6185);
#6188=CURVE_STYLE('',#140,POSITIVE_LENGTH_MEASURE(2.E-2),#81);
#6189=PRESENTATION_STYLE_ASSIGNMENT((#6188));
#6190=STYLED_ITEM('',(#6189),#6187);
#6191=CARTESIAN_POINT('',(0.E0,0.E0,-6.2992E1));
#6192=DIRECTION('',(0.E0,0.E0,-1.E0));
#6193=DIRECTION('',(-1.E0,0.E0,0.E0));
#6194=AXIS2_PLACEMENT_3D('',#6191,#6192,#6193);
#6196=CURVE_STYLE('',#140,POSITIVE_LENGTH_MEASURE(2.E-2),#81);
#6197=PRESENTATION_STYLE_ASSIGNMENT((#6196));
#6198=STYLED_ITEM('',(#6197),#6195);
#6199=CARTESIAN_POINT('',(0.E0,0.E0,-6.2992E1));
#6200=DIRECTION('',(0.E0,0.E0,-1.E0));
#6201=DIRECTION('',(1.E0,0.E0,0.E0));
#6202=AXIS2_PLACEMENT_3D('',#6199,#6200,#6201);
#6204=CURVE_STYLE('',#140,POSITIVE_LENGTH_MEASURE(2.E-2),#81);
#6205=PRESENTATION_STYLE_ASSIGNMENT((#6204));
#6206=STYLED_ITEM('',(#6205),#6203);
#6207=CARTESIAN_POINT('',(0.E0,0.E0,-6.2992E1));
#6208=DIRECTION('',(0.E0,0.E0,1.E0));
#6209=DIRECTION('',(1.E0,0.E0,0.E0));
#6210=AXIS2_PLACEMENT_3D('',#6207,#6208,#6209);
#6212=CURVE_STYLE('',#140,POSITIVE_LENGTH_MEASURE(2.E-2),#81);
#6213=PRESENTATION_STYLE_ASSIGNMENT((#6212));
#6214=STYLED_ITEM('',(#6213),#6211);
#6215=CARTESIAN_POINT('',(0.E0,0.E0,-6.2992E1));
#6216=DIRECTION('',(0.E0,0.E0,1.E0));
#6217=DIRECTION('',(-1.E0,0.E0,0.E0));
#6218=AXIS2_PLACEMENT_3D('',#6215,#6216,#6217);
#6220=CURVE_STYLE('',#140,POSITIVE_LENGTH_MEASURE(2.E-2),#81);
#6221=PRESENTATION_STYLE_ASSIGNMENT((#6220));
#6222=STYLED_ITEM('',(#6221),#6219);
#6223=CARTESIAN_POINT('',(-2.64922E1,0.E0,-6.2484E1));
#6224=DIRECTION('',(0.E0,1.E0,0.E0));
#6225=DIRECTION('',(1.E0,0.E0,0.E0));
#6226=AXIS2_PLACEMENT_3D('',#6223,#6224,#6225);
#6228=CURVE_STYLE('',#140,POSITIVE_LENGTH_MEASURE(2.E-2),#81);
#6229=PRESENTATION_STYLE_ASSIGNMENT((#6228));
#6230=STYLED_ITEM('',(#6229),#6227);
#6231=CARTESIAN_POINT('',(0.E0,0.E0,-1.3335E1));
#6232=DIRECTION('',(0.E0,0.E0,1.E0));
#6233=DIRECTION('',(1.E0,0.E0,0.E0));
#6234=AXIS2_PLACEMENT_3D('',#6231,#6232,#6233);
#6236=CURVE_STYLE('',#140,POSITIVE_LENGTH_MEASURE(2.E-2),#81);
#6237=PRESENTATION_STYLE_ASSIGNMENT((#6236));
#6238=STYLED_ITEM('',(#6237),#6235);
#6239=CARTESIAN_POINT('',(0.E0,0.E0,-1.3335E1));
#6240=DIRECTION('',(0.E0,0.E0,1.E0));
#6241=DIRECTION('',(-6.227678571429E-1,7.824066692646E-1,0.E0));
#6242=AXIS2_PLACEMENT_3D('',#6239,#6240,#6241);
#6244=CURVE_STYLE('',#140,POSITIVE_LENGTH_MEASURE(2.E-2),#81);
#6245=PRESENTATION_STYLE_ASSIGNMENT((#6244));
#6246=STYLED_ITEM('',(#6245),#6243);
#6247=DIRECTION('',(0.E0,0.E0,1.E0));
#6248=VECTOR('',#6247,4.9149E1);
#6249=CARTESIAN_POINT('',(-2.59842E1,0.E0,-6.2484E1));
#6250=LINE('',#6249,#6248);
#6251=CURVE_STYLE('',#140,POSITIVE_LENGTH_MEASURE(2.E-2),#81);
#6252=PRESENTATION_STYLE_ASSIGNMENT((#6251));
#6253=STYLED_ITEM('',(#6252),#6250);
#6254=CARTESIAN_POINT('',(0.E0,0.E0,-6.2484E1));
#6255=DIRECTION('',(0.E0,0.E0,-1.E0));
#6256=DIRECTION('',(-1.E0,0.E0,0.E0));
#6257=AXIS2_PLACEMENT_3D('',#6254,#6255,#6256);
#6259=CURVE_STYLE('',#140,POSITIVE_LENGTH_MEASURE(2.E-2),#81);
#6260=PRESENTATION_STYLE_ASSIGNMENT((#6259));
#6261=STYLED_ITEM('',(#6260),#6258);
#6262=DIRECTION('',(0.E0,0.E0,1.E0));
#6263=VECTOR('',#6262,4.9149E1);
#6264=CARTESIAN_POINT('',(2.59842E1,0.E0,-6.2484E1));
#6265=LINE('',#6264,#6263);
#6266=CURVE_STYLE('',#140,POSITIVE_LENGTH_MEASURE(2.E-2),#81);
#6267=PRESENTATION_STYLE_ASSIGNMENT((#6266));
#6268=STYLED_ITEM('',(#6267),#6265);
#6269=CARTESIAN_POINT('',(0.E0,0.E0,-1.27E1));
#6270=DIRECTION('',(0.E0,0.E0,1.E0));
#6271=DIRECTION('',(7.777874754087E-1,-6.285273606593E-1,0.E0));
#6272=AXIS2_PLACEMENT_3D('',#6269,#6270,#6271);
#6274=CURVE_STYLE('',#140,POSITIVE_LENGTH_MEASURE(2.E-2),#81);
#6275=PRESENTATION_STYLE_ASSIGNMENT((#6274));
#6276=STYLED_ITEM('',(#6275),#6273);
#6277=CARTESIAN_POINT('',(2.070408036540E1,1.673089551886E1,-1.27E1));
#6278=CARTESIAN_POINT('',(2.052873665866E1,1.687046286766E1,-1.27E1));
#6279=CARTESIAN_POINT('',(2.015361825697E1,1.716904376219E1,-1.271125191442E1));
#6280=CARTESIAN_POINT('',(1.952034716597E1,1.767310500786E1,-1.276372086473E1));
#6281=CARTESIAN_POINT('',(1.880838153326E1,1.823980430742E1,-1.285363230901E1));
#6282=CARTESIAN_POINT('',(1.801894931683E1,1.886816425002E1,-1.298055023160E1));
#6283=CARTESIAN_POINT('',(1.714767680182E1,1.956166615699E1,-1.314226056433E1));
#6284=CARTESIAN_POINT('',(1.651315327843E1,2.006672429426E1,-1.326885982726E1));
#6285=CARTESIAN_POINT('',(1.618212455357E1,2.033021137550E1,-1.3335E1));
#6287=CURVE_STYLE('',#140,POSITIVE_LENGTH_MEASURE(2.E-2),#81);
#6288=PRESENTATION_STYLE_ASSIGNMENT((#6287));
#6289=STYLED_ITEM('',(#6288),#6286);
#6290=CARTESIAN_POINT('',(1.618212455357E1,-2.033021137550E1,-1.3335E1));
#6291=CARTESIAN_POINT('',(1.651336855438E1,-2.006655294227E1,
-1.326881681471E1));
#6292=CARTESIAN_POINT('',(1.714825444065E1,-1.956120637704E1,
-1.314215045101E1));
#6293=CARTESIAN_POINT('',(1.801940320947E1,-1.886780296763E1,
-1.298046043394E1));
#6294=CARTESIAN_POINT('',(1.880943398178E1,-1.823896659587E1,
-1.285350286333E1));
#6295=CARTESIAN_POINT('',(1.951957472619E1,-1.767371984243E1,
-1.276376646512E1));
#6296=CARTESIAN_POINT('',(2.015798018797E1,-1.716557182038E1,
-1.271095306445E1));
#6297=CARTESIAN_POINT('',(2.053059163289E1,-1.686898637420E1,-1.27E1));
#6298=CARTESIAN_POINT('',(2.070408036540E1,-1.673089551886E1,-1.27E1));
#6300=CURVE_STYLE('',#140,POSITIVE_LENGTH_MEASURE(2.E-2),#81);
#6301=PRESENTATION_STYLE_ASSIGNMENT((#6300));
#6302=STYLED_ITEM('',(#6301),#6299);
#6303=CARTESIAN_POINT('',(3.41376E1,0.E0,-1.27E1));
#6304=DIRECTION('',(0.E0,0.E0,-1.E0));
#6305=DIRECTION('',(0.E0,1.E0,0.E0));
#6306=AXIS2_PLACEMENT_3D('',#6303,#6304,#6305);
#6308=CURVE_STYLE('',#140,POSITIVE_LENGTH_MEASURE(2.E-2),#81);
#6309=PRESENTATION_STYLE_ASSIGNMENT((#6308));
#6310=STYLED_ITEM('',(#6309),#6307);
#6311=CARTESIAN_POINT('',(3.41376E1,0.E0,-1.27E1));
#6312=DIRECTION('',(0.E0,0.E0,-1.E0));
#6313=DIRECTION('',(0.E0,-1.E0,0.E0));
#6314=AXIS2_PLACEMENT_3D('',#6311,#6312,#6313);
#6316=CURVE_STYLE('',#140,POSITIVE_LENGTH_MEASURE(2.E-2),#81);
#6317=PRESENTATION_STYLE_ASSIGNMENT((#6316));
#6318=STYLED_ITEM('',(#6317),#6315);
#6319=CARTESIAN_POINT('',(-3.41376E1,0.E0,-1.27E1));
#6320=DIRECTION('',(0.E0,0.E0,-1.E0));
#6321=DIRECTION('',(0.E0,1.E0,0.E0));
#6322=AXIS2_PLACEMENT_3D('',#6319,#6320,#6321);
#6324=CURVE_STYLE('',#140,POSITIVE_LENGTH_MEASURE(2.E-2),#81);
#6325=PRESENTATION_STYLE_ASSIGNMENT((#6324));
#6326=STYLED_ITEM('',(#6325),#6323);
#6327=CARTESIAN_POINT('',(-3.41376E1,0.E0,-1.27E1));
#6328=DIRECTION('',(0.E0,0.E0,-1.E0));
#6329=DIRECTION('',(0.E0,-1.E0,0.E0));
#6330=AXIS2_PLACEMENT_3D('',#6327,#6328,#6329);
#6332=CURVE_STYLE('',#140,POSITIVE_LENGTH_MEASURE(2.E-2),#81);
#6333=PRESENTATION_STYLE_ASSIGNMENT((#6332));
#6334=STYLED_ITEM('',(#6333),#6331);
#6335=DIRECTION('',(7.824066692646E-1,6.227678571429E-1,0.E0));
#6336=VECTOR('',#6335,2.092993930417E1);
#6337=CARTESIAN_POINT('',(2.070408036540E1,-1.673089551886E1,-1.27E1));
#6338=LINE('',#6337,#6336);
#6339=CURVE_STYLE('',#140,POSITIVE_LENGTH_MEASURE(2.E-2),#81);
#6340=PRESENTATION_STYLE_ASSIGNMENT((#6339));
#6341=STYLED_ITEM('',(#6340),#6338);
#6342=CARTESIAN_POINT('',(3.41376E1,0.E0,-1.27E1));
#6343=DIRECTION('',(0.E0,0.E0,1.E0));
#6344=DIRECTION('',(6.227678571429E-1,-7.824066692646E-1,0.E0));
#6345=AXIS2_PLACEMENT_3D('',#6342,#6343,#6344);
#6347=CURVE_STYLE('',#140,POSITIVE_LENGTH_MEASURE(2.E-2),#81);
#6348=PRESENTATION_STYLE_ASSIGNMENT((#6347));
#6349=STYLED_ITEM('',(#6348),#6346);
#6350=DIRECTION('',(-7.824066692646E-1,6.227678571429E-1,0.E0));
#6351=VECTOR('',#6350,2.092993930417E1);
#6352=CARTESIAN_POINT('',(3.707980446429E1,3.696402068274E0,-1.27E1));
#6353=LINE('',#6352,#6351);
#6354=CURVE_STYLE('',#140,POSITIVE_LENGTH_MEASURE(2.E-2),#81);
#6355=PRESENTATION_STYLE_ASSIGNMENT((#6354));
#6356=STYLED_ITEM('',(#6355),#6353);
#6357=DIRECTION('',(-7.824066692646E-1,-6.227678571429E-1,0.E0));
#6358=VECTOR('',#6357,2.092993930417E1);
#6359=CARTESIAN_POINT('',(-2.070408036540E1,1.673089551886E1,-1.27E1));
#6360=LINE('',#6359,#6358);
#6361=CURVE_STYLE('',#140,POSITIVE_LENGTH_MEASURE(2.E-2),#81);
#6362=PRESENTATION_STYLE_ASSIGNMENT((#6361));
#6363=STYLED_ITEM('',(#6362),#6360);
#6364=CARTESIAN_POINT('',(-3.41376E1,0.E0,-1.27E1));
#6365=DIRECTION('',(0.E0,0.E0,1.E0));
#6366=DIRECTION('',(-6.227678571429E-1,7.824066692646E-1,0.E0));
#6367=AXIS2_PLACEMENT_3D('',#6364,#6365,#6366);
#6369=CURVE_STYLE('',#140,POSITIVE_LENGTH_MEASURE(2.E-2),#81);
#6370=PRESENTATION_STYLE_ASSIGNMENT((#6369));
#6371=STYLED_ITEM('',(#6370),#6368);
#6372=DIRECTION('',(7.824066692646E-1,-6.227678571429E-1,0.E0));
#6373=VECTOR('',#6372,2.092993930417E1);
#6374=CARTESIAN_POINT('',(-3.707980446429E1,-3.696402068274E0,-1.27E1));
#6375=LINE('',#6374,#6373);
#6376=CURVE_STYLE('',#140,POSITIVE_LENGTH_MEASURE(2.E-2),#81);
#6377=PRESENTATION_STYLE_ASSIGNMENT((#6376));
#6378=STYLED_ITEM('',(#6377),#6375);
#6379=CARTESIAN_POINT('',(3.41376E1,0.E0,-1.1700002E1));
#6380=DIRECTION('',(0.E0,0.E0,-1.E0));
#6381=DIRECTION('',(0.E0,1.E0,0.E0));
#6382=AXIS2_PLACEMENT_3D('',#6379,#6380,#6381);
#6384=CURVE_STYLE('',#140,POSITIVE_LENGTH_MEASURE(2.E-2),#81);
#6385=PRESENTATION_STYLE_ASSIGNMENT((#6384));
#6386=STYLED_ITEM('',(#6385),#6383);
#6387=DIRECTION('',(-1.421088313697E-14,0.E0,-1.E0));
#6388=VECTOR('',#6387,9.99998E-1);
#6389=CARTESIAN_POINT('',(3.41376E1,2.6924E0,-1.1700002E1));
#6390=LINE('',#6389,#6388);
#6391=CURVE_STYLE('',#140,POSITIVE_LENGTH_MEASURE(2.E-2),#81);
#6392=PRESENTATION_STYLE_ASSIGNMENT((#6391));
#6393=STYLED_ITEM('',(#6392),#6390);
#6394=CARTESIAN_POINT('',(3.41376E1,0.E0,-9.99998E-1));
#6395=DIRECTION('',(0.E0,0.E0,1.E0));
#6396=DIRECTION('',(0.E0,-1.E0,0.E0));
#6397=AXIS2_PLACEMENT_3D('',#6394,#6395,#6396);
#6399=CURVE_STYLE('',#140,POSITIVE_LENGTH_MEASURE(2.E-2),#81);
#6400=PRESENTATION_STYLE_ASSIGNMENT((#6399));
#6401=STYLED_ITEM('',(#6400),#6398);
#6402=DIRECTION('',(0.E0,0.E0,-1.E0));
#6403=VECTOR('',#6402,9.99998E-1);
#6404=CARTESIAN_POINT('',(3.41376E1,2.6924E0,0.E0));
#6405=LINE('',#6404,#6403);
#6406=CURVE_STYLE('',#140,POSITIVE_LENGTH_MEASURE(2.E-2),#81);
#6407=PRESENTATION_STYLE_ASSIGNMENT((#6406));
#6408=STYLED_ITEM('',(#6407),#6405);
#6409=CARTESIAN_POINT('',(3.41376E1,0.E0,-1.1700002E1));
#6410=DIRECTION('',(0.E0,0.E0,-1.E0));
#6411=DIRECTION('',(0.E0,-1.E0,0.E0));
#6412=AXIS2_PLACEMENT_3D('',#6409,#6410,#6411);
#6414=CURVE_STYLE('',#140,POSITIVE_LENGTH_MEASURE(2.E-2),#81);
#6415=PRESENTATION_STYLE_ASSIGNMENT((#6414));
#6416=STYLED_ITEM('',(#6415),#6413);
#6417=DIRECTION('',(0.E0,0.E0,-1.E0));
#6418=VECTOR('',#6417,9.99998E-1);
#6419=CARTESIAN_POINT('',(3.41376E1,-2.6924E0,-1.1700002E1));
#6420=LINE('',#6419,#6418);
#6421=CURVE_STYLE('',#140,POSITIVE_LENGTH_MEASURE(2.E-2),#81);
#6422=PRESENTATION_STYLE_ASSIGNMENT((#6421));
#6423=STYLED_ITEM('',(#6422),#6420);
#6424=CARTESIAN_POINT('',(3.41376E1,0.E0,-9.99998E-1));
#6425=DIRECTION('',(0.E0,0.E0,1.E0));
#6426=DIRECTION('',(0.E0,1.E0,0.E0));
#6427=AXIS2_PLACEMENT_3D('',#6424,#6425,#6426);
#6429=CURVE_STYLE('',#140,POSITIVE_LENGTH_MEASURE(2.E-2),#81);
#6430=PRESENTATION_STYLE_ASSIGNMENT((#6429));
#6431=STYLED_ITEM('',(#6430),#6428);
#6432=DIRECTION('',(0.E0,0.E0,-1.E0));
#6433=VECTOR('',#6432,9.99998E-1);
#6434=CARTESIAN_POINT('',(3.41376E1,-2.6924E0,0.E0));
#6435=LINE('',#6434,#6433);
#6436=CURVE_STYLE('',#140,POSITIVE_LENGTH_MEASURE(2.E-2),#81);
#6437=PRESENTATION_STYLE_ASSIGNMENT((#6436));
#6438=STYLED_ITEM('',(#6437),#6435);
#6439=CARTESIAN_POINT('',(3.41376E1,0.E0,0.E0));
#6440=DIRECTION('',(0.E0,0.E0,-1.E0));
#6441=DIRECTION('',(0.E0,1.E0,0.E0));
#6442=AXIS2_PLACEMENT_3D('',#6439,#6440,#6441);
#6444=CURVE_STYLE('',#140,POSITIVE_LENGTH_MEASURE(2.E-2),#81);
#6445=PRESENTATION_STYLE_ASSIGNMENT((#6444));
#6446=STYLED_ITEM('',(#6445),#6443);
#6447=CARTESIAN_POINT('',(3.41376E1,0.E0,0.E0));
#6448=DIRECTION('',(0.E0,0.E0,-1.E0));
#6449=DIRECTION('',(0.E0,-1.E0,0.E0));
#6450=AXIS2_PLACEMENT_3D('',#6447,#6448,#6449);
#6452=CURVE_STYLE('',#140,POSITIVE_LENGTH_MEASURE(2.E-2),#81);
#6453=PRESENTATION_STYLE_ASSIGNMENT((#6452));
#6454=STYLED_ITEM('',(#6453),#6451);
#6455=CARTESIAN_POINT('',(-3.41376E1,0.E0,0.E0));
#6456=DIRECTION('',(0.E0,0.E0,-1.E0));
#6457=DIRECTION('',(0.E0,1.E0,0.E0));
#6458=AXIS2_PLACEMENT_3D('',#6455,#6456,#6457);
#6460=CURVE_STYLE('',#140,POSITIVE_LENGTH_MEASURE(2.E-2),#81);
#6461=PRESENTATION_STYLE_ASSIGNMENT((#6460));
#6462=STYLED_ITEM('',(#6461),#6459);
#6463=CARTESIAN_POINT('',(-3.41376E1,0.E0,0.E0));
#6464=DIRECTION('',(0.E0,0.E0,-1.E0));
#6465=DIRECTION('',(0.E0,-1.E0,0.E0));
#6466=AXIS2_PLACEMENT_3D('',#6463,#6464,#6465);
#6468=CURVE_STYLE('',#140,POSITIVE_LENGTH_MEASURE(2.E-2),#81);
#6469=PRESENTATION_STYLE_ASSIGNMENT((#6468));
#6470=STYLED_ITEM('',(#6469),#6467);
#6471=CARTESIAN_POINT('',(0.E0,0.E0,-2.842170943040E-14));
#6472=DIRECTION('',(0.E0,0.E0,-1.E0));
#6473=DIRECTION('',(-6.227678571428E-1,7.824066692646E-1,0.E0));
#6474=AXIS2_PLACEMENT_3D('',#6471,#6472,#6473);
#6476=CURVE_STYLE('',#140,POSITIVE_LENGTH_MEASURE(2.E-2),#81);
#6477=PRESENTATION_STYLE_ASSIGNMENT((#6476));
#6478=STYLED_ITEM('',(#6477),#6475);
#6479=DIRECTION('',(-7.824066692646E-1,6.227678571429E-1,0.E0));
#6480=VECTOR('',#6479,2.670948591269E1);
#6481=CARTESIAN_POINT('',(3.707980446429E1,3.696402068274E0,0.E0));
#6482=LINE('',#6481,#6480);
#6483=CURVE_STYLE('',#140,POSITIVE_LENGTH_MEASURE(2.E-2),#81);
#6484=PRESENTATION_STYLE_ASSIGNMENT((#6483));
#6485=STYLED_ITEM('',(#6484),#6482);
#6486=CARTESIAN_POINT('',(3.41376E1,0.E0,0.E0));
#6487=DIRECTION('',(0.E0,0.E0,1.E0));
#6488=DIRECTION('',(6.227678571429E-1,-7.824066692646E-1,0.E0));
#6489=AXIS2_PLACEMENT_3D('',#6486,#6487,#6488);
#6491=CURVE_STYLE('',#140,POSITIVE_LENGTH_MEASURE(2.E-2),#81);
#6492=PRESENTATION_STYLE_ASSIGNMENT((#6491));
#6493=STYLED_ITEM('',(#6492),#6490);
#6494=DIRECTION('',(7.824066692646E-1,6.227678571429E-1,0.E0));
#6495=VECTOR('',#6494,2.670948591269E1);
#6496=CARTESIAN_POINT('',(1.618212455357E1,-2.033021137550E1,0.E0));
#6497=LINE('',#6496,#6495);
#6498=CURVE_STYLE('',#140,POSITIVE_LENGTH_MEASURE(2.E-2),#81);
#6499=PRESENTATION_STYLE_ASSIGNMENT((#6498));
#6500=STYLED_ITEM('',(#6499),#6497);
#6501=CARTESIAN_POINT('',(0.E0,0.E0,-2.842170943040E-14));
#6502=DIRECTION('',(0.E0,0.E0,1.E0));
#6503=DIRECTION('',(-6.227678571428E-1,-7.824066692646E-1,0.E0));
#6504=AXIS2_PLACEMENT_3D('',#6501,#6502,#6503);
#6506=CURVE_STYLE('',#140,POSITIVE_LENGTH_MEASURE(2.E-2),#81);
#6507=PRESENTATION_STYLE_ASSIGNMENT((#6506));
#6508=STYLED_ITEM('',(#6507),#6505);
#6509=DIRECTION('',(7.824066692646E-1,-6.227678571429E-1,0.E0));
#6510=VECTOR('',#6509,2.670948591269E1);
#6511=CARTESIAN_POINT('',(-3.707980446429E1,-3.696402068274E0,0.E0));
#6512=LINE('',#6511,#6510);
#6513=CURVE_STYLE('',#140,POSITIVE_LENGTH_MEASURE(2.E-2),#81);
#6514=PRESENTATION_STYLE_ASSIGNMENT((#6513));
#6515=STYLED_ITEM('',(#6514),#6512);
#6516=CARTESIAN_POINT('',(-3.41376E1,0.E0,0.E0));
#6517=DIRECTION('',(0.E0,0.E0,1.E0));
#6518=DIRECTION('',(-6.227678571429E-1,7.824066692646E-1,0.E0));
#6519=AXIS2_PLACEMENT_3D('',#6516,#6517,#6518);
#6521=CURVE_STYLE('',#140,POSITIVE_LENGTH_MEASURE(2.E-2),#81);
#6522=PRESENTATION_STYLE_ASSIGNMENT((#6521));
#6523=STYLED_ITEM('',(#6522),#6520);
#6524=DIRECTION('',(-7.824066692646E-1,-6.227678571429E-1,0.E0));
#6525=VECTOR('',#6524,2.670948591269E1);
#6526=CARTESIAN_POINT('',(-1.618212455357E1,2.033021137550E1,0.E0));
#6527=LINE('',#6526,#6525);
#6528=CURVE_STYLE('',#140,POSITIVE_LENGTH_MEASURE(2.E-2),#81);
#6529=PRESENTATION_STYLE_ASSIGNMENT((#6528));
#6530=STYLED_ITEM('',(#6529),#6527);
#6531=CARTESIAN_POINT('',(-3.41376E1,0.E0,-1.1700002E1));
#6532=DIRECTION('',(0.E0,0.E0,-1.E0));
#6533=DIRECTION('',(0.E0,1.E0,0.E0));
#6534=AXIS2_PLACEMENT_3D('',#6531,#6532,#6533);
#6536=CURVE_STYLE('',#140,POSITIVE_LENGTH_MEASURE(2.E-2),#81);
#6537=PRESENTATION_STYLE_ASSIGNMENT((#6536));
#6538=STYLED_ITEM('',(#6537),#6535);
#6539=DIRECTION('',(0.E0,0.E0,-1.E0));
#6540=VECTOR('',#6539,9.99998E-1);
#6541=CARTESIAN_POINT('',(-3.41376E1,2.6924E0,-1.1700002E1));
#6542=LINE('',#6541,#6540);
#6543=CURVE_STYLE('',#140,POSITIVE_LENGTH_MEASURE(2.E-2),#81);
#6544=PRESENTATION_STYLE_ASSIGNMENT((#6543));
#6545=STYLED_ITEM('',(#6544),#6542);
#6546=CARTESIAN_POINT('',(-3.41376E1,0.E0,-9.99998E-1));
#6547=DIRECTION('',(0.E0,0.E0,1.E0));
#6548=DIRECTION('',(0.E0,-1.E0,0.E0));
#6549=AXIS2_PLACEMENT_3D('',#6546,#6547,#6548);
#6551=CURVE_STYLE('',#140,POSITIVE_LENGTH_MEASURE(2.E-2),#81);
#6552=PRESENTATION_STYLE_ASSIGNMENT((#6551));
#6553=STYLED_ITEM('',(#6552),#6550);
#6554=DIRECTION('',(0.E0,0.E0,-1.E0));
#6555=VECTOR('',#6554,9.99998E-1);
#6556=CARTESIAN_POINT('',(-3.41376E1,2.6924E0,0.E0));
#6557=LINE('',#6556,#6555);
#6558=CURVE_STYLE('',#140,POSITIVE_LENGTH_MEASURE(2.E-2),#81);
#6559=PRESENTATION_STYLE_ASSIGNMENT((#6558));
#6560=STYLED_ITEM('',(#6559),#6557);
#6561=CARTESIAN_POINT('',(-3.41376E1,0.E0,-1.1700002E1));
#6562=DIRECTION('',(0.E0,0.E0,-1.E0));
#6563=DIRECTION('',(0.E0,-1.E0,0.E0));
#6564=AXIS2_PLACEMENT_3D('',#6561,#6562,#6563);
#6566=CURVE_STYLE('',#140,POSITIVE_LENGTH_MEASURE(2.E-2),#81);
#6567=PRESENTATION_STYLE_ASSIGNMENT((#6566));
#6568=STYLED_ITEM('',(#6567),#6565);
#6569=DIRECTION('',(0.E0,0.E0,-1.E0));
#6570=VECTOR('',#6569,9.99998E-1);
#6571=CARTESIAN_POINT('',(-3.41376E1,-2.6924E0,-1.1700002E1));
#6572=LINE('',#6571,#6570);
#6573=CURVE_STYLE('',#140,POSITIVE_LENGTH_MEASURE(2.E-2),#81);
#6574=PRESENTATION_STYLE_ASSIGNMENT((#6573));
#6575=STYLED_ITEM('',(#6574),#6572);
#6576=CARTESIAN_POINT('',(-3.41376E1,0.E0,-9.99998E-1));
#6577=DIRECTION('',(0.E0,0.E0,1.E0));
#6578=DIRECTION('',(0.E0,1.E0,0.E0));
#6579=AXIS2_PLACEMENT_3D('',#6576,#6577,#6578);
#6581=CURVE_STYLE('',#140,POSITIVE_LENGTH_MEASURE(2.E-2),#81);
#6582=PRESENTATION_STYLE_ASSIGNMENT((#6581));
#6583=STYLED_ITEM('',(#6582),#6580);
#6584=DIRECTION('',(0.E0,0.E0,-1.E0));
#6585=VECTOR('',#6584,9.99998E-1);
#6586=CARTESIAN_POINT('',(-3.41376E1,-2.6924E0,0.E0));
#6587=LINE('',#6586,#6585);
#6588=CURVE_STYLE('',#140,POSITIVE_LENGTH_MEASURE(2.E-2),#81);
#6589=PRESENTATION_STYLE_ASSIGNMENT((#6588));
#6590=STYLED_ITEM('',(#6589),#6587);
#6591=DIRECTION('',(0.E0,0.E0,-1.E0));
#6592=VECTOR('',#6591,1.3335E1);
#6593=CARTESIAN_POINT('',(1.618212455357E1,2.033021137550E1,0.E0));
#6594=LINE('',#6593,#6592);
#6595=CURVE_STYLE('',#140,POSITIVE_LENGTH_MEASURE(2.E-2),#81);
#6596=PRESENTATION_STYLE_ASSIGNMENT((#6595));
#6597=STYLED_ITEM('',(#6596),#6594);
#6598=DIRECTION('',(0.E0,0.E0,-1.E0));
#6599=VECTOR('',#6598,1.27E1);
#6600=CARTESIAN_POINT('',(3.707980446429E1,3.696402068274E0,0.E0));
#6601=LINE('',#6600,#6599);
#6602=CURVE_STYLE('',#140,POSITIVE_LENGTH_MEASURE(2.E-2),#81);
#6603=PRESENTATION_STYLE_ASSIGNMENT((#6602));
#6604=STYLED_ITEM('',(#6603),#6601);
#6605=DIRECTION('',(0.E0,0.E0,-1.E0));
#6606=VECTOR('',#6605,1.27E1);
#6607=CARTESIAN_POINT('',(3.707980446429E1,-3.696402068274E0,0.E0));
#6608=LINE('',#6607,#6606);
#6609=CURVE_STYLE('',#140,POSITIVE_LENGTH_MEASURE(2.E-2),#81);
#6610=PRESENTATION_STYLE_ASSIGNMENT((#6609));
#6611=STYLED_ITEM('',(#6610),#6608);
#6612=DIRECTION('',(0.E0,0.E0,1.E0));
#6613=VECTOR('',#6612,1.3335E1);
#6614=CARTESIAN_POINT('',(1.618212455357E1,-2.033021137550E1,-1.3335E1));
#6615=LINE('',#6614,#6613);
#6616=CURVE_STYLE('',#140,POSITIVE_LENGTH_MEASURE(2.E-2),#81);
#6617=PRESENTATION_STYLE_ASSIGNMENT((#6616));
#6618=STYLED_ITEM('',(#6617),#6615);
#6619=CARTESIAN_POINT('',(0.E0,0.E0,-1.3335E1));
#6620=DIRECTION('',(0.E0,0.E0,1.E0));
#6621=DIRECTION('',(6.227678571429E-1,-7.824066692646E-1,0.E0));
#6622=AXIS2_PLACEMENT_3D('',#6619,#6620,#6621);
#6624=CURVE_STYLE('',#140,POSITIVE_LENGTH_MEASURE(2.E-2),#81);
#6625=PRESENTATION_STYLE_ASSIGNMENT((#6624));
#6626=STYLED_ITEM('',(#6625),#6623);
#6627=CARTESIAN_POINT('',(0.E0,0.E0,-6.2484E1));
#6628=DIRECTION('',(0.E0,0.E0,-1.E0));
#6629=DIRECTION('',(1.E0,0.E0,0.E0));
#6630=AXIS2_PLACEMENT_3D('',#6627,#6628,#6629);
#6632=CURVE_STYLE('',#140,POSITIVE_LENGTH_MEASURE(2.E-2),#81);
#6633=PRESENTATION_STYLE_ASSIGNMENT((#6632));
#6634=STYLED_ITEM('',(#6633),#6631);
#6635=CARTESIAN_POINT('',(0.E0,0.E0,-1.3335E1));
#6636=DIRECTION('',(0.E0,0.E0,1.E0));
#6637=DIRECTION('',(-1.E0,0.E0,0.E0));
#6638=AXIS2_PLACEMENT_3D('',#6635,#6636,#6637);
#6640=CURVE_STYLE('',#140,POSITIVE_LENGTH_MEASURE(2.E-2),#81);
#6641=PRESENTATION_STYLE_ASSIGNMENT((#6640));
#6642=STYLED_ITEM('',(#6641),#6639);
#6643=CARTESIAN_POINT('',(2.64922E1,0.E0,-6.2484E1));
#6644=DIRECTION('',(0.E0,-1.E0,0.E0));
#6645=DIRECTION('',(-1.E0,0.E0,0.E0));
#6646=AXIS2_PLACEMENT_3D('',#6643,#6644,#6645);
#6648=CURVE_STYLE('',#140,POSITIVE_LENGTH_MEASURE(2.E-2),#81);
#6649=PRESENTATION_STYLE_ASSIGNMENT((#6648));
#6650=STYLED_ITEM('',(#6649),#6647);
#6651=CARTESIAN_POINT('',(0.E0,0.E0,-1.27E1));
#6652=DIRECTION('',(0.E0,0.E0,1.E0));
#6653=DIRECTION('',(-7.777874754087E-1,6.285273606593E-1,0.E0));
#6654=AXIS2_PLACEMENT_3D('',#6651,#6652,#6653);
#6656=CURVE_STYLE('',#140,POSITIVE_LENGTH_MEASURE(2.E-2),#81);
#6657=PRESENTATION_STYLE_ASSIGNMENT((#6656));
#6658=STYLED_ITEM('',(#6657),#6655);
#6659=CARTESIAN_POINT('',(-2.070408036540E1,-1.673089551886E1,-1.27E1));
#6660=CARTESIAN_POINT('',(-2.052873665866E1,-1.687046286766E1,-1.27E1));
#6661=CARTESIAN_POINT('',(-2.015361825697E1,-1.716904376219E1,
-1.271125191442E1));
#6662=CARTESIAN_POINT('',(-1.952034716597E1,-1.767310500786E1,
-1.276372086473E1));
#6663=CARTESIAN_POINT('',(-1.880838153326E1,-1.823980430742E1,
-1.285363230901E1));
#6664=CARTESIAN_POINT('',(-1.801894931683E1,-1.886816425002E1,
-1.298055023160E1));
#6665=CARTESIAN_POINT('',(-1.714767680182E1,-1.956166615699E1,
-1.314226056433E1));
#6666=CARTESIAN_POINT('',(-1.651315327843E1,-2.006672429426E1,
-1.326885982726E1));
#6667=CARTESIAN_POINT('',(-1.618212455357E1,-2.033021137550E1,-1.3335E1));
#6669=CURVE_STYLE('',#140,POSITIVE_LENGTH_MEASURE(2.E-2),#81);
#6670=PRESENTATION_STYLE_ASSIGNMENT((#6669));
#6671=STYLED_ITEM('',(#6670),#6668);
#6672=CARTESIAN_POINT('',(-1.618212455357E1,2.033021137550E1,-1.3335E1));
#6673=CARTESIAN_POINT('',(-1.651336855438E1,2.006655294227E1,
-1.326881681471E1));
#6674=CARTESIAN_POINT('',(-1.714825444065E1,1.956120637704E1,
-1.314215045101E1));
#6675=CARTESIAN_POINT('',(-1.801940320947E1,1.886780296763E1,
-1.298046043394E1));
#6676=CARTESIAN_POINT('',(-1.880943398178E1,1.823896659587E1,
-1.285350286333E1));
#6677=CARTESIAN_POINT('',(-1.951957472619E1,1.767371984243E1,
-1.276376646512E1));
#6678=CARTESIAN_POINT('',(-2.015798018797E1,1.716557182038E1,
-1.271095306445E1));
#6679=CARTESIAN_POINT('',(-2.053059163289E1,1.686898637420E1,-1.27E1));
#6680=CARTESIAN_POINT('',(-2.070408036540E1,1.673089551886E1,-1.27E1));
#6682=CURVE_STYLE('',#140,POSITIVE_LENGTH_MEASURE(2.E-2),#81);
#6683=PRESENTATION_STYLE_ASSIGNMENT((#6682));
#6684=STYLED_ITEM('',(#6683),#6681);
#6685=DIRECTION('',(0.E0,0.E0,-1.E0));
#6686=VECTOR('',#6685,1.3335E1);
#6687=CARTESIAN_POINT('',(-1.618212455357E1,-2.033021137550E1,0.E0));
#6688=LINE('',#6687,#6686);
#6689=CURVE_STYLE('',#140,POSITIVE_LENGTH_MEASURE(2.E-2),#81);
#6690=PRESENTATION_STYLE_ASSIGNMENT((#6689));
#6691=STYLED_ITEM('',(#6690),#6688);
#6692=DIRECTION('',(0.E0,0.E0,-1.E0));
#6693=VECTOR('',#6692,1.27E1);
#6694=CARTESIAN_POINT('',(-3.707980446429E1,-3.696402068274E0,0.E0));
#6695=LINE('',#6694,#6693);
#6696=CURVE_STYLE('',#140,POSITIVE_LENGTH_MEASURE(2.E-2),#81);
#6697=PRESENTATION_STYLE_ASSIGNMENT((#6696));
#6698=STYLED_ITEM('',(#6697),#6695);
#6699=DIRECTION('',(0.E0,0.E0,-1.E0));
#6700=VECTOR('',#6699,1.27E1);
#6701=CARTESIAN_POINT('',(-3.707980446429E1,3.696402068274E0,0.E0));
#6702=LINE('',#6701,#6700);
#6703=CURVE_STYLE('',#140,POSITIVE_LENGTH_MEASURE(2.E-2),#81);
#6704=PRESENTATION_STYLE_ASSIGNMENT((#6703));
#6705=STYLED_ITEM('',(#6704),#6702);
#6706=DIRECTION('',(0.E0,0.E0,1.E0));
#6707=VECTOR('',#6706,1.3335E1);
#6708=CARTESIAN_POINT('',(-1.618212455357E1,2.033021137550E1,-1.3335E1));
#6709=LINE('',#6708,#6707);
#6710=CURVE_STYLE('',#140,POSITIVE_LENGTH_MEASURE(2.E-2),#81);
#6711=PRESENTATION_STYLE_ASSIGNMENT((#6710));
#6712=STYLED_ITEM('',(#6711),#6709);
#6713=CARTESIAN_POINT('',(-2.7051E1,-1.019670459179E-14,-6.477E1));
#6714=DIRECTION('',(0.E0,-1.E0,0.E0));
#6715=DIRECTION('',(0.E0,0.E0,1.E0));
#6716=AXIS2_PLACEMENT_3D('',#6713,#6714,#6715);
#6718=CURVE_STYLE('',#140,POSITIVE_LENGTH_MEASURE(2.E-2),#81);
#6719=PRESENTATION_STYLE_ASSIGNMENT((#6718));
#6720=STYLED_ITEM('',(#6719),#6717);
#6721=CARTESIAN_POINT('',(3.41376E1,2.6924E0,0.E0));
#6722=CARTESIAN_POINT('',(3.41376E1,-2.6924E0,0.E0));
#6723=VERTEX_POINT('',#6721);
#6724=VERTEX_POINT('',#6722);
#6725=CARTESIAN_POINT('',(-3.41376E1,2.6924E0,0.E0));
#6726=CARTESIAN_POINT('',(-3.41376E1,-2.6924E0,0.E0));
#6727=VERTEX_POINT('',#6725);
#6728=VERTEX_POINT('',#6726);
#6729=CARTESIAN_POINT('',(3.41376E1,2.6924E0,-1.27E1));
#6730=CARTESIAN_POINT('',(3.41376E1,-2.6924E0,-1.27E1));
#6731=VERTEX_POINT('',#6729);
#6732=VERTEX_POINT('',#6730);
#6733=CARTESIAN_POINT('',(-3.41376E1,2.6924E0,-1.27E1));
#6734=CARTESIAN_POINT('',(-3.41376E1,-2.6924E0,-1.27E1));
#6735=VERTEX_POINT('',#6733);
#6736=VERTEX_POINT('',#6734);
#6737=CARTESIAN_POINT('',(-3.707980446429E1,3.696402068274E0,0.E0));
#6738=CARTESIAN_POINT('',(-3.707980446429E1,-3.696402068274E0,0.E0));
#6739=VERTEX_POINT('',#6737);
#6740=VERTEX_POINT('',#6738);
#6741=CARTESIAN_POINT('',(3.707980446429E1,-3.696402068274E0,0.E0));
#6742=CARTESIAN_POINT('',(3.707980446429E1,3.696402068274E0,0.E0));
#6743=VERTEX_POINT('',#6741);
#6744=VERTEX_POINT('',#6742);
#6745=CARTESIAN_POINT('',(-3.707980446429E1,3.696402068274E0,-1.27E1));
#6746=CARTESIAN_POINT('',(-3.707980446429E1,-3.696402068274E0,-1.27E1));
#6747=VERTEX_POINT('',#6745);
#6748=VERTEX_POINT('',#6746);
#6749=CARTESIAN_POINT('',(3.707980446429E1,-3.696402068274E0,-1.27E1));
#6750=CARTESIAN_POINT('',(3.707980446429E1,3.696402068274E0,-1.27E1));
#6751=VERTEX_POINT('',#6749);
#6752=VERTEX_POINT('',#6750);
#6753=CARTESIAN_POINT('',(-1.618212455357E1,-2.033021137550E1,0.E0));
#6754=VERTEX_POINT('',#6753);
#6755=CARTESIAN_POINT('',(-1.618212455357E1,2.033021137550E1,0.E0));
#6756=VERTEX_POINT('',#6755);
#6757=CARTESIAN_POINT('',(1.618212455357E1,2.033021137550E1,0.E0));
#6758=VERTEX_POINT('',#6757);
#6759=CARTESIAN_POINT('',(1.618212455357E1,-2.033021137550E1,0.E0));
#6760=VERTEX_POINT('',#6759);
#6761=CARTESIAN_POINT('',(2.9845E1,1.8415E0,-7.5184E1));
#6762=CARTESIAN_POINT('',(2.9845E1,-1.8415E0,-7.5184E1));
#6763=VERTEX_POINT('',#6761);
#6764=VERTEX_POINT('',#6762);
#6765=CARTESIAN_POINT('',(-2.9845E1,-1.8415E0,-7.5184E1));
#6766=CARTESIAN_POINT('',(-2.9845E1,1.8415E0,-7.5184E1));
#6767=VERTEX_POINT('',#6765);
#6768=VERTEX_POINT('',#6766);
#6769=CARTESIAN_POINT('',(5.08E0,0.E0,-7.747E1));
#6770=CARTESIAN_POINT('',(2.159E1,0.E0,-7.747E1));
#6771=VERTEX_POINT('',#6769);
#6772=VERTEX_POINT('',#6770);
#6773=CARTESIAN_POINT('',(-2.159E1,0.E0,-7.747E1));
#6774=CARTESIAN_POINT('',(-5.08E0,0.E0,-7.747E1));
#6775=VERTEX_POINT('',#6773);
#6776=VERTEX_POINT('',#6774);
#6777=CARTESIAN_POINT('',(2.159E1,0.E0,-7.62E1));
#6778=VERTEX_POINT('',#6777);
#6779=CARTESIAN_POINT('',(5.08E0,0.E0,-7.62E1));
#6780=VERTEX_POINT('',#6779);
#6781=CARTESIAN_POINT('',(-5.08E0,0.E0,-7.62E1));
#6782=VERTEX_POINT('',#6781);
#6783=CARTESIAN_POINT('',(-2.159E1,0.E0,-7.62E1));
#6784=VERTEX_POINT('',#6783);
#6785=CARTESIAN_POINT('',(-1.335E0,3.088846653380E1,-9.603381064310E1));
#6786=CARTESIAN_POINT('',(-1.335E0,3.007153346620E1,-9.700618935690E1));
#6787=VERTEX_POINT('',#6785);
#6788=VERTEX_POINT('',#6786);
#6789=VERTEX_POINT('',#5680);
#6790=VERTEX_POINT('',#5710);
#6791=CARTESIAN_POINT('',(1.335E0,3.005173412766E1,-9.952884255629E1));
#6792=CARTESIAN_POINT('',(1.335E0,3.090826587234E1,-9.859115744371E1));
#6793=VERTEX_POINT('',#6791);
#6794=VERTEX_POINT('',#6792);
#6795=VERTEX_POINT('',#5786);
#6796=VERTEX_POINT('',#5756);
#6797=CARTESIAN_POINT('',(-5.3467E0,-1.567506076681E-14,-7.8867E1));
#6798=CARTESIAN_POINT('',(-2.13233E1,-1.860991457450E-14,-7.8867E1));
#6799=VERTEX_POINT('',#6797);
#6800=VERTEX_POINT('',#6798);
#6801=CARTESIAN_POINT('',(-5.3467E0,-1.567506076681E-14,-8.046466E1));
#6802=CARTESIAN_POINT('',(-2.13233E1,-1.860991457450E-14,-8.046466E1));
#6803=VERTEX_POINT('',#6801);
#6804=VERTEX_POINT('',#6802);
#6805=CARTESIAN_POINT('',(-1.956172265321E1,-3.595E0,-8.696466E1));
#6806=CARTESIAN_POINT('',(-1.956172265321E1,3.595E0,-8.696466E1));
#6807=VERTEX_POINT('',#6805);
#6808=VERTEX_POINT('',#6806);
#6809=CARTESIAN_POINT('',(-1.3335E1,7.19E0,-8.696466E1));
#6810=VERTEX_POINT('',#6809);
#6811=CARTESIAN_POINT('',(-7.108277346790E0,3.595E0,-8.696466E1));
#6812=VERTEX_POINT('',#6811);
#6813=CARTESIAN_POINT('',(-7.108277346790E0,-3.595E0,-8.696466E1));
#6814=VERTEX_POINT('',#6813);
#6815=CARTESIAN_POINT('',(-1.3335E1,-7.19E0,-8.696466E1));
#6816=VERTEX_POINT('',#6815);
#6817=CARTESIAN_POINT('',(-1.956172265321E1,-3.595E0,-8.046466E1));
#6818=VERTEX_POINT('',#6817);
#6819=CARTESIAN_POINT('',(-1.956172265321E1,3.595E0,-8.046466E1));
#6820=VERTEX_POINT('',#6819);
#6821=CARTESIAN_POINT('',(-1.3335E1,7.19E0,-8.046466E1));
#6822=VERTEX_POINT('',#6821);
#6823=CARTESIAN_POINT('',(-7.108277346790E0,3.595E0,-8.046466E1));
#6824=VERTEX_POINT('',#6823);
#6825=CARTESIAN_POINT('',(-7.108277346790E0,-3.595E0,-8.046466E1));
#6826=VERTEX_POINT('',#6825);
#6827=CARTESIAN_POINT('',(-1.3335E1,-7.19E0,-8.046466E1));
#6828=VERTEX_POINT('',#6827);
#6829=CARTESIAN_POINT('',(7.108277346790E0,-3.595E0,-8.696466E1));
#6830=CARTESIAN_POINT('',(7.108277346790E0,3.595E0,-8.696466E1));
#6831=VERTEX_POINT('',#6829);
#6832=VERTEX_POINT('',#6830);
#6833=CARTESIAN_POINT('',(1.3335E1,7.19E0,-8.696466E1));
#6834=VERTEX_POINT('',#6833);
#6835=CARTESIAN_POINT('',(1.956172265321E1,3.595E0,-8.696466E1));
#6836=VERTEX_POINT('',#6835);
#6837=CARTESIAN_POINT('',(1.956172265321E1,-3.595E0,-8.696466E1));
#6838=VERTEX_POINT('',#6837);
#6839=CARTESIAN_POINT('',(1.3335E1,-7.19E0,-8.696466E1));
#6840=VERTEX_POINT('',#6839);
#6841=CARTESIAN_POINT('',(7.108277346790E0,-3.595E0,-8.046466E1));
#6842=VERTEX_POINT('',#6841);
#6843=CARTESIAN_POINT('',(7.108277346790E0,3.595E0,-8.046466E1));
#6844=VERTEX_POINT('',#6843);
#6845=CARTESIAN_POINT('',(1.3335E1,7.19E0,-8.046466E1));
#6846=VERTEX_POINT('',#6845);
#6847=CARTESIAN_POINT('',(1.956172265321E1,3.595E0,-8.046466E1));
#6848=VERTEX_POINT('',#6847);
#6849=CARTESIAN_POINT('',(1.956172265321E1,-3.595E0,-8.046466E1));
#6850=VERTEX_POINT('',#6849);
#6851=CARTESIAN_POINT('',(1.3335E1,-7.19E0,-8.046466E1));
#6852=VERTEX_POINT('',#6851);
#6853=CARTESIAN_POINT('',(-2.59842E1,0.E0,-6.2484E1));
#6854=CARTESIAN_POINT('',(2.59842E1,0.E0,-6.2484E1));
#6855=VERTEX_POINT('',#6853);
#6856=VERTEX_POINT('',#6854);
#6857=CARTESIAN_POINT('',(-2.64922E1,0.E0,-6.2992E1));
#6858=CARTESIAN_POINT('',(2.64922E1,0.E0,-6.2992E1));
#6859=VERTEX_POINT('',#6857);
#6860=VERTEX_POINT('',#6858);
#6861=CARTESIAN_POINT('',(2.7051E1,0.E0,-6.2992E1));
#6862=CARTESIAN_POINT('',(-2.7051E1,1.201305721565E-14,-6.2992E1));
#6863=VERTEX_POINT('',#6861);
#6864=VERTEX_POINT('',#6862);
#6865=CARTESIAN_POINT('',(2.8829E1,0.E0,-6.477E1));
#6866=CARTESIAN_POINT('',(-2.8829E1,1.280264783077E-14,-6.477E1));
#6867=VERTEX_POINT('',#6865);
#6868=VERTEX_POINT('',#6866);
#6869=CARTESIAN_POINT('',(-2.8829E1,8.109019035521E-9,-7.0104E1));
#6870=VERTEX_POINT('',#6869);
#6871=CARTESIAN_POINT('',(2.8829E1,-1.423191079669E-10,-7.0104E1));
#6872=VERTEX_POINT('',#6871);
#6873=CARTESIAN_POINT('',(2.9845E1,-1.8415E0,-7.112E1));
#6874=CARTESIAN_POINT('',(2.9845E1,1.8415E0,-7.112E1));
#6875=VERTEX_POINT('',#6873);
#6876=VERTEX_POINT('',#6874);
#6877=CARTESIAN_POINT('',(-2.9845E1,1.8415E0,-7.112E1));
#6878=CARTESIAN_POINT('',(-2.9845E1,-1.8415E0,-7.112E1));
#6879=VERTEX_POINT('',#6877);
#6880=VERTEX_POINT('',#6878);
#6881=CARTESIAN_POINT('',(2.900740885963E1,1.8415E0,-7.028240885963E1));
#6882=VERTEX_POINT('',#6881);
#6883=CARTESIAN_POINT('',(2.900740885963E1,-1.8415E0,-7.028240885963E1));
#6884=VERTEX_POINT('',#6883);
#6885=CARTESIAN_POINT('',(-2.900740885963E1,-1.8415E0,-7.028240885963E1));
#6886=VERTEX_POINT('',#6885);
#6887=CARTESIAN_POINT('',(-2.900740885963E1,1.8415E0,-7.028240885963E1));
#6888=VERTEX_POINT('',#6887);
#6889=CARTESIAN_POINT('',(2.875406904427E1,-2.077198689956E0,-7.0104E1));
#6890=CARTESIAN_POINT('',(2.8829E1,-1.914706529974E0,-7.0104E1));
#6891=VERTEX_POINT('',#6889);
#6892=VERTEX_POINT('',#6890);
#6893=VERTEX_POINT('',#6036);
#6894=CARTESIAN_POINT('',(2.875406904427E1,2.077198689956E0,-7.0104E1));
#6895=VERTEX_POINT('',#6894);
#6896=VERTEX_POINT('',#5865);
#6897=CARTESIAN_POINT('',(-2.875406904427E1,-2.077198689956E0,-7.0104E1));
#6898=VERTEX_POINT('',#6897);
#6899=CARTESIAN_POINT('',(-2.875406904427E1,2.077198689956E0,-7.0104E1));
#6900=CARTESIAN_POINT('',(-2.8829E1,1.914706529974E0,-7.0104E1));
#6901=VERTEX_POINT('',#6899);
#6902=VERTEX_POINT('',#6900);
#6903=CARTESIAN_POINT('',(1.3335E1,2.8062E0,-9.398E1));
#6904=CARTESIAN_POINT('',(1.3335E1,-2.8062E0,-9.398E1));
#6905=VERTEX_POINT('',#6903);
#6906=VERTEX_POINT('',#6904);
#6907=CARTESIAN_POINT('',(-1.3335E1,2.8062E0,-9.398E1));
#6908=CARTESIAN_POINT('',(-1.3335E1,-2.8062E0,-9.398E1));
#6909=VERTEX_POINT('',#6907);
#6910=VERTEX_POINT('',#6908);
#6911=CARTESIAN_POINT('',(-9.359266620708E0,4.399364690298E-1,-9.27862E1));
#6912=CARTESIAN_POINT('',(-1.021264990677E1,-2.500185972145E0,-9.27862E1));
#6913=VERTEX_POINT('',#6911);
#6914=VERTEX_POINT('',#6912);
#6915=CARTESIAN_POINT('',(-1.3335E1,-4.E0,-8.7964375E1));
#6916=CARTESIAN_POINT('',(-1.3335E1,-4.E0,-8.8120625E1));
#6917=VERTEX_POINT('',#6915);
#6918=VERTEX_POINT('',#6916);
#6919=CARTESIAN_POINT('',(-1.3335E1,-4.E0,-8.9214375E1));
#6920=CARTESIAN_POINT('',(-1.3335E1,-4.E0,-8.9370625E1));
#6921=VERTEX_POINT('',#6919);
#6922=VERTEX_POINT('',#6920);
#6923=CARTESIAN_POINT('',(-1.3335E1,-4.E0,-9.0464375E1));
#6924=CARTESIAN_POINT('',(-1.3335E1,-4.E0,-9.0620625E1));
#6925=VERTEX_POINT('',#6923);
#6926=VERTEX_POINT('',#6924);
#6927=CARTESIAN_POINT('',(-1.3335E1,4.E0,-8.8589375E1));
#6928=CARTESIAN_POINT('',(-1.3335E1,4.E0,-8.8745625E1));
#6929=VERTEX_POINT('',#6927);
#6930=VERTEX_POINT('',#6928);
#6931=CARTESIAN_POINT('',(-1.3335E1,4.E0,-8.9839375E1));
#6932=CARTESIAN_POINT('',(-1.3335E1,4.E0,-8.9995625E1));
#6933=VERTEX_POINT('',#6931);
#6934=VERTEX_POINT('',#6932);
#6935=CARTESIAN_POINT('',(-1.3335E1,-3.887041576319E0,-9.289915842368E1));
#6936=VERTEX_POINT('',#6935);
#6937=CARTESIAN_POINT('',(-1.3335E1,3.490807453685E0,-9.329539254632E1));
#6938=VERTEX_POINT('',#6937);
#6939=CARTESIAN_POINT('',(1.731073337929E1,4.399364690299E-1,-9.27862E1));
#6940=CARTESIAN_POINT('',(1.645735009323E1,-2.500185972145E0,-9.27862E1));
#6941=VERTEX_POINT('',#6939);
#6942=VERTEX_POINT('',#6940);
#6943=CARTESIAN_POINT('',(1.3335E1,-4.E0,-8.7964375E1));
#6944=CARTESIAN_POINT('',(1.3335E1,-4.E0,-8.8120625E1));
#6945=VERTEX_POINT('',#6943);
#6946=VERTEX_POINT('',#6944);
#6947=CARTESIAN_POINT('',(1.3335E1,-4.E0,-8.9214375E1));
#6948=CARTESIAN_POINT('',(1.3335E1,-4.E0,-8.9370625E1));
#6949=VERTEX_POINT('',#6947);
#6950=VERTEX_POINT('',#6948);
#6951=CARTESIAN_POINT('',(1.3335E1,-4.E0,-9.0464375E1));
#6952=CARTESIAN_POINT('',(1.3335E1,-4.E0,-9.0620625E1));
#6953=VERTEX_POINT('',#6951);
#6954=VERTEX_POINT('',#6952);
#6955=CARTESIAN_POINT('',(1.3335E1,4.E0,-8.8589375E1));
#6956=CARTESIAN_POINT('',(1.3335E1,4.E0,-8.8745625E1));
#6957=VERTEX_POINT('',#6955);
#6958=VERTEX_POINT('',#6956);
#6959=CARTESIAN_POINT('',(1.3335E1,4.E0,-8.9839375E1));
#6960=CARTESIAN_POINT('',(1.3335E1,4.E0,-8.9995625E1));
#6961=VERTEX_POINT('',#6959);
#6962=VERTEX_POINT('',#6960);
#6963=CARTESIAN_POINT('',(1.3335E1,-3.887041576319E0,-9.289915842368E1));
#6964=VERTEX_POINT('',#6963);
#6965=CARTESIAN_POINT('',(1.3335E1,3.490807453685E0,-9.329539254632E1));
#6966=VERTEX_POINT('',#6965);
#6967=CARTESIAN_POINT('',(-5.5626E0,-1.570150089121E-14,-7.747E1));
#6968=CARTESIAN_POINT('',(-2.11074E1,-1.855703432572E-14,-7.747E1));
#6969=VERTEX_POINT('',#6967);
#6970=VERTEX_POINT('',#6968);
#6971=CARTESIAN_POINT('',(2.11074E1,0.E0,-7.747E1));
#6972=CARTESIAN_POINT('',(5.5626E0,0.E0,-7.747E1));
#6973=VERTEX_POINT('',#6971);
#6974=VERTEX_POINT('',#6972);
#6975=CARTESIAN_POINT('',(-5.5626E0,-1.570150089121E-14,-7.8867E1));
#6976=CARTESIAN_POINT('',(-2.11074E1,-1.855703432572E-14,-7.8867E1));
#6977=VERTEX_POINT('',#6975);
#6978=VERTEX_POINT('',#6976);
#6979=CARTESIAN_POINT('',(2.11074E1,0.E0,-7.8867E1));
#6980=CARTESIAN_POINT('',(5.5626E0,0.E0,-7.8867E1));
#6981=VERTEX_POINT('',#6979);
#6982=VERTEX_POINT('',#6980);
#6983=CARTESIAN_POINT('',(-2.90957E1,0.E0,-7.62E1));
#6984=CARTESIAN_POINT('',(2.90957E1,0.E0,-7.62E1));
#6985=VERTEX_POINT('',#6983);
#6986=VERTEX_POINT('',#6984);
#6987=CARTESIAN_POINT('',(-2.875406904427E1,-2.077198689953E0,-7.5184E1));
#6988=CARTESIAN_POINT('',(2.875406904427E1,-2.077198689953E0,-7.5184E1));
#6989=VERTEX_POINT('',#6987);
#6990=VERTEX_POINT('',#6988);
#6991=CARTESIAN_POINT('',(-2.90957E1,0.E0,-7.5184E1));
#6992=CARTESIAN_POINT('',(-2.903736620701E1,1.8415E0,-7.5184E1));
#6993=VERTEX_POINT('',#6991);
#6994=VERTEX_POINT('',#6992);
#6995=CARTESIAN_POINT('',(2.903736620701E1,1.8415E0,-7.5184E1));
#6996=CARTESIAN_POINT('',(2.90957E1,0.E0,-7.5184E1));
#6997=VERTEX_POINT('',#6995);
#6998=VERTEX_POINT('',#6996);
#6999=CARTESIAN_POINT('',(2.903736620701E1,-1.8415E0,-7.5184E1));
#7000=VERTEX_POINT('',#6999);
#7001=CARTESIAN_POINT('',(-2.903736620701E1,-1.8415E0,-7.5184E1));
#7002=VERTEX_POINT('',#7001);
#7003=CARTESIAN_POINT('',(2.875406904427E1,2.077198689953E0,-7.5184E1));
#7004=CARTESIAN_POINT('',(-2.875406904427E1,2.077198689953E0,-7.5184E1));
#7005=VERTEX_POINT('',#7003);
#7006=VERTEX_POINT('',#7004);
#7007=CARTESIAN_POINT('',(2.900740885963E1,-1.8415E0,-7.5184E1));
#7008=VERTEX_POINT('',#7007);
#7009=CARTESIAN_POINT('',(2.900740885963E1,1.8415E0,-7.5184E1));
#7010=VERTEX_POINT('',#7009);
#7011=CARTESIAN_POINT('',(-2.900740885963E1,-1.8415E0,-7.5184E1));
#7012=VERTEX_POINT('',#7011);
#7013=CARTESIAN_POINT('',(-2.900740885963E1,1.8415E0,-7.5184E1));
#7014=VERTEX_POINT('',#7013);
#7015=CARTESIAN_POINT('',(-6.35E-1,9.525E0,-8.636E1));
#7016=CARTESIAN_POINT('',(6.35E-1,9.525E0,-8.636E1));
#7017=VERTEX_POINT('',#7015);
#7018=VERTEX_POINT('',#7016);
#7019=CARTESIAN_POINT('',(6.35E-1,-9.525E0,-8.636E1));
#7020=CARTESIAN_POINT('',(-6.35E-1,-9.525E0,-8.636E1));
#7021=VERTEX_POINT('',#7019);
#7022=VERTEX_POINT('',#7020);
#7023=CARTESIAN_POINT('',(-6.35E-1,9.524999999999E0,-7.6708E1));
#7024=CARTESIAN_POINT('',(-6.35E-1,-9.524999999999E0,-7.6708E1));
#7025=VERTEX_POINT('',#7023);
#7026=VERTEX_POINT('',#7024);
#7027=CARTESIAN_POINT('',(-1.143E0,9.524999999999E0,-7.62E1));
#7028=CARTESIAN_POINT('',(-1.143E0,-9.524999999999E0,-7.62E1));
#7029=VERTEX_POINT('',#7027);
#7030=VERTEX_POINT('',#7028);
#7031=CARTESIAN_POINT('',(6.35E-1,-9.525E0,-7.6708E1));
#7032=VERTEX_POINT('',#7031);
#7033=CARTESIAN_POINT('',(1.143E0,-9.525E0,-7.62E1));
#7034=VERTEX_POINT('',#7033);
#7035=CARTESIAN_POINT('',(6.35E-1,9.524999999999E0,-7.6708E1));
#7036=VERTEX_POINT('',#7035);
#7037=CARTESIAN_POINT('',(1.143E0,9.524999999999E0,-7.62E1));
#7038=VERTEX_POINT('',#7037);
#7039=CARTESIAN_POINT('',(0.E0,-1.67005E1,-7.62E1));
#7040=CARTESIAN_POINT('',(0.E0,-2.39395E1,-7.62E1));
#7041=VERTEX_POINT('',#7039);
#7042=VERTEX_POINT('',#7040);
#7043=CARTESIAN_POINT('',(0.E0,-1.771503703741E1,-8.636E1));
#7044=CARTESIAN_POINT('',(0.E0,-2.292496296259E1,-8.636E1));
#7045=VERTEX_POINT('',#7043);
#7046=VERTEX_POINT('',#7044);
#7047=CARTESIAN_POINT('',(0.E0,-1.720773323375E1,-8.587858666577E1));
#7048=CARTESIAN_POINT('',(0.E0,-2.343226676625E1,-8.587858666577E1));
#7049=VERTEX_POINT('',#7047);
#7050=VERTEX_POINT('',#7048);
#7051=CARTESIAN_POINT('',(-1.226837034146E1,-3.147603226225E0,-9.000875E1));
#7052=CARTESIAN_POINT('',(-1.226837034146E1,-3.147603226225E0,-8.969625E1));
#7053=VERTEX_POINT('',#7051);
#7054=VERTEX_POINT('',#7052);
#7055=VERTEX_POINT('',#2835);
#7056=VERTEX_POINT('',#2734);
#7057=VERTEX_POINT('',#1441);
#7058=VERTEX_POINT('',#1609);
#7059=VERTEX_POINT('',#1621);
#7060=VERTEX_POINT('',#1436);
#7061=VERTEX_POINT('',#2468);
#7062=CARTESIAN_POINT('',(-1.253331803236E1,-3.225276875090E0,
-9.346278234671E1));
#7063=VERTEX_POINT('',#7062);
#7064=CARTESIAN_POINT('',(1.440162965854E1,-3.147603226225E0,-9.000875E1));
#7065=CARTESIAN_POINT('',(1.440162965854E1,-3.147603226225E0,-8.969625E1));
#7066=VERTEX_POINT('',#7064);
#7067=VERTEX_POINT('',#7065);
#7068=VERTEX_POINT('',#3796);
#7069=VERTEX_POINT('',#3695);
#7070=VERTEX_POINT('',#4273);
#7071=VERTEX_POINT('',#4441);
#7072=VERTEX_POINT('',#4453);
#7073=VERTEX_POINT('',#4268);
#7074=VERTEX_POINT('',#3429);
#7075=CARTESIAN_POINT('',(1.413668196764E1,-3.225276875090E0,
-9.346278234671E1));
#7076=VERTEX_POINT('',#7075);
#7077=VERTEX_POINT('',#1099);
#7078=VERTEX_POINT('',#1130);
#7079=VERTEX_POINT('',#1912);
#7080=VERTEX_POINT('',#1674);
#7081=VERTEX_POINT('',#4506);
#7082=VERTEX_POINT('',#4537);
#7083=VERTEX_POINT('',#5358);
#7084=VERTEX_POINT('',#5120);
#7085=CARTESIAN_POINT('',(2.13233E1,0.E0,-7.8867E1));
#7086=CARTESIAN_POINT('',(5.3467E0,0.E0,-7.8867E1));
#7087=VERTEX_POINT('',#7085);
#7088=VERTEX_POINT('',#7086);
#7089=CARTESIAN_POINT('',(2.13233E1,0.E0,-8.046466E1));
#7090=CARTESIAN_POINT('',(5.3467E0,0.E0,-8.046466E1));
#7091=VERTEX_POINT('',#7089);
#7092=VERTEX_POINT('',#7090);
#7093=CARTESIAN_POINT('',(2.59842E1,0.E0,-1.3335E1));
#7094=CARTESIAN_POINT('',(1.618212455357E1,2.033021137550E1,-1.3335E1));
#7095=VERTEX_POINT('',#7093);
#7096=VERTEX_POINT('',#7094);
#7097=CARTESIAN_POINT('',(1.618212455357E1,-2.033021137550E1,-1.3335E1));
#7098=VERTEX_POINT('',#7097);
#7099=CARTESIAN_POINT('',(-2.59842E1,0.E0,-1.3335E1));
#7100=CARTESIAN_POINT('',(-1.618212455357E1,-2.033021137550E1,-1.3335E1));
#7101=VERTEX_POINT('',#7099);
#7102=VERTEX_POINT('',#7100);
#7103=CARTESIAN_POINT('',(-1.618212455357E1,2.033021137550E1,-1.3335E1));
#7104=VERTEX_POINT('',#7103);
#7105=CARTESIAN_POINT('',(-2.070408036540E1,-1.673089551886E1,-1.27E1));
#7106=VERTEX_POINT('',#7105);
#7107=CARTESIAN_POINT('',(-2.070408036540E1,1.673089551886E1,-1.27E1));
#7108=VERTEX_POINT('',#7107);
#7109=CARTESIAN_POINT('',(2.070408036540E1,1.673089551886E1,-1.27E1));
#7110=VERTEX_POINT('',#7109);
#7111=CARTESIAN_POINT('',(2.070408036540E1,-1.673089551886E1,-1.27E1));
#7112=VERTEX_POINT('',#7111);
#7113=CARTESIAN_POINT('',(-3.41376E1,2.6924E0,-1.1700002E1));
#7114=CARTESIAN_POINT('',(-3.41376E1,-2.6924E0,-1.1700002E1));
#7115=VERTEX_POINT('',#7113);
#7116=VERTEX_POINT('',#7114);
#7117=CARTESIAN_POINT('',(-3.41376E1,-2.6924E0,-9.99998E-1));
#7118=CARTESIAN_POINT('',(-3.41376E1,2.6924E0,-9.99998E-1));
#7119=VERTEX_POINT('',#7117);
#7120=VERTEX_POINT('',#7118);
#7121=CARTESIAN_POINT('',(3.41376E1,2.6924E0,-1.1700002E1));
#7122=CARTESIAN_POINT('',(3.41376E1,-2.6924E0,-1.1700002E1));
#7123=VERTEX_POINT('',#7121);
#7124=VERTEX_POINT('',#7122);
#7125=CARTESIAN_POINT('',(3.41376E1,-2.6924E0,-9.99998E-1));
#7126=CARTESIAN_POINT('',(3.41376E1,2.6924E0,-9.99998E-1));
#7127=VERTEX_POINT('',#7125);
#7128=VERTEX_POINT('',#7126);
#7129=CARTESIAN_POINT('',(0.E0,0.E0,-7.5184E1));
#7130=DIRECTION('',(0.E0,0.E0,1.E0));
#7131=DIRECTION('',(-1.E0,0.E0,0.E0));
#7132=AXIS2_PLACEMENT_3D('',#7129,#7130,#7131);
#7133=PLANE('',#7132);
#7135=ORIENTED_EDGE('',*,*,#7134,.T.);
#7137=ORIENTED_EDGE('',*,*,#7136,.F.);
#7139=ORIENTED_EDGE('',*,*,#7138,.F.);
#7141=ORIENTED_EDGE('',*,*,#7140,.F.);
#7143=ORIENTED_EDGE('',*,*,#7142,.T.);
#7144=EDGE_LOOP('',(#7135,#7137,#7139,#7141,#7143));
#7145=FACE_OUTER_BOUND('',#7144,.F.);
#7147=CARTESIAN_POINT('',(0.E0,0.E0,-7.5184E1));
#7148=DIRECTION('',(0.E0,0.E0,1.E0));
#7149=DIRECTION('',(-1.E0,0.E0,0.E0));
#7150=AXIS2_PLACEMENT_3D('',#7147,#7148,#7149);
#7151=PLANE('',#7150);
#7153=ORIENTED_EDGE('',*,*,#7152,.T.);
#7155=ORIENTED_EDGE('',*,*,#7154,.T.);
#7157=ORIENTED_EDGE('',*,*,#7156,.F.);
#7159=ORIENTED_EDGE('',*,*,#7158,.F.);
#7161=ORIENTED_EDGE('',*,*,#7160,.F.);
#7162=EDGE_LOOP('',(#7153,#7155,#7157,#7159,#7161));
#7163=FACE_OUTER_BOUND('',#7162,.F.);
#7165=CARTESIAN_POINT('',(0.E0,0.E0,-7.5184E1));
#7166=DIRECTION('',(0.E0,0.E0,-1.E0));
#7167=DIRECTION('',(-1.E0,0.E0,0.E0));
#7168=AXIS2_PLACEMENT_3D('',#7165,#7166,#7167);
#7169=CYLINDRICAL_SURFACE('',#7168,2.90957E1);
#7170=ORIENTED_EDGE('',*,*,#7134,.F.);
#7172=ORIENTED_EDGE('',*,*,#7171,.T.);
#7174=ORIENTED_EDGE('',*,*,#7173,.T.);
#7176=ORIENTED_EDGE('',*,*,#7175,.F.);
#7177=ORIENTED_EDGE('',*,*,#7152,.F.);
#7179=ORIENTED_EDGE('',*,*,#7178,.F.);
#7180=EDGE_LOOP('',(#7170,#7172,#7174,#7176,#7177,#7179));
#7181=FACE_OUTER_BOUND('',#7180,.F.);
#7183=CARTESIAN_POINT('',(0.E0,0.E0,-7.5184E1));
#7184=DIRECTION('',(0.E0,0.E0,-1.E0));
#7185=DIRECTION('',(-1.E0,0.E0,0.E0));
#7186=AXIS2_PLACEMENT_3D('',#7183,#7184,#7185);
#7187=CYLINDRICAL_SURFACE('',#7186,2.90957E1);
#7188=ORIENTED_EDGE('',*,*,#7154,.F.);
#7189=ORIENTED_EDGE('',*,*,#7175,.T.);
#7191=ORIENTED_EDGE('',*,*,#7190,.T.);
#7192=ORIENTED_EDGE('',*,*,#7171,.F.);
#7193=ORIENTED_EDGE('',*,*,#7142,.F.);
#7195=ORIENTED_EDGE('',*,*,#7194,.F.);
#7196=EDGE_LOOP('',(#7188,#7189,#7191,#7192,#7193,#7195));
#7197=FACE_OUTER_BOUND('',#7196,.F.);
#7199=CARTESIAN_POINT('',(0.E0,0.E0,-7.62E1));
#7200=DIRECTION('',(0.E0,0.E0,-1.E0));
#7201=DIRECTION('',(-1.E0,0.E0,0.E0));
#7202=AXIS2_PLACEMENT_3D('',#7199,#7200,#7201);
#7203=PLANE('',#7202);
#7204=ORIENTED_EDGE('',*,*,#7173,.F.);
#7205=ORIENTED_EDGE('',*,*,#7190,.F.);
#7206=EDGE_LOOP('',(#7204,#7205));
#7207=FACE_OUTER_BOUND('',#7206,.F.);
#7209=ORIENTED_EDGE('',*,*,#7208,.T.);
#7211=ORIENTED_EDGE('',*,*,#7210,.T.);
#7212=EDGE_LOOP('',(#7209,#7211));
#7213=FACE_BOUND('',#7212,.F.);
#7215=ORIENTED_EDGE('',*,*,#7214,.F.);
#7217=ORIENTED_EDGE('',*,*,#7216,.F.);
#7219=ORIENTED_EDGE('',*,*,#7218,.F.);
#7221=ORIENTED_EDGE('',*,*,#7220,.F.);
#7222=EDGE_LOOP('',(#7215,#7217,#7219,#7221));
#7223=FACE_BOUND('',#7222,.F.);
#7225=ORIENTED_EDGE('',*,*,#7224,.T.);
#7227=ORIENTED_EDGE('',*,*,#7226,.T.);
#7228=EDGE_LOOP('',(#7225,#7227));
#7229=FACE_BOUND('',#7228,.F.);
#7231=ORIENTED_EDGE('',*,*,#7230,.T.);
#7233=ORIENTED_EDGE('',*,*,#7232,.T.);
#7234=EDGE_LOOP('',(#7231,#7233));
#7235=FACE_BOUND('',#7234,.F.);
#7237=ORIENTED_EDGE('',*,*,#7236,.T.);
#7239=ORIENTED_EDGE('',*,*,#7238,.T.);
#7240=EDGE_LOOP('',(#7237,#7239));
#7241=FACE_BOUND('',#7240,.F.);
#7243=ORIENTED_EDGE('',*,*,#7242,.T.);
#7245=ORIENTED_EDGE('',*,*,#7244,.T.);
#7246=EDGE_LOOP('',(#7243,#7245));
#7247=FACE_BOUND('',#7246,.F.);
#7249=CARTESIAN_POINT('',(0.E0,-2.032E1,-8.103929333289E1));
#7250=DIRECTION('',(0.E0,0.E0,1.E0));
#7251=DIRECTION('',(0.E0,-1.E0,0.E0));
#7252=AXIS2_PLACEMENT_3D('',#7249,#7250,#7251);
#7253=CONICAL_SURFACE('',#7252,3.365883383124E0,3.E0);
#7255=ORIENTED_EDGE('',*,*,#7254,.T.);
#7257=ORIENTED_EDGE('',*,*,#7256,.F.);
#7258=ORIENTED_EDGE('',*,*,#7208,.F.);
#7260=ORIENTED_EDGE('',*,*,#7259,.T.);
#7261=EDGE_LOOP('',(#7255,#7257,#7258,#7260));
#7262=FACE_OUTER_BOUND('',#7261,.F.);
#7264=CARTESIAN_POINT('',(0.E0,-2.032E1,-8.5852E1));
#7265=DIRECTION('',(0.E0,0.E0,-1.E0));
#7266=DIRECTION('',(-4.585599451952E-3,9.999894860836E-1,0.E0));
#7267=AXIS2_PLACEMENT_3D('',#7264,#7265,#7266);
#7268=TOROIDAL_SURFACE('',#7267,2.604962962593E0,5.08E-1);
#7270=ORIENTED_EDGE('',*,*,#7269,.T.);
#7272=ORIENTED_EDGE('',*,*,#7271,.T.);
#7273=ORIENTED_EDGE('',*,*,#7254,.F.);
#7275=ORIENTED_EDGE('',*,*,#7274,.F.);
#7276=EDGE_LOOP('',(#7270,#7272,#7273,#7275));
#7277=FACE_OUTER_BOUND('',#7276,.F.);
#7279=CARTESIAN_POINT('',(0.E0,0.E0,-8.636E1));
#7280=DIRECTION('',(0.E0,0.E0,-1.E0));
#7281=DIRECTION('',(0.E0,1.E0,0.E0));
#7282=AXIS2_PLACEMENT_3D('',#7279,#7280,#7281);
#7283=PLANE('',#7282);
#7284=ORIENTED_EDGE('',*,*,#7269,.F.);
#7286=ORIENTED_EDGE('',*,*,#7285,.F.);
#7287=EDGE_LOOP('',(#7284,#7286));
#7288=FACE_OUTER_BOUND('',#7287,.F.);
#7290=CARTESIAN_POINT('',(0.E0,-2.032E1,-8.5852E1));
#7291=DIRECTION('',(0.E0,0.E0,-1.E0));
#7292=DIRECTION('',(4.585599451952E-3,-9.999894860836E-1,0.E0));
#7293=AXIS2_PLACEMENT_3D('',#7290,#7291,#7292);
#7294=TOROIDAL_SURFACE('',#7293,2.604962962593E0,5.08E-1);
#7295=ORIENTED_EDGE('',*,*,#7285,.T.);
#7296=ORIENTED_EDGE('',*,*,#7274,.T.);
#7298=ORIENTED_EDGE('',*,*,#7297,.F.);
#7299=ORIENTED_EDGE('',*,*,#7271,.F.);
#7300=EDGE_LOOP('',(#7295,#7296,#7298,#7299));
#7301=FACE_OUTER_BOUND('',#7300,.F.);
#7303=CARTESIAN_POINT('',(0.E0,-2.032E1,-8.103929333289E1));
#7304=DIRECTION('',(0.E0,0.E0,1.E0));
#7305=DIRECTION('',(0.E0,-1.E0,0.E0));
#7306=AXIS2_PLACEMENT_3D('',#7303,#7304,#7305);
#7307=CONICAL_SURFACE('',#7306,3.365883383124E0,3.E0);
#7308=ORIENTED_EDGE('',*,*,#7297,.T.);
#7309=ORIENTED_EDGE('',*,*,#7259,.F.);
#7310=ORIENTED_EDGE('',*,*,#7210,.F.);
#7311=ORIENTED_EDGE('',*,*,#7256,.T.);
#7312=EDGE_LOOP('',(#7308,#7309,#7310,#7311));
#7313=FACE_OUTER_BOUND('',#7312,.F.);
#7315=CARTESIAN_POINT('',(-1.143E0,9.5397852E0,-7.6708E1));
#7316=DIRECTION('',(0.E0,-1.E0,0.E0));
#7317=DIRECTION('',(1.E0,0.E0,0.E0));
#7318=AXIS2_PLACEMENT_3D('',#7315,#7316,#7317);
#7319=CYLINDRICAL_SURFACE('',#7318,5.08E-1);
#7321=ORIENTED_EDGE('',*,*,#7320,.F.);
#7323=ORIENTED_EDGE('',*,*,#7322,.T.);
#7324=ORIENTED_EDGE('',*,*,#7214,.T.);
#7326=ORIENTED_EDGE('',*,*,#7325,.F.);
#7327=EDGE_LOOP('',(#7321,#7323,#7324,#7326));
#7328=FACE_OUTER_BOUND('',#7327,.F.);
#7330=CARTESIAN_POINT('',(-6.35E-1,-1.016E1,-7.62E1));
#7331=DIRECTION('',(-1.E0,0.E0,0.E0));
#7332=DIRECTION('',(0.E0,1.E0,0.E0));
#7333=AXIS2_PLACEMENT_3D('',#7330,#7331,#7332);
#7334=PLANE('',#7333);
#7335=ORIENTED_EDGE('',*,*,#7320,.T.);
#7337=ORIENTED_EDGE('',*,*,#7336,.F.);
#7339=ORIENTED_EDGE('',*,*,#7338,.T.);
#7341=ORIENTED_EDGE('',*,*,#7340,.F.);
#7342=EDGE_LOOP('',(#7335,#7337,#7339,#7341));
#7343=FACE_OUTER_BOUND('',#7342,.F.);
#7345=CARTESIAN_POINT('',(1.217852650929E-14,-9.525E0,-1.98938896E2));
#7346=DIRECTION('',(0.E0,0.E0,1.E0));
#7347=DIRECTION('',(1.E0,0.E0,0.E0));
#7348=AXIS2_PLACEMENT_3D('',#7345,#7346,#7347);
#7349=CYLINDRICAL_SURFACE('',#7348,6.35E-1);
#7351=ORIENTED_EDGE('',*,*,#7350,.T.);
#7353=ORIENTED_EDGE('',*,*,#7352,.F.);
#7355=ORIENTED_EDGE('',*,*,#7354,.T.);
#7356=ORIENTED_EDGE('',*,*,#7336,.T.);
#7357=EDGE_LOOP('',(#7351,#7353,#7355,#7356));
#7358=FACE_OUTER_BOUND('',#7357,.F.);
#7360=CARTESIAN_POINT('',(0.E0,-9.525E0,-7.6708E1));
#7361=DIRECTION('',(0.E0,0.E0,1.E0));
#7362=DIRECTION('',(-9.996778611577E-1,2.538058137835E-2,0.E0));
#7363=AXIS2_PLACEMENT_3D('',#7360,#7361,#7362);
#7364=TOROIDAL_SURFACE('',#7363,1.143E0,5.08E-1);
#7365=ORIENTED_EDGE('',*,*,#7350,.F.);
#7366=ORIENTED_EDGE('',*,*,#7325,.T.);
#7367=ORIENTED_EDGE('',*,*,#7220,.T.);
#7369=ORIENTED_EDGE('',*,*,#7368,.F.);
#7370=EDGE_LOOP('',(#7365,#7366,#7367,#7369));
#7371=FACE_OUTER_BOUND('',#7370,.F.);
#7373=CARTESIAN_POINT('',(1.143E0,-9.5397852E0,-7.6708E1));
#7374=DIRECTION('',(0.E0,1.E0,0.E0));
#7375=DIRECTION('',(-1.E0,0.E0,0.E0));
#7376=AXIS2_PLACEMENT_3D('',#7373,#7374,#7375);
#7377=CYLINDRICAL_SURFACE('',#7376,5.08E-1);
#7379=ORIENTED_EDGE('',*,*,#7378,.F.);
#7380=ORIENTED_EDGE('',*,*,#7368,.T.);
#7381=ORIENTED_EDGE('',*,*,#7218,.T.);
#7383=ORIENTED_EDGE('',*,*,#7382,.F.);
#7384=EDGE_LOOP('',(#7379,#7380,#7381,#7383));
#7385=FACE_OUTER_BOUND('',#7384,.F.);
#7387=CARTESIAN_POINT('',(6.35E-1,1.016E1,-7.62E1));
#7388=DIRECTION('',(1.E0,0.E0,0.E0));
#7389=DIRECTION('',(0.E0,-1.E0,0.E0));
#7390=AXIS2_PLACEMENT_3D('',#7387,#7388,#7389);
#7391=PLANE('',#7390);
#7392=ORIENTED_EDGE('',*,*,#7378,.T.);
#7394=ORIENTED_EDGE('',*,*,#7393,.T.);
#7396=ORIENTED_EDGE('',*,*,#7395,.T.);
#7397=ORIENTED_EDGE('',*,*,#7352,.T.);
#7398=EDGE_LOOP('',(#7392,#7394,#7396,#7397));
#7399=FACE_OUTER_BOUND('',#7398,.F.);
#7401=CARTESIAN_POINT('',(0.E0,9.525E0,1.12578896E2));
#7402=DIRECTION('',(0.E0,0.E0,-1.E0));
#7403=DIRECTION('',(1.E0,0.E0,0.E0));
#7404=AXIS2_PLACEMENT_3D('',#7401,#7402,#7403);
#7405=CYLINDRICAL_SURFACE('',#7404,6.35E-1);
#7407=ORIENTED_EDGE('',*,*,#7406,.T.);
#7408=ORIENTED_EDGE('',*,*,#7340,.T.);
#7410=ORIENTED_EDGE('',*,*,#7409,.T.);
#7411=ORIENTED_EDGE('',*,*,#7393,.F.);
#7412=EDGE_LOOP('',(#7407,#7408,#7410,#7411));
#7413=FACE_OUTER_BOUND('',#7412,.F.);
#7415=CARTESIAN_POINT('',(0.E0,9.525E0,-7.6708E1));
#7416=DIRECTION('',(0.E0,0.E0,-1.E0));
#7417=DIRECTION('',(9.997289450515E-1,-2.328167576165E-2,0.E0));
#7418=AXIS2_PLACEMENT_3D('',#7415,#7416,#7417);
#7419=TOROIDAL_SURFACE('',#7418,1.143E0,5.08E-1);
#7420=ORIENTED_EDGE('',*,*,#7406,.F.);
#7421=ORIENTED_EDGE('',*,*,#7382,.T.);
#7422=ORIENTED_EDGE('',*,*,#7216,.T.);
#7423=ORIENTED_EDGE('',*,*,#7322,.F.);
#7424=EDGE_LOOP('',(#7420,#7421,#7422,#7423));
#7425=FACE_OUTER_BOUND('',#7424,.F.);
#7427=CARTESIAN_POINT('',(0.E0,0.E0,-8.636E1));
#7428=DIRECTION('',(0.E0,0.E0,-1.E0));
#7429=DIRECTION('',(-1.E0,0.E0,0.E0));
#7430=AXIS2_PLACEMENT_3D('',#7427,#7428,#7429);
#7431=PLANE('',#7430);
#7432=ORIENTED_EDGE('',*,*,#7409,.F.);
#7433=ORIENTED_EDGE('',*,*,#7338,.F.);
#7434=ORIENTED_EDGE('',*,*,#7354,.F.);
#7435=ORIENTED_EDGE('',*,*,#7395,.F.);
#7436=EDGE_LOOP('',(#7432,#7433,#7434,#7435));
#7437=FACE_OUTER_BOUND('',#7436,.F.);
#7439=CARTESIAN_POINT('',(1.3335E1,0.E0,0.E0));
#7440=DIRECTION('',(0.E0,0.E0,1.E0));
#7441=DIRECTION('',(1.E0,0.E0,0.E0));
#7442=AXIS2_PLACEMENT_3D('',#7439,#7440,#7441);
#7443=CYLINDRICAL_SURFACE('',#7442,8.255E0);
#7445=ORIENTED_EDGE('',*,*,#7444,.T.);
#7446=ORIENTED_EDGE('',*,*,#7224,.F.);
#7448=ORIENTED_EDGE('',*,*,#7447,.F.);
#7450=ORIENTED_EDGE('',*,*,#7449,.T.);
#7451=EDGE_LOOP('',(#7445,#7446,#7448,#7450));
#7452=FACE_OUTER_BOUND('',#7451,.F.);
#7454=CARTESIAN_POINT('',(1.3335E1,0.E0,0.E0));
#7455=DIRECTION('',(0.E0,0.E0,1.E0));
#7456=DIRECTION('',(1.E0,0.E0,0.E0));
#7457=AXIS2_PLACEMENT_3D('',#7454,#7455,#7456);
#7458=CYLINDRICAL_SURFACE('',#7457,8.255E0);
#7459=ORIENTED_EDGE('',*,*,#7444,.F.);
#7461=ORIENTED_EDGE('',*,*,#7460,.T.);
#7462=ORIENTED_EDGE('',*,*,#7447,.T.);
#7463=ORIENTED_EDGE('',*,*,#7226,.F.);
#7464=EDGE_LOOP('',(#7459,#7461,#7462,#7463));
#7465=FACE_OUTER_BOUND('',#7464,.F.);
#7467=CARTESIAN_POINT('',(0.E0,0.E0,-7.747E1));
#7468=DIRECTION('',(0.E0,0.E0,1.E0));
#7469=DIRECTION('',(1.E0,0.E0,0.E0));
#7470=AXIS2_PLACEMENT_3D('',#7467,#7468,#7469);
#7471=PLANE('',#7470);
#7472=ORIENTED_EDGE('',*,*,#7449,.F.);
#7473=ORIENTED_EDGE('',*,*,#7460,.F.);
#7474=EDGE_LOOP('',(#7472,#7473));
#7475=FACE_OUTER_BOUND('',#7474,.F.);
#7477=ORIENTED_EDGE('',*,*,#7476,.T.);
#7479=ORIENTED_EDGE('',*,*,#7478,.T.);
#7480=EDGE_LOOP('',(#7477,#7479));
#7481=FACE_BOUND('',#7480,.F.);
#7483=CARTESIAN_POINT('',(0.E0,0.E0,-7.747E1));
#7484=DIRECTION('',(0.E0,0.E0,1.E0));
#7485=DIRECTION('',(1.E0,0.E0,0.E0));
#7486=AXIS2_PLACEMENT_3D('',#7483,#7484,#7485);
#7487=PLANE('',#7486);
#7489=ORIENTED_EDGE('',*,*,#7488,.F.);
#7491=ORIENTED_EDGE('',*,*,#7490,.F.);
#7492=EDGE_LOOP('',(#7489,#7491));
#7493=FACE_OUTER_BOUND('',#7492,.F.);
#7495=ORIENTED_EDGE('',*,*,#7494,.T.);
#7497=ORIENTED_EDGE('',*,*,#7496,.T.);
#7498=EDGE_LOOP('',(#7495,#7497));
#7499=FACE_BOUND('',#7498,.F.);
#7501=CARTESIAN_POINT('',(-1.3335E1,0.E0,0.E0));
#7502=DIRECTION('',(0.E0,0.E0,1.E0));
#7503=DIRECTION('',(1.E0,0.E0,0.E0));
#7504=AXIS2_PLACEMENT_3D('',#7501,#7502,#7503);
#7505=CYLINDRICAL_SURFACE('',#7504,8.255E0);
#7507=ORIENTED_EDGE('',*,*,#7506,.T.);
#7508=ORIENTED_EDGE('',*,*,#7230,.F.);
#7510=ORIENTED_EDGE('',*,*,#7509,.F.);
#7511=ORIENTED_EDGE('',*,*,#7488,.T.);
#7512=EDGE_LOOP('',(#7507,#7508,#7510,#7511));
#7513=FACE_OUTER_BOUND('',#7512,.F.);
#7515=CARTESIAN_POINT('',(-1.3335E1,0.E0,0.E0));
#7516=DIRECTION('',(0.E0,0.E0,1.E0));
#7517=DIRECTION('',(1.E0,0.E0,0.E0));
#7518=AXIS2_PLACEMENT_3D('',#7515,#7516,#7517);
#7519=CYLINDRICAL_SURFACE('',#7518,8.255E0);
#7520=ORIENTED_EDGE('',*,*,#7506,.F.);
#7521=ORIENTED_EDGE('',*,*,#7490,.T.);
#7522=ORIENTED_EDGE('',*,*,#7509,.T.);
#7523=ORIENTED_EDGE('',*,*,#7232,.F.);
#7524=EDGE_LOOP('',(#7520,#7521,#7522,#7523));
#7525=FACE_OUTER_BOUND('',#7524,.F.);
#7527=CARTESIAN_POINT('',(-1.3335E1,-1.665334536938E-14,-7.747E1));
#7528=DIRECTION('',(0.E0,0.E0,-1.E0));
#7529=DIRECTION('',(1.E0,0.E0,0.E0));
#7530=AXIS2_PLACEMENT_3D('',#7527,#7528,#7529);
#7531=CYLINDRICAL_SURFACE('',#7530,7.7724E0);
#7533=ORIENTED_EDGE('',*,*,#7532,.T.);
#7535=ORIENTED_EDGE('',*,*,#7534,.F.);
#7536=ORIENTED_EDGE('',*,*,#7494,.F.);
#7538=ORIENTED_EDGE('',*,*,#7537,.T.);
#7539=EDGE_LOOP('',(#7533,#7535,#7536,#7538));
#7540=FACE_OUTER_BOUND('',#7539,.F.);
#7542=CARTESIAN_POINT('',(0.E0,0.E0,-7.8867E1));
#7543=DIRECTION('',(0.E0,0.E0,-1.E0));
#7544=DIRECTION('',(1.E0,0.E0,0.E0));
#7545=AXIS2_PLACEMENT_3D('',#7542,#7543,#7544);
#7546=PLANE('',#7545);
#7548=ORIENTED_EDGE('',*,*,#7547,.T.);
#7550=ORIENTED_EDGE('',*,*,#7549,.T.);
#7551=EDGE_LOOP('',(#7548,#7550));
#7552=FACE_OUTER_BOUND('',#7551,.F.);
#7553=ORIENTED_EDGE('',*,*,#7532,.F.);
#7555=ORIENTED_EDGE('',*,*,#7554,.F.);
#7556=EDGE_LOOP('',(#7553,#7555));
#7557=FACE_BOUND('',#7556,.F.);
#7559=CARTESIAN_POINT('',(0.E0,0.E0,-7.8867E1));
#7560=DIRECTION('',(0.E0,0.E0,-1.E0));
#7561=DIRECTION('',(1.E0,0.E0,0.E0));
#7562=AXIS2_PLACEMENT_3D('',#7559,#7560,#7561);
#7563=PLANE('',#7562);
#7565=ORIENTED_EDGE('',*,*,#7564,.T.);
#7567=ORIENTED_EDGE('',*,*,#7566,.T.);
#7568=EDGE_LOOP('',(#7565,#7567));
#7569=FACE_OUTER_BOUND('',#7568,.F.);
#7571=ORIENTED_EDGE('',*,*,#7570,.F.);
#7573=ORIENTED_EDGE('',*,*,#7572,.F.);
#7574=EDGE_LOOP('',(#7571,#7573));
#7575=FACE_BOUND('',#7574,.F.);
#7577=CARTESIAN_POINT('',(-1.3335E1,-1.665334536938E-14,-7.8867E1));
#7578=DIRECTION('',(0.E0,0.E0,-1.E0));
#7579=DIRECTION('',(1.E0,0.E0,0.E0));
#7580=AXIS2_PLACEMENT_3D('',#7577,#7578,#7579);
#7581=CYLINDRICAL_SURFACE('',#7580,7.9883E0);
#7582=ORIENTED_EDGE('',*,*,#7547,.F.);
#7584=ORIENTED_EDGE('',*,*,#7583,.T.);
#7586=ORIENTED_EDGE('',*,*,#7585,.T.);
#7588=ORIENTED_EDGE('',*,*,#7587,.F.);
#7589=EDGE_LOOP('',(#7582,#7584,#7586,#7588));
#7590=FACE_OUTER_BOUND('',#7589,.F.);
#7592=CARTESIAN_POINT('',(-1.3335E1,-1.665334536938E-14,-7.8867E1));
#7593=DIRECTION('',(0.E0,0.E0,-1.E0));
#7594=DIRECTION('',(1.E0,0.E0,0.E0));
#7595=AXIS2_PLACEMENT_3D('',#7592,#7593,#7594);
#7596=CYLINDRICAL_SURFACE('',#7595,7.9883E0);
#7597=ORIENTED_EDGE('',*,*,#7549,.F.);
#7598=ORIENTED_EDGE('',*,*,#7587,.T.);
#7600=ORIENTED_EDGE('',*,*,#7599,.T.);
#7601=ORIENTED_EDGE('',*,*,#7583,.F.);
#7602=EDGE_LOOP('',(#7597,#7598,#7600,#7601));
#7603=FACE_OUTER_BOUND('',#7602,.F.);
#7605=CARTESIAN_POINT('',(0.E0,0.E0,-8.046466E1));
#7606=DIRECTION('',(0.E0,0.E0,-1.E0));
#7607=DIRECTION('',(1.E0,0.E0,0.E0));
#7608=AXIS2_PLACEMENT_3D('',#7605,#7606,#7607);
#7609=PLANE('',#7608);
#7610=ORIENTED_EDGE('',*,*,#7585,.F.);
#7611=ORIENTED_EDGE('',*,*,#7599,.F.);
#7612=EDGE_LOOP('',(#7610,#7611));
#7613=FACE_OUTER_BOUND('',#7612,.F.);
#7615=ORIENTED_EDGE('',*,*,#7614,.T.);
#7617=ORIENTED_EDGE('',*,*,#7616,.T.);
#7619=ORIENTED_EDGE('',*,*,#7618,.T.);
#7621=ORIENTED_EDGE('',*,*,#7620,.T.);
#7623=ORIENTED_EDGE('',*,*,#7622,.T.);
#7625=ORIENTED_EDGE('',*,*,#7624,.T.);
#7626=EDGE_LOOP('',(#7615,#7617,#7619,#7621,#7623,#7625));
#7627=FACE_BOUND('',#7626,.F.);
#7629=CARTESIAN_POINT('',(0.E0,0.E0,-8.046466E1));
#7630=DIRECTION('',(0.E0,0.E0,-1.E0));
#7631=DIRECTION('',(1.E0,0.E0,0.E0));
#7632=AXIS2_PLACEMENT_3D('',#7629,#7630,#7631);
#7633=PLANE('',#7632);
#7635=ORIENTED_EDGE('',*,*,#7634,.F.);
#7637=ORIENTED_EDGE('',*,*,#7636,.F.);
#7638=EDGE_LOOP('',(#7635,#7637));
#7639=FACE_OUTER_BOUND('',#7638,.F.);
#7641=ORIENTED_EDGE('',*,*,#7640,.T.);
#7643=ORIENTED_EDGE('',*,*,#7642,.T.);
#7645=ORIENTED_EDGE('',*,*,#7644,.T.);
#7647=ORIENTED_EDGE('',*,*,#7646,.T.);
#7649=ORIENTED_EDGE('',*,*,#7648,.T.);
#7651=ORIENTED_EDGE('',*,*,#7650,.T.);
#7652=EDGE_LOOP('',(#7641,#7643,#7645,#7647,#7649,#7651));
#7653=FACE_BOUND('',#7652,.F.);
#7655=CARTESIAN_POINT('',(1.3335E1,0.E0,-7.8867E1));
#7656=DIRECTION('',(0.E0,0.E0,-1.E0));
#7657=DIRECTION('',(1.E0,0.E0,0.E0));
#7658=AXIS2_PLACEMENT_3D('',#7655,#7656,#7657);
#7659=CYLINDRICAL_SURFACE('',#7658,7.9883E0);
#7660=ORIENTED_EDGE('',*,*,#7564,.F.);
#7662=ORIENTED_EDGE('',*,*,#7661,.T.);
#7663=ORIENTED_EDGE('',*,*,#7634,.T.);
#7665=ORIENTED_EDGE('',*,*,#7664,.F.);
#7666=EDGE_LOOP('',(#7660,#7662,#7663,#7665));
#7667=FACE_OUTER_BOUND('',#7666,.F.);
#7669=CARTESIAN_POINT('',(1.3335E1,0.E0,-7.8867E1));
#7670=DIRECTION('',(0.E0,0.E0,-1.E0));
#7671=DIRECTION('',(1.E0,0.E0,0.E0));
#7672=AXIS2_PLACEMENT_3D('',#7669,#7670,#7671);
#7673=CYLINDRICAL_SURFACE('',#7672,7.9883E0);
#7674=ORIENTED_EDGE('',*,*,#7566,.F.);
#7675=ORIENTED_EDGE('',*,*,#7664,.T.);
#7676=ORIENTED_EDGE('',*,*,#7636,.T.);
#7677=ORIENTED_EDGE('',*,*,#7661,.F.);
#7678=EDGE_LOOP('',(#7674,#7675,#7676,#7677));
#7679=FACE_OUTER_BOUND('',#7678,.F.);
#7681=CARTESIAN_POINT('',(-1.956172265321E1,-3.595E0,-8.046466E1));
#7682=DIRECTION('',(-1.E0,0.E0,0.E0));
#7683=DIRECTION('',(0.E0,1.E0,0.E0));
#7684=AXIS2_PLACEMENT_3D('',#7681,#7682,#7683);
#7685=PLANE('',#7684);
#7687=ORIENTED_EDGE('',*,*,#7686,.T.);
#7689=ORIENTED_EDGE('',*,*,#7688,.T.);
#7691=ORIENTED_EDGE('',*,*,#7690,.F.);
#7692=ORIENTED_EDGE('',*,*,#7614,.F.);
#7693=EDGE_LOOP('',(#7687,#7689,#7691,#7692));
#7694=FACE_OUTER_BOUND('',#7693,.F.);
#7696=CARTESIAN_POINT('',(-1.3335E1,-7.19E0,-8.046466E1));
#7697=DIRECTION('',(-5.E-1,-8.660254037844E-1,0.E0));
#7698=DIRECTION('',(-8.660254037844E-1,5.E-1,0.E0));
#7699=AXIS2_PLACEMENT_3D('',#7696,#7697,#7698);
#7700=PLANE('',#7699);
#7701=ORIENTED_EDGE('',*,*,#7686,.F.);
#7702=ORIENTED_EDGE('',*,*,#7624,.F.);
#7704=ORIENTED_EDGE('',*,*,#7703,.T.);
#7706=ORIENTED_EDGE('',*,*,#7705,.T.);
#7707=EDGE_LOOP('',(#7701,#7702,#7704,#7706));
#7708=FACE_OUTER_BOUND('',#7707,.F.);
#7710=CARTESIAN_POINT('',(-7.108277346790E0,-3.595E0,-8.046466E1));
#7711=DIRECTION('',(5.E-1,-8.660254037844E-1,0.E0));
#7712=DIRECTION('',(-8.660254037844E-1,-5.E-1,0.E0));
#7713=AXIS2_PLACEMENT_3D('',#7710,#7711,#7712);
#7714=PLANE('',#7713);
#7716=ORIENTED_EDGE('',*,*,#7715,.T.);
#7718=ORIENTED_EDGE('',*,*,#7717,.T.);
#7719=ORIENTED_EDGE('',*,*,#7703,.F.);
#7720=ORIENTED_EDGE('',*,*,#7622,.F.);
#7721=EDGE_LOOP('',(#7716,#7718,#7719,#7720));
#7722=FACE_OUTER_BOUND('',#7721,.F.);
#7724=CARTESIAN_POINT('',(-7.108277346790E0,3.595E0,-8.046466E1));
#7725=DIRECTION('',(1.E0,0.E0,0.E0));
#7726=DIRECTION('',(0.E0,-1.E0,0.E0));
#7727=AXIS2_PLACEMENT_3D('',#7724,#7725,#7726);
#7728=PLANE('',#7727);
#7730=ORIENTED_EDGE('',*,*,#7729,.T.);
#7732=ORIENTED_EDGE('',*,*,#7731,.T.);
#7733=ORIENTED_EDGE('',*,*,#7715,.F.);
#7734=ORIENTED_EDGE('',*,*,#7620,.F.);
#7735=EDGE_LOOP('',(#7730,#7732,#7733,#7734));
#7736=FACE_OUTER_BOUND('',#7735,.F.);
#7738=CARTESIAN_POINT('',(-1.3335E1,7.19E0,-8.046466E1));
#7739=DIRECTION('',(5.E-1,8.660254037844E-1,0.E0));
#7740=DIRECTION('',(8.660254037844E-1,-5.E-1,0.E0));
#7741=AXIS2_PLACEMENT_3D('',#7738,#7739,#7740);
#7742=PLANE('',#7741);
#7744=ORIENTED_EDGE('',*,*,#7743,.T.);
#7746=ORIENTED_EDGE('',*,*,#7745,.T.);
#7747=ORIENTED_EDGE('',*,*,#7729,.F.);
#7748=ORIENTED_EDGE('',*,*,#7618,.F.);
#7749=EDGE_LOOP('',(#7744,#7746,#7747,#7748));
#7750=FACE_OUTER_BOUND('',#7749,.F.);
#7752=CARTESIAN_POINT('',(-1.956172265321E1,3.595E0,-8.046466E1));
#7753=DIRECTION('',(-5.E-1,8.660254037844E-1,0.E0));
#7754=DIRECTION('',(8.660254037844E-1,5.E-1,0.E0));
#7755=AXIS2_PLACEMENT_3D('',#7752,#7753,#7754);
#7756=PLANE('',#7755);
#7757=ORIENTED_EDGE('',*,*,#7690,.T.);
#7759=ORIENTED_EDGE('',*,*,#7758,.T.);
#7760=ORIENTED_EDGE('',*,*,#7743,.F.);
#7761=ORIENTED_EDGE('',*,*,#7616,.F.);
#7762=EDGE_LOOP('',(#7757,#7759,#7760,#7761));
#7763=FACE_OUTER_BOUND('',#7762,.F.);
#7765=CARTESIAN_POINT('',(0.E0,0.E0,-8.696466E1));
#7766=DIRECTION('',(0.E0,0.E0,-1.E0));
#7767=DIRECTION('',(0.E0,1.E0,0.E0));
#7768=AXIS2_PLACEMENT_3D('',#7765,#7766,#7767);
#7769=PLANE('',#7768);
#7770=ORIENTED_EDGE('',*,*,#7688,.F.);
#7771=ORIENTED_EDGE('',*,*,#7705,.F.);
#7772=ORIENTED_EDGE('',*,*,#7717,.F.);
#7773=ORIENTED_EDGE('',*,*,#7731,.F.);
#7774=ORIENTED_EDGE('',*,*,#7745,.F.);
#7775=ORIENTED_EDGE('',*,*,#7758,.F.);
#7776=EDGE_LOOP('',(#7770,#7771,#7772,#7773,#7774,#7775));
#7777=FACE_OUTER_BOUND('',#7776,.F.);
#7779=ORIENTED_EDGE('',*,*,#7778,.F.);
#7781=ORIENTED_EDGE('',*,*,#7780,.F.);
#7783=ORIENTED_EDGE('',*,*,#7782,.F.);
#7785=ORIENTED_EDGE('',*,*,#7784,.T.);
#7786=EDGE_LOOP('',(#7779,#7781,#7783,#7785));
#7787=FACE_BOUND('',#7786,.F.);
#7789=CARTESIAN_POINT('',(0.E0,0.E0,-8.696466E1));
#7790=DIRECTION('',(0.E0,0.E0,-1.E0));
#7791=DIRECTION('',(0.E0,1.E0,0.E0));
#7792=AXIS2_PLACEMENT_3D('',#7789,#7790,#7791);
#7793=PLANE('',#7792);
#7795=ORIENTED_EDGE('',*,*,#7794,.F.);
#7797=ORIENTED_EDGE('',*,*,#7796,.F.);
#7799=ORIENTED_EDGE('',*,*,#7798,.F.);
#7801=ORIENTED_EDGE('',*,*,#7800,.F.);
#7803=ORIENTED_EDGE('',*,*,#7802,.F.);
#7805=ORIENTED_EDGE('',*,*,#7804,.F.);
#7806=EDGE_LOOP('',(#7795,#7797,#7799,#7801,#7803,#7805));
#7807=FACE_OUTER_BOUND('',#7806,.F.);
#7809=ORIENTED_EDGE('',*,*,#7808,.F.);
#7811=ORIENTED_EDGE('',*,*,#7810,.F.);
#7813=ORIENTED_EDGE('',*,*,#7812,.F.);
#7815=ORIENTED_EDGE('',*,*,#7814,.T.);
#7816=EDGE_LOOP('',(#7809,#7811,#7813,#7815));
#7817=FACE_BOUND('',#7816,.F.);
#7819=CARTESIAN_POINT('',(7.108277346790E0,-3.595E0,-8.046466E1));
#7820=DIRECTION('',(-1.E0,0.E0,0.E0));
#7821=DIRECTION('',(0.E0,1.E0,0.E0));
#7822=AXIS2_PLACEMENT_3D('',#7819,#7820,#7821);
#7823=PLANE('',#7822);
#7825=ORIENTED_EDGE('',*,*,#7824,.T.);
#7826=ORIENTED_EDGE('',*,*,#7794,.T.);
#7828=ORIENTED_EDGE('',*,*,#7827,.F.);
#7829=ORIENTED_EDGE('',*,*,#7640,.F.);
#7830=EDGE_LOOP('',(#7825,#7826,#7828,#7829));
#7831=FACE_OUTER_BOUND('',#7830,.F.);
#7833=CARTESIAN_POINT('',(1.3335E1,-7.19E0,-8.046466E1));
#7834=DIRECTION('',(-5.E-1,-8.660254037844E-1,0.E0));
#7835=DIRECTION('',(-8.660254037844E-1,5.E-1,0.E0));
#7836=AXIS2_PLACEMENT_3D('',#7833,#7834,#7835);
#7837=PLANE('',#7836);
#7838=ORIENTED_EDGE('',*,*,#7824,.F.);
#7839=ORIENTED_EDGE('',*,*,#7650,.F.);
#7841=ORIENTED_EDGE('',*,*,#7840,.T.);
#7842=ORIENTED_EDGE('',*,*,#7796,.T.);
#7843=EDGE_LOOP('',(#7838,#7839,#7841,#7842));
#7844=FACE_OUTER_BOUND('',#7843,.F.);
#7846=CARTESIAN_POINT('',(1.956172265321E1,-3.595E0,-8.046466E1));
#7847=DIRECTION('',(5.E-1,-8.660254037844E-1,0.E0));
#7848=DIRECTION('',(-8.660254037844E-1,-5.E-1,0.E0));
#7849=AXIS2_PLACEMENT_3D('',#7846,#7847,#7848);
#7850=PLANE('',#7849);
#7852=ORIENTED_EDGE('',*,*,#7851,.T.);
#7853=ORIENTED_EDGE('',*,*,#7798,.T.);
#7854=ORIENTED_EDGE('',*,*,#7840,.F.);
#7855=ORIENTED_EDGE('',*,*,#7648,.F.);
#7856=EDGE_LOOP('',(#7852,#7853,#7854,#7855));
#7857=FACE_OUTER_BOUND('',#7856,.F.);
#7859=CARTESIAN_POINT('',(1.956172265321E1,3.595E0,-8.046466E1));
#7860=DIRECTION('',(1.E0,0.E0,0.E0));
#7861=DIRECTION('',(0.E0,-1.E0,0.E0));
#7862=AXIS2_PLACEMENT_3D('',#7859,#7860,#7861);
#7863=PLANE('',#7862);
#7865=ORIENTED_EDGE('',*,*,#7864,.T.);
#7866=ORIENTED_EDGE('',*,*,#7800,.T.);
#7867=ORIENTED_EDGE('',*,*,#7851,.F.);
#7868=ORIENTED_EDGE('',*,*,#7646,.F.);
#7869=EDGE_LOOP('',(#7865,#7866,#7867,#7868));
#7870=FACE_OUTER_BOUND('',#7869,.F.);
#7872=CARTESIAN_POINT('',(1.3335E1,7.19E0,-8.046466E1));
#7873=DIRECTION('',(5.E-1,8.660254037844E-1,0.E0));
#7874=DIRECTION('',(8.660254037844E-1,-5.E-1,0.E0));
#7875=AXIS2_PLACEMENT_3D('',#7872,#7873,#7874);
#7876=PLANE('',#7875);
#7878=ORIENTED_EDGE('',*,*,#7877,.T.);
#7879=ORIENTED_EDGE('',*,*,#7802,.T.);
#7880=ORIENTED_EDGE('',*,*,#7864,.F.);
#7881=ORIENTED_EDGE('',*,*,#7644,.F.);
#7882=EDGE_LOOP('',(#7878,#7879,#7880,#7881));
#7883=FACE_OUTER_BOUND('',#7882,.F.);
#7885=CARTESIAN_POINT('',(7.108277346790E0,3.595E0,-8.046466E1));
#7886=DIRECTION('',(-5.E-1,8.660254037844E-1,0.E0));
#7887=DIRECTION('',(8.660254037844E-1,5.E-1,0.E0));
#7888=AXIS2_PLACEMENT_3D('',#7885,#7886,#7887);
#7889=PLANE('',#7888);
#7890=ORIENTED_EDGE('',*,*,#7827,.T.);
#7891=ORIENTED_EDGE('',*,*,#7804,.T.);
#7892=ORIENTED_EDGE('',*,*,#7877,.F.);
#7893=ORIENTED_EDGE('',*,*,#7642,.F.);
#7894=EDGE_LOOP('',(#7890,#7891,#7892,#7893));
#7895=FACE_OUTER_BOUND('',#7894,.F.);
#7897=CARTESIAN_POINT('',(-1.340952530245E1,-4.012839675372E0,-9.04758818E1));
#7898=CARTESIAN_POINT('',(-1.303425475445E1,-4.019809091883E0,
-9.045727709375E1));
#7899=CARTESIAN_POINT('',(-1.228179067730E1,-3.927771685127E0,
-9.042006768125E1));
#7900=CARTESIAN_POINT('',(-1.123541413044E1,-3.482585262458E0,
-9.036425356250E1));
#7901=CARTESIAN_POINT('',(-1.035322369818E1,-2.765078907860E0,
-9.030843944375E1));
#7902=CARTESIAN_POINT('',(-9.704189834227E0,-1.831358050586E0,
-9.025262532500E1));
#7903=CARTESIAN_POINT('',(-9.339066816930E0,-7.544346641188E-1,
-9.019681120625E1));
#7904=CARTESIAN_POINT('',(-9.286404461657E0,3.814815206366E-1,
-9.014099708750E1));
#7905=CARTESIAN_POINT('',(-9.550320920336E0,1.487567868452E0,
-9.008518296875E1));
#7906=CARTESIAN_POINT('',(-1.011017925858E1,2.477334274108E0,-9.002936885E1));
#7907=CARTESIAN_POINT('',(-1.092220153137E1,3.273386238309E0,
-8.997355473125E1));
#7908=CARTESIAN_POINT('',(-1.192289188597E1,3.813476706435E0,
-8.991774061250E1));
#7909=CARTESIAN_POINT('',(-1.303400162892E1,4.055373459588E0,
-8.986192649375E1));
#7910=CARTESIAN_POINT('',(-1.416864785292E1,3.980161450674E0,
-8.980611237500E1));
#7911=CARTESIAN_POINT('',(-1.523810722269E1,3.593721861116E0,
-8.975029825625E1));
#7912=CARTESIAN_POINT('',(-1.615875367017E1,2.926272223546E0,
-8.969448413750E1));
#7913=CARTESIAN_POINT('',(-1.685859751103E1,2.030003570534E0,
-8.963867001875E1));
#7914=CARTESIAN_POINT('',(-1.728291465727E1,9.749993717940E-1,-8.95828559E1));
#7915=CARTESIAN_POINT('',(-1.739852575161E1,-1.562446225860E-1,
-8.952704178125E1));
#7916=CARTESIAN_POINT('',(-1.719639061776E1,-1.275271113611E0,
-8.947122766250E1));
#7917=CARTESIAN_POINT('',(-1.669231515440E1,-2.294578146450E0,
-8.941541354375E1));
#7918=CARTESIAN_POINT('',(-1.592571539751E1,-3.134461300642E0,
-8.935959942500E1));
#7919=CARTESIAN_POINT('',(-1.495653539475E1,-3.729246154346E0,
-8.930378530625E1));
#7920=CARTESIAN_POINT('',(-1.386055989786E1,-4.032423676883E0,
-8.924797118750E1));
#7921=CARTESIAN_POINT('',(-1.272348839581E1,-4.020286989018E0,
-8.919215706875E1));
#7922=CARTESIAN_POINT('',(-1.163423386789E1,-3.693785115570E0,-8.913634295E1));
#7923=CARTESIAN_POINT('',(-1.067797025884E1,-3.078448776688E0,
-8.908052883125E1));
#7924=CARTESIAN_POINT('',(-9.929472326697E0,-2.222394020531E0,
-8.902471471250E1));
#7925=CARTESIAN_POINT('',(-9.447268652145E0,-1.192559802706E0,
-8.896890059375E1));
#7926=CARTESIAN_POINT('',(-9.269065012915E0,-6.947371387720E-2,
-8.891308647500E1));
#7927=CARTESIAN_POINT('',(-9.408795991356E0,1.059044852040E0,
-8.885727235625E1));
#7928=CARTESIAN_POINT('',(-9.855535363772E0,2.104751710145E0,
-8.880145823750E1));
#7929=CARTESIAN_POINT('',(-1.057435047334E1,2.985878113230E0,
-8.874564411875E1));
#7930=CARTESIAN_POINT('',(-1.150903377917E1,3.633524635462E0,-8.868983E1));
#7931=CARTESIAN_POINT('',(-1.258649798881E1,3.997048743182E0,
-8.863401588125E1));
#7932=CARTESIAN_POINT('',(-1.372249109808E1,4.048024773273E0,
-8.857820176250E1));
#7933=CARTESIAN_POINT('',(-1.482818445231E1,3.782466669714E0,
-8.852238764375E1));
#7934=CARTESIAN_POINT('',(-1.581711867747E1,3.221139672084E0,
-8.846657352500E1));
#7935=CARTESIAN_POINT('',(-1.661196434606E1,2.407936583626E0,
-8.841075940625E1));
#7936=CARTESIAN_POINT('',(-1.715056872949E1,1.406445586108E0,
-8.835494528750E1));
#7937=CARTESIAN_POINT('',(-1.739081581279E1,2.949779802291E-1,
-8.829913116875E1));
#7938=CARTESIAN_POINT('',(-1.731391954435E1,-8.395553440304E-1,-8.824331705E1));
#7939=CARTESIAN_POINT('',(-1.692589280578E1,-1.908439879471E0,
-8.818750293125E1));
#7940=CARTESIAN_POINT('',(-1.625707723636E1,-2.828094507066E0,
-8.813168881250E1));
#7941=CARTESIAN_POINT('',(-1.535977067731E1,-3.526607097541E0,
-8.807587469375E1));
#7942=CARTESIAN_POINT('',(-1.430413775712E1,-3.949357659651E0,
-8.802006057500E1));
#7943=CARTESIAN_POINT('',(-1.317272338856E1,-4.063289334702E0,
-8.796424645625E1));
#7944=CARTESIAN_POINT('',(-1.205399819300E1,-3.859493268109E0,
-8.790843233750E1));
#7945=CARTESIAN_POINT('',(-1.103544056554E1,-3.353905234724E0,
-8.785261821875E1));
#7946=CARTESIAN_POINT('',(-1.019669632711E1,-2.586059545499E0,-8.77968041E1));
#7947=CARTESIAN_POINT('',(-9.603350842366E0,-1.615997673407E0,
-8.774098998125E1));
#7948=CARTESIAN_POINT('',(-9.301800590939E0,-5.195733277174E-1,
-8.768517586250E1));
#7949=CARTESIAN_POINT('',(-9.315625208069E0,6.174789049943E-1,
-8.762936174375E1));
#7950=CARTESIAN_POINT('',(-9.643743681795E0,1.706247552212E0,
-8.757354762500E1));
#7951=CARTESIAN_POINT('',(-1.026049888236E1,2.661596662484E0,
-8.751773350625E1));
#7952=CARTESIAN_POINT('',(-1.111766381418E1,3.408822986792E0,
-8.746191938750E1));
#7953=CARTESIAN_POINT('',(-1.214821271158E1,3.889497377220E0,
-8.740610526875E1));
#7954=CARTESIAN_POINT('',(-1.327156210047E1,4.066033638921E0,-8.735029115E1));
#7955=CARTESIAN_POINT('',(-1.439987199550E1,3.924627566087E0,
-8.729447703125E1));
#7956=CARTESIAN_POINT('',(-1.544491453903E1,3.476336379245E0,
-8.723866291250E1));
#7957=CARTESIAN_POINT('',(-1.632497289135E1,2.756214029244E0,
-8.718284879375E1));
#7958=CARTESIAN_POINT('',(-1.697123128578E1,1.820570461587E0,
-8.712703467500E1));
#7959=CARTESIAN_POINT('',(-1.733315519834E1,7.425673644744E-1,
-8.707122055625E1));
#7960=CARTESIAN_POINT('',(-1.738244608786E1,-3.934985384880E-1,
-8.701540643750E1));
#7961=CARTESIAN_POINT('',(-1.711524222134E1,-1.498802533986E0,
-8.695959231875E1));
#7962=CARTESIAN_POINT('',(-1.674005761874E1,-2.157520672199E0,
-8.692238290625E1));
#7963=CARTESIAN_POINT('',(-1.651052022252E1,-2.454487237149E0,-8.69037782E1));
#7964=CARTESIAN_POINT('',(-1.340517008542E1,-3.778331566945E0,
-9.034046513333E1));
#7965=CARTESIAN_POINT('',(-1.305183013856E1,-3.784893694649E0,
-9.032186042708E1));
#7966=CARTESIAN_POINT('',(-1.234333964163E1,-3.698234902518E0,
-9.028465101458E1));
#7967=CARTESIAN_POINT('',(-1.135811275550E1,-3.279064925639E0,
-9.022883689583E1));
#7968=CARTESIAN_POINT('',(-1.052747703917E1,-2.603489241491E0,
-9.017302277708E1));
#7969=CARTESIAN_POINT('',(-9.916372351575E0,-1.724334509393E0,
-9.011720865833E1));
#7970=CARTESIAN_POINT('',(-9.572586919394E0,-7.103459238933E-1,
-9.006139453958E1));
#7971=CARTESIAN_POINT('',(-9.523002122737E0,3.591879537260E-1,
-9.000558042083E1));
#7972=CARTESIAN_POINT('',(-9.771495451036E0,1.400635233408E0,
-8.994976630208E1));
#7973=CARTESIAN_POINT('',(-1.029863598082E1,2.332560243357E0,
-8.989395218333E1));
#7974=CARTESIAN_POINT('',(-1.106320412571E1,3.082091375570E0,
-8.983813806458E1));
#7975=CARTESIAN_POINT('',(-1.200541469513E1,3.590619258518E0,
-8.978232394583E1));
#7976=CARTESIAN_POINT('',(-1.305159180555E1,3.818379700577E0,
-8.972650982708E1));
#7977=CARTESIAN_POINT('',(-1.411992993821E1,3.747563039439E0,
-8.967069570833E1));
#7978=CARTESIAN_POINT('',(-1.512689069997E1,3.383706763569E0,
-8.961488158958E1));
#7979=CARTESIAN_POINT('',(-1.599373508348E1,2.755262509877E0,
-8.955906747083E1));
#7980=CARTESIAN_POINT('',(-1.665268044132E1,1.911371296150E0,
-8.950325335208E1));
#7981=CARTESIAN_POINT('',(-1.705220073063E1,9.180209532940E-1,
-8.944743923333E1));
#7982=CARTESIAN_POINT('',(-1.716105557721E1,-1.471137741448E-1,
-8.939162511458E1));
#7983=CARTESIAN_POINT('',(-1.697073310764E1,-1.200744982298E0,
-8.933581099583E1));
#7984=CARTESIAN_POINT('',(-1.649611553270E1,-2.160484281683E0,
-8.927999687708E1));
#7985=CARTESIAN_POINT('',(-1.577431543726E1,-2.951285133634E0,
-8.922418275833E1));
#7986=CARTESIAN_POINT('',(-1.486177377232E1,-3.511311092828E0,
-8.916836863958E1));
#7987=CARTESIAN_POINT('',(-1.382984647109E1,-3.796771090351E0,
-8.911255452083E1));
#7988=CARTESIAN_POINT('',(-1.275922479227E1,-3.785343663743E0,
-8.905674040208E1));
#7989=CARTESIAN_POINT('',(-1.173362569034E1,-3.477922377344E0,
-8.900092628333E1));
#7990=CARTESIAN_POINT('',(-1.083324559228E1,-2.898545950283E0,
-8.894511216458E1));
#7991=CARTESIAN_POINT('',(-1.012848946106E1,-2.092518555749E0,
-8.888929804583E1));
#7992=CARTESIAN_POINT('',(-9.674465499817E0,-1.122867274187E0,
-8.883348392708E1));
#7993=CARTESIAN_POINT('',(-9.506675981691E0,-6.541370885714E-2,
-8.877766980833E1));
#7994=CARTESIAN_POINT('',(-9.638241159828E0,9.971548626352E-1,
-8.872185568958E1));
#7995=CARTESIAN_POINT('',(-1.005887333294E1,1.981751196249E0,
-8.866604157083E1));
#7996=CARTESIAN_POINT('',(-1.073568128914E1,2.811385064673E0,
-8.861022745208E1));
#7997=CARTESIAN_POINT('',(-1.161574222484E1,3.421183486022E0,
-8.855441333333E1));
#7998=CARTESIAN_POINT('',(-1.263024002811E1,3.763463448009E0,
-8.849859921458E1));
#7999=CARTESIAN_POINT('',(-1.369984633482E1,3.811460467385E0,
-8.844278509583E1));
#8000=CARTESIAN_POINT('',(-1.474092358725E1,3.561421431015E0,
-8.838697097708E1));
#8001=CARTESIAN_POINT('',(-1.567206504886E1,3.032898069482E0,
-8.833115685833E1));
#8002=CARTESIAN_POINT('',(-1.642046038070E1,2.267218115130E0,
-8.827534273958E1));
#8003=CARTESIAN_POINT('',(-1.692758902491E1,1.324253691917E0,
-8.821952862083E1));
#8004=CARTESIAN_POINT('',(-1.715379620291E1,2.777396318855E-1,
-8.816371450208E1));
#8005=CARTESIAN_POINT('',(-1.708139370943E1,-7.904921988326E-1,
-8.810790038333E1));
#8006=CARTESIAN_POINT('',(-1.671604303664E1,-1.796911719269E0,
-8.805208626458E1));
#8007=CARTESIAN_POINT('',(-1.608631267539E1,-2.662822244290E0,
-8.799627214583E1));
#8008=CARTESIAN_POINT('',(-1.524144421028E1,-3.320514149277E0,
-8.794045802708E1));
#8009=CARTESIAN_POINT('',(-1.424750188811E1,-3.718559404752E0,
-8.788464390833E1));
#8010=CARTESIAN_POINT('',(-1.318220674306E1,-3.825832976373E0,
-8.782882978958E1));
#8011=CARTESIAN_POINT('',(-1.212885922283E1,-3.633946638039E0,
-8.777301567083E1));
#8012=CARTESIAN_POINT('',(-1.116982553399E1,-3.157904886824E0,
-8.771720155208E1));
#8013=CARTESIAN_POINT('',(-1.038009704021E1,-2.434931670638E0,
-8.766138743333E1));
#8014=CARTESIAN_POINT('',(-9.821426334054E0,-1.521559672323E0,
-8.760557331458E1));
#8015=CARTESIAN_POINT('',(-9.537498510827E0,-4.892097527608E-1,
-8.754975919583E1));
#8016=CARTESIAN_POINT('',(-9.550515225056E0,5.813937828071E-1,
-8.749394507708E1));
#8017=CARTESIAN_POINT('',(-9.859458638516E0,1.606535398638E0,
-8.743813095833E1));
#8018=CARTESIAN_POINT('',(-1.044017100978E1,2.506054440714E0,
-8.738231683958E1));
#8019=CARTESIAN_POINT('',(-1.124724370193E1,3.209613276147E0,
-8.732650272083E1));
#8020=CARTESIAN_POINT('',(-1.221756789759E1,3.662197323779E0,
-8.727068860208E1));
#8021=CARTESIAN_POINT('',(-1.327526937587E1,3.828416904987E0,
-8.721487448333E1));
#8022=CARTESIAN_POINT('',(-1.433764147109E1,3.695274524038E0,
-8.715906036458E1));
#8023=CARTESIAN_POINT('',(-1.532161231230E1,3.273181223669E0,
-8.710324624583E1));
#8024=CARTESIAN_POINT('',(-1.615024054624E1,2.595142421428E0,
-8.704743212708E1));
#8025=CARTESIAN_POINT('',(-1.675873196121E1,1.714177341069E0,
-8.699161800833E1));
#8026=CARTESIAN_POINT('',(-1.709950524255E1,6.991721426091E-1,
-8.693580388958E1));
#8027=CARTESIAN_POINT('',(-1.714591560003E1,-3.705027037688E-1,
-8.687998977083E1));
#8028=CARTESIAN_POINT('',(-1.689432697816E1,-1.411213351366E0,
-8.682417565208E1));
#8029=CARTESIAN_POINT('',(-1.654106795410E1,-2.031436369646E0,
-8.678696623958E1));
#8030=CARTESIAN_POINT('',(-1.632494459506E1,-2.311048374471E0,
-8.676836153333E1));
#8031=CARTESIAN_POINT('',(-1.340081486838E1,-3.543823458518E0,
-9.020504846667E1));
#8032=CARTESIAN_POINT('',(-1.306940552266E1,-3.549978297416E0,
-9.018644376042E1));
#8033=CARTESIAN_POINT('',(-1.240488860596E1,-3.468698119909E0,
-9.014923434792E1));
#8034=CARTESIAN_POINT('',(-1.148081138056E1,-3.075544588819E0,
-9.009342022917E1));
#8035=CARTESIAN_POINT('',(-1.070173038016E1,-2.441899575123E0,
-9.003760611042E1));
#8036=CARTESIAN_POINT('',(-1.012855486892E1,-1.617310968201E0,
-8.998179199167E1));
#8037=CARTESIAN_POINT('',(-9.806107021857E0,-6.662571836678E-1,
-8.992597787292E1));
#8038=CARTESIAN_POINT('',(-9.759599783817E0,3.368943868155E-1,
-8.987016375417E1));
#8039=CARTESIAN_POINT('',(-9.992669981736E0,1.313702598365E0,
-8.981434963542E1));
#8040=CARTESIAN_POINT('',(-1.048709270306E1,2.187786212605E0,
-8.975853551667E1));
#8041=CARTESIAN_POINT('',(-1.120420672005E1,2.890796512830E0,
-8.970272139792E1));
#8042=CARTESIAN_POINT('',(-1.208793750429E1,3.367761810600E0,
-8.964690727917E1));
#8043=CARTESIAN_POINT('',(-1.306918198217E1,3.581385941567E0,
-8.959109316042E1));
#8044=CARTESIAN_POINT('',(-1.407121202349E1,3.514964628205E0,
-8.953527904167E1));
#8045=CARTESIAN_POINT('',(-1.501567417725E1,3.173691666022E0,
-8.947946492292E1));
#8046=CARTESIAN_POINT('',(-1.582871649679E1,2.584252796207E0,
-8.942365080417E1));
#8047=CARTESIAN_POINT('',(-1.644676337161E1,1.792739021767E0,
-8.936783668542E1));
#8048=CARTESIAN_POINT('',(-1.682148680398E1,8.610425347940E-1,
-8.931202256667E1));
#8049=CARTESIAN_POINT('',(-1.692358540281E1,-1.379829257037E-1,
-8.925620844792E1));
#8050=CARTESIAN_POINT('',(-1.674507559751E1,-1.126218850985E0,
-8.920039432917E1));
#8051=CARTESIAN_POINT('',(-1.629991591100E1,-2.026390416916E0,
-8.914458021042E1));
#8052=CARTESIAN_POINT('',(-1.562291547701E1,-2.768108966627E0,
-8.908876609167E1));
#8053=CARTESIAN_POINT('',(-1.476701214990E1,-3.293376031310E0,
-8.903295197292E1));
#8054=CARTESIAN_POINT('',(-1.379913304432E1,-3.561118503818E0,
-8.897713785417E1));
#8055=CARTESIAN_POINT('',(-1.279496118874E1,-3.550400338468E0,
-8.892132373542E1));
#8056=CARTESIAN_POINT('',(-1.183301751278E1,-3.262059639118E0,
-8.886550961667E1));
#8057=CARTESIAN_POINT('',(-1.098852092572E1,-2.718643123878E0,
-8.880969549792E1));
#8058=CARTESIAN_POINT('',(-1.032750659543E1,-1.962643090967E0,
-8.875388137917E1));
#8059=CARTESIAN_POINT('',(-9.901662347489E0,-1.053174745668E0,
-8.869806726042E1));
#8060=CARTESIAN_POINT('',(-9.744286950467E0,-6.135370383706E-2,
-8.864225314167E1));
#8061=CARTESIAN_POINT('',(-9.867686328299E0,9.352648732306E-1,
-8.858643902292E1));
#8062=CARTESIAN_POINT('',(-1.026221130210E1,1.858750682353E0,
-8.853062490417E1));
#8063=CARTESIAN_POINT('',(-1.089701210495E1,2.636892016116E0,
-8.847481078542E1));
#8064=CARTESIAN_POINT('',(-1.172245067052E1,3.208842336583E0,
-8.841899666667E1));
#8065=CARTESIAN_POINT('',(-1.267398206742E1,3.529878152836E0,
-8.836318254792E1));
#8066=CARTESIAN_POINT('',(-1.367720157157E1,3.574896161496E0,
-8.830736842917E1));
#8067=CARTESIAN_POINT('',(-1.465366272218E1,3.340376192316E0,
-8.825155431042E1));
#8068=CARTESIAN_POINT('',(-1.552701142025E1,2.844656466879E0,
-8.819574019167E1));
#8069=CARTESIAN_POINT('',(-1.622895641535E1,2.126499646634E0,
-8.813992607292E1));
#8070=CARTESIAN_POINT('',(-1.670460932034E1,1.242061797726E0,
-8.808411195417E1));
#8071=CARTESIAN_POINT('',(-1.691677659302E1,2.605012835419E-1,
-8.802829783542E1));
#8072=CARTESIAN_POINT('',(-1.684886787451E1,-7.414290536348E-1,
-8.797248371667E1));
#8073=CARTESIAN_POINT('',(-1.650619326751E1,-1.685383559066E0,
-8.791666959792E1));
#8074=CARTESIAN_POINT('',(-1.591554811443E1,-2.497549981515E0,
-8.786085547917E1));
#8075=CARTESIAN_POINT('',(-1.512311774326E1,-3.114421201012E0,
-8.780504136042E1));
#8076=CARTESIAN_POINT('',(-1.419086601909E1,-3.487761149853E0,
-8.774922724167E1));
#8077=CARTESIAN_POINT('',(-1.319169009756E1,-3.588376618044E0,
-8.769341312292E1));
#8078=CARTESIAN_POINT('',(-1.220372025266E1,-3.408400007970E0,
-8.763759900417E1));
#8079=CARTESIAN_POINT('',(-1.130421050245E1,-2.961904538925E0,
-8.758178488542E1));
#8080=CARTESIAN_POINT('',(-1.056349775330E1,-2.283803795778E0,
-8.752597076667E1));
#8081=CARTESIAN_POINT('',(-1.003950182574E1,-1.427121671239E0,
-8.747015664792E1));
#8082=CARTESIAN_POINT('',(-9.773196430714E0,-4.588461778041E-1,
-8.741434252917E1));
#8083=CARTESIAN_POINT('',(-9.785405242043E0,5.453086606198E-1,
-8.735852841042E1));
#8084=CARTESIAN_POINT('',(-1.007517359524E1,1.506823245064E0,
-8.730271429167E1));
#8085=CARTESIAN_POINT('',(-1.061984313719E1,2.350512218944E0,
-8.724690017292E1));
#8086=CARTESIAN_POINT('',(-1.137682358967E1,3.010403565503E0,
-8.719108605417E1));
#8087=CARTESIAN_POINT('',(-1.228692308360E1,3.434897270338E0,
-8.713527193542E1));
#8088=CARTESIAN_POINT('',(-1.327897665127E1,3.590800171053E0,
-8.707945781667E1));
#8089=CARTESIAN_POINT('',(-1.427541094668E1,3.465921481989E0,
-8.702364369792E1));
#8090=CARTESIAN_POINT('',(-1.519831008557E1,3.070026068093E0,
-8.696782957917E1));
#8091=CARTESIAN_POINT('',(-1.597550820114E1,2.434070813613E0,
-8.691201546042E1));
#8092=CARTESIAN_POINT('',(-1.654623263664E1,1.607784220550E0,
-8.685620134167E1));
#8093=CARTESIAN_POINT('',(-1.686585528675E1,6.557769207439E-1,
-8.680038722292E1));
#8094=CARTESIAN_POINT('',(-1.690938511219E1,-3.475068690496E-1,
-8.674457310417E1));
#8095=CARTESIAN_POINT('',(-1.667341173499E1,-1.323624168746E0,
-8.668875898542E1));
#8096=CARTESIAN_POINT('',(-1.634207828946E1,-1.905352067092E0,
-8.665154957292E1));
#8097=CARTESIAN_POINT('',(-1.613936896760E1,-2.167609511794E0,
-8.663294486667E1));
#8098=CARTESIAN_POINT('',(-1.339645965135E1,-3.309315350091E0,-9.00696318E1));
#8099=CARTESIAN_POINT('',(-1.308698090677E1,-3.315062900182E0,
-9.005102709375E1));
#8100=CARTESIAN_POINT('',(-1.246643757029E1,-3.239161337299E0,
-9.001381768125E1));
#8101=CARTESIAN_POINT('',(-1.160351000562E1,-2.872024252E0,-8.995800356250E1));
#8102=CARTESIAN_POINT('',(-1.087598372115E1,-2.280309908754E0,
-8.990218944375E1));
#8103=CARTESIAN_POINT('',(-1.034073738627E1,-1.510287427009E0,
-8.984637532500E1));
#8104=CARTESIAN_POINT('',(-1.003962712432E1,-6.221684434422E-1,
-8.979056120625E1));
#8105=CARTESIAN_POINT('',(-9.996197444897E0,3.146008199049E-1,
-8.973474708750E1));
#8106=CARTESIAN_POINT('',(-1.021384451244E1,1.226769963321E0,
-8.967893296875E1));
#8107=CARTESIAN_POINT('',(-1.067554942530E1,2.043012181854E0,-8.962311885E1));
#8108=CARTESIAN_POINT('',(-1.134520931439E1,2.699501650091E0,
-8.956730473125E1));
#8109=CARTESIAN_POINT('',(-1.217046031345E1,3.144904362683E0,
-8.951149061250E1));
#8110=CARTESIAN_POINT('',(-1.308677215879E1,3.344392182557E0,
-8.945567649375E1));
#8111=CARTESIAN_POINT('',(-1.402249410877E1,3.282366216970E0,
-8.939986237500E1));
#8112=CARTESIAN_POINT('',(-1.490445765453E1,2.963676568476E0,
-8.934404825625E1));
#8113=CARTESIAN_POINT('',(-1.566369791010E1,2.413243082538E0,
-8.928823413750E1));
#8114=CARTESIAN_POINT('',(-1.624084630190E1,1.674106747383E0,
-8.923242001875E1));
#8115=CARTESIAN_POINT('',(-1.659077287734E1,8.040641162940E-1,-8.91766059E1));
#8116=CARTESIAN_POINT('',(-1.668611522841E1,-1.288520772625E-1,
-8.912079178125E1));
#8117=CARTESIAN_POINT('',(-1.651941808739E1,-1.051692719673E0,
-8.906497766250E1));
#8118=CARTESIAN_POINT('',(-1.610371628930E1,-1.892296552149E0,
-8.900916354375E1));
#8119=CARTESIAN_POINT('',(-1.547151551676E1,-2.584932799619E0,
-8.895334942500E1));
#8120=CARTESIAN_POINT('',(-1.467225052747E1,-3.075440969793E0,
-8.889753530625E1));
#8121=CARTESIAN_POINT('',(-1.376841961755E1,-3.325465917286E0,
-8.884172118750E1));
#8122=CARTESIAN_POINT('',(-1.283069758520E1,-3.315457013193E0,
-8.878590706875E1));
#8123=CARTESIAN_POINT('',(-1.193240933523E1,-3.046196900892E0,-8.873009295E1));
#8124=CARTESIAN_POINT('',(-1.114379625916E1,-2.538740297473E0,
-8.867427883125E1));
#8125=CARTESIAN_POINT('',(-1.052652372979E1,-1.832767626186E0,
-8.861846471250E1));
#8126=CARTESIAN_POINT('',(-1.012885919516E1,-9.834822171485E-1,
-8.856265059375E1));
#8127=CARTESIAN_POINT('',(-9.981897919243E0,-5.729369881700E-2,
-8.850683647500E1));
#8128=CARTESIAN_POINT('',(-1.009713149677E1,8.733748838260E-1,
-8.845102235625E1));
#8129=CARTESIAN_POINT('',(-1.046554927127E1,1.735750168456E0,
-8.839520823750E1));
#8130=CARTESIAN_POINT('',(-1.105834292076E1,2.462398967559E0,
-8.833939411875E1));
#8131=CARTESIAN_POINT('',(-1.182915911619E1,2.996501187143E0,-8.828358E1));
#8132=CARTESIAN_POINT('',(-1.271772410672E1,3.296292857663E0,
-8.822776588125E1));
#8133=CARTESIAN_POINT('',(-1.365455680831E1,3.338331855608E0,
-8.817195176250E1));
#8134=CARTESIAN_POINT('',(-1.456640185711E1,3.119330953618E0,
-8.811613764375E1));
#8135=CARTESIAN_POINT('',(-1.538195779164E1,2.656414864277E0,
-8.806032352500E1));
#8136=CARTESIAN_POINT('',(-1.603745244999E1,1.985781178138E0,
-8.800450940625E1));
#8137=CARTESIAN_POINT('',(-1.648162961576E1,1.159869903535E0,
-8.794869528750E1));
#8138=CARTESIAN_POINT('',(-1.667975698314E1,2.432629351983E-1,
-8.789288116875E1));
#8139=CARTESIAN_POINT('',(-1.661634203958E1,-6.923659084371E-1,-8.783706705E1));
#8140=CARTESIAN_POINT('',(-1.629634349838E1,-1.573855398864E0,
-8.778125293125E1));
#8141=CARTESIAN_POINT('',(-1.574478355347E1,-2.332277718739E0,
-8.772543881250E1));
#8142=CARTESIAN_POINT('',(-1.500479127623E1,-2.908328252748E0,
-8.766962469375E1));
#8143=CARTESIAN_POINT('',(-1.413423015008E1,-3.256962894954E0,
-8.761381057500E1));
#8144=CARTESIAN_POINT('',(-1.320117345206E1,-3.350920259715E0,
-8.755799645625E1));
#8145=CARTESIAN_POINT('',(-1.227858128250E1,-3.182853377900E0,
-8.750218233750E1));
#8146=CARTESIAN_POINT('',(-1.143859547090E1,-2.765904191025E0,
-8.744636821875E1));
#8147=CARTESIAN_POINT('',(-1.074689846640E1,-2.132675920918E0,-8.73905541E1));
#8148=CARTESIAN_POINT('',(-1.025757731743E1,-1.332683670155E0,
-8.733473998125E1));
#8149=CARTESIAN_POINT('',(-1.000889435060E1,-4.284826028475E-1,
-8.727892586250E1));
#8150=CARTESIAN_POINT('',(-1.002029525903E1,5.092235384325E-1,
-8.722311174375E1));
#8151=CARTESIAN_POINT('',(-1.029088855196E1,1.407111091491E0,
-8.716729762500E1));
#8152=CARTESIAN_POINT('',(-1.079951526461E1,2.194969997174E0,
-8.711148350625E1));
#8153=CARTESIAN_POINT('',(-1.150640347742E1,2.811193854858E0,
-8.705566938750E1));
#8154=CARTESIAN_POINT('',(-1.235627826961E1,3.207597216897E0,
-8.699985526875E1));
#8155=CARTESIAN_POINT('',(-1.328268392667E1,3.353183437119E0,-8.694404115E1));
#8156=CARTESIAN_POINT('',(-1.421318042226E1,3.236568439939E0,
-8.688822703125E1));
#8157=CARTESIAN_POINT('',(-1.507500785884E1,2.866870912517E0,
-8.683241291250E1));
#8158=CARTESIAN_POINT('',(-1.580077585604E1,2.272999205798E0,
-8.677659879375E1));
#8159=CARTESIAN_POINT('',(-1.633373331207E1,1.501391100031E0,
-8.672078467500E1));
#8160=CARTESIAN_POINT('',(-1.663220533096E1,6.123816988787E-1,
-8.666497055625E1));
#8161=CARTESIAN_POINT('',(-1.667285462435E1,-3.245110343304E-1,
-8.660915643750E1));
#8162=CARTESIAN_POINT('',(-1.645249649181E1,-1.236034986126E0,
-8.655334231875E1));
#8163=CARTESIAN_POINT('',(-1.614308862482E1,-1.779267764538E0,
-8.651613290625E1));
#8164=CARTESIAN_POINT('',(-1.595379334014E1,-2.024170649117E0,-8.64975282E1));
#8165=B_SPLINE_SURFACE_WITH_KNOTS('',3,3,((#7897,#7898,#7899,#7900,#7901,#7902,
#7903,#7904,#7905,#7906,#7907,#7908,#7909,#7910,#7911,#7912,#7913,#7914,#7915,
#7916,#7917,#7918,#7919,#7920,#7921,#7922,#7923,#7924,#7925,#7926,#7927,#7928,
#7929,#7930,#7931,#7932,#7933,#7934,#7935,#7936,#7937,#7938,#7939,#7940,#7941,
#7942,#7943,#7944,#7945,#7946,#7947,#7948,#7949,#7950,#7951,#7952,#7953,#7954,
#7955,#7956,#7957,#7958,#7959,#7960,#7961,#7962,#7963),(#7964,#7965,#7966,#7967,
#7968,#7969,#7970,#7971,#7972,#7973,#7974,#7975,#7976,#7977,#7978,#7979,#7980,
#7981,#7982,#7983,#7984,#7985,#7986,#7987,#7988,#7989,#7990,#7991,#7992,#7993,
#7994,#7995,#7996,#7997,#7998,#7999,#8000,#8001,#8002,#8003,#8004,#8005,#8006,
#8007,#8008,#8009,#8010,#8011,#8012,#8013,#8014,#8015,#8016,#8017,#8018,#8019,
#8020,#8021,#8022,#8023,#8024,#8025,#8026,#8027,#8028,#8029,#8030),(#8031,#8032,
#8033,#8034,#8035,#8036,#8037,#8038,#8039,#8040,#8041,#8042,#8043,#8044,#8045,
#8046,#8047,#8048,#8049,#8050,#8051,#8052,#8053,#8054,#8055,#8056,#8057,#8058,
#8059,#8060,#8061,#8062,#8063,#8064,#8065,#8066,#8067,#8068,#8069,#8070,#8071,
#8072,#8073,#8074,#8075,#8076,#8077,#8078,#8079,#8080,#8081,#8082,#8083,#8084,
#8085,#8086,#8087,#8088,#8089,#8090,#8091,#8092,#8093,#8094,#8095,#8096,#8097),(
#8098,#8099,#8100,#8101,#8102,#8103,#8104,#8105,#8106,#8107,#8108,#8109,#8110,
#8111,#8112,#8113,#8114,#8115,#8116,#8117,#8118,#8119,#8120,#8121,#8122,#8123,
#8124,#8125,#8126,#8127,#8128,#8129,#8130,#8131,#8132,#8133,#8134,#8135,#8136,
#8137,#8138,#8139,#8140,#8141,#8142,#8143,#8144,#8145,#8146,#8147,#8148,#8149,
#8150,#8151,#8152,#8153,#8154,#8155,#8156,#8157,#8158,#8159,#8160,#8161,#8162,
#8163,#8164)),.UNSPECIFIED.,.F.,.F.,.F.,(4,4),(4,1,1,1,1,1,1,1,1,1,1,1,1,1,1,1,
1,1,1,1,1,1,1,1,1,1,1,1,1,1,1,1,1,1,1,1,1,1,1,1,1,1,1,1,1,1,1,1,1,1,1,1,1,1,1,1,
1,1,1,1,1,1,1,1,4),(-2.000000000001E-2,1.02E0),(-1.664307692308E-2,
-3.120576923077E-3,1.040192307692E-2,2.392442307692E-2,3.744692307692E-2,
5.096942307692E-2,6.449192307692E-2,7.801442307692E-2,9.153692307692E-2,
1.050594230769E-1,1.185819230769E-1,1.321044230769E-1,1.456269230769E-1,
1.591494230769E-1,1.726719230769E-1,1.861944230769E-1,1.997169230769E-1,
2.132394230769E-1,2.267619230769E-1,2.402844230769E-1,2.538069230769E-1,
2.673294230769E-1,2.808519230769E-1,2.943744230769E-1,3.078969230769E-1,
3.214194230769E-1,3.349419230769E-1,3.484644230769E-1,3.619869230769E-1,
3.755094230769E-1,3.890319230769E-1,4.025544230769E-1,4.160769230769E-1,
4.295994230769E-1,4.431219230769E-1,4.566444230769E-1,4.701669230769E-1,
4.836894230769E-1,4.972119230769E-1,5.107344230769E-1,5.242569230769E-1,
5.377794230769E-1,5.513019230769E-1,5.648244230769E-1,5.783469230769E-1,
5.918694230769E-1,6.053919230769E-1,6.189144230769E-1,6.324369230769E-1,
6.459594230769E-1,6.594819230769E-1,6.730044230769E-1,6.865269230769E-1,
7.000494230769E-1,7.135719230769E-1,7.270944230769E-1,7.406169230769E-1,
7.541394230769E-1,7.676619230769E-1,7.811844230769E-1,7.947069230769E-1,
8.082294230769E-1,8.217519230769E-1,8.352744230769E-1,8.487969230769E-1),
.UNSPECIFIED.);
#8166=ORIENTED_EDGE('',*,*,#7778,.T.);
#8168=ORIENTED_EDGE('',*,*,#8167,.F.);
#8170=ORIENTED_EDGE('',*,*,#8169,.T.);
#8172=ORIENTED_EDGE('',*,*,#8171,.T.);
#8174=ORIENTED_EDGE('',*,*,#8173,.T.);
#8176=ORIENTED_EDGE('',*,*,#8175,.T.);
#8178=ORIENTED_EDGE('',*,*,#8177,.T.);
#8180=ORIENTED_EDGE('',*,*,#8179,.T.);
#8181=EDGE_LOOP('',(#8166,#8168,#8170,#8172,#8174,#8176,#8178,#8180));
#8182=FACE_OUTER_BOUND('',#8181,.F.);
#8184=CARTESIAN_POINT('',(-1.3335E1,0.E0,-7.747E1));
#8185=DIRECTION('',(0.E0,0.E0,-1.E0));
#8186=DIRECTION('',(0.E0,-1.E0,0.E0));
#8187=AXIS2_PLACEMENT_3D('',#8184,#8185,#8186);
#8188=CYLINDRICAL_SURFACE('',#8187,4.E0);
#8189=ORIENTED_EDGE('',*,*,#8167,.T.);
#8190=ORIENTED_EDGE('',*,*,#7784,.F.);
#8192=ORIENTED_EDGE('',*,*,#8191,.T.);
#8194=ORIENTED_EDGE('',*,*,#8193,.F.);
#8195=EDGE_LOOP('',(#8189,#8190,#8192,#8194));
#8196=FACE_OUTER_BOUND('',#8195,.F.);
#8198=CARTESIAN_POINT('',(-1.3335E1,0.E0,-7.747E1));
#8199=DIRECTION('',(0.E0,0.E0,-1.E0));
#8200=DIRECTION('',(0.E0,-1.E0,0.E0));
#8201=AXIS2_PLACEMENT_3D('',#8198,#8199,#8200);
#8202=CYLINDRICAL_SURFACE('',#8201,4.E0);
#8204=ORIENTED_EDGE('',*,*,#8203,.F.);
#8205=ORIENTED_EDGE('',*,*,#8171,.F.);
#8207=ORIENTED_EDGE('',*,*,#8206,.T.);
#8209=ORIENTED_EDGE('',*,*,#8208,.F.);
#8211=ORIENTED_EDGE('',*,*,#8210,.F.);
#8212=EDGE_LOOP('',(#8204,#8205,#8207,#8209,#8211));
#8213=FACE_OUTER_BOUND('',#8212,.F.);
#8215=CARTESIAN_POINT('',(-1.3335E1,0.E0,-7.747E1));
#8216=DIRECTION('',(0.E0,0.E0,-1.E0));
#8217=DIRECTION('',(0.E0,-1.E0,0.E0));
#8218=AXIS2_PLACEMENT_3D('',#8215,#8216,#8217);
#8219=CYLINDRICAL_SURFACE('',#8218,4.E0);
#8221=ORIENTED_EDGE('',*,*,#8220,.F.);
#8223=ORIENTED_EDGE('',*,*,#8222,.F.);
#8224=ORIENTED_EDGE('',*,*,#8175,.F.);
#8226=ORIENTED_EDGE('',*,*,#8225,.T.);
#8228=ORIENTED_EDGE('',*,*,#8227,.F.);
#8229=EDGE_LOOP('',(#8221,#8223,#8224,#8226,#8228));
#8230=FACE_OUTER_BOUND('',#8229,.F.);
#8232=CARTESIAN_POINT('',(-1.3335E1,0.E0,-7.747E1));
#8233=DIRECTION('',(0.E0,0.E0,-1.E0));
#8234=DIRECTION('',(0.E0,-1.E0,0.E0));
#8235=AXIS2_PLACEMENT_3D('',#8232,#8233,#8234);
#8236=CYLINDRICAL_SURFACE('',#8235,4.E0);
#8238=ORIENTED_EDGE('',*,*,#8237,.F.);
#8240=ORIENTED_EDGE('',*,*,#8239,.T.);
#8242=ORIENTED_EDGE('',*,*,#8241,.F.);
#8244=ORIENTED_EDGE('',*,*,#8243,.F.);
#8245=EDGE_LOOP('',(#8238,#8240,#8242,#8244));
#8246=FACE_OUTER_BOUND('',#8245,.F.);
#8248=CARTESIAN_POINT('',(-1.316257920541E1,-3.305392025870E0,-8.97586943E1));
#8249=CARTESIAN_POINT('',(-1.267091289512E1,-3.279744993619E0,
-8.972910207500E1));
#8250=CARTESIAN_POINT('',(-1.169960036102E1,-3.005405229608E0,
-8.966991762500E1));
#8251=CARTESIAN_POINT('',(-1.056262222445E1,-2.005277998689E0,-8.958114095E1));
#8252=CARTESIAN_POINT('',(-9.968688225954E0,-6.124256601531E-1,
-8.949236427500E1));
#8253=CARTESIAN_POINT('',(-1.003401753103E1,9.003700151571E-1,-8.94035876E1));
#8254=CARTESIAN_POINT('',(-1.074584273620E1,2.236829904480E0,
-8.931481092500E1));
#8255=CARTESIAN_POINT('',(-1.196474715395E1,3.135211659544E0,-8.922603425E1));
#8256=CARTESIAN_POINT('',(-1.345201298898E1,3.419569088675E0,
-8.913725757500E1));
#8257=CARTESIAN_POINT('',(-1.491636197703E1,3.034211442405E0,-8.90484809E1));
#8258=CARTESIAN_POINT('',(-1.607100473134E1,2.054610160454E0,
-8.895970422500E1));
#8259=CARTESIAN_POINT('',(-1.668980697172E1,6.726180002143E-1,-8.887092755E1));
#8260=CARTESIAN_POINT('',(-1.665157765116E1,-8.411049153652E-1,
-8.878215087500E1));
#8261=CARTESIAN_POINT('',(-1.596380389526E1,-2.190099284113E0,-8.86933742E1));
#8262=CARTESIAN_POINT('',(-1.476118468138E1,-3.110167527445E0,
-8.860459752500E1));
#8263=CARTESIAN_POINT('',(-1.327925033596E1,-3.421116304528E0,-8.851582085E1));
#8264=CARTESIAN_POINT('',(-1.180823443958E1,-3.062046981622E0,
-8.842704417500E1));
#8265=CARTESIAN_POINT('',(-1.063623221852E1,-2.103282495479E0,-8.83382675E1));
#8266=CARTESIAN_POINT('',(-9.992777728754E0,-7.325947609215E-1,
-8.824949082500E1));
#8267=CARTESIAN_POINT('',(-1.000389011617E1,7.815700454659E-1,-8.816071415E1));
#8268=CARTESIAN_POINT('',(-1.066739304414E1,2.142666078324E0,
-8.807193747500E1));
#8269=CARTESIAN_POINT('',(-1.185334092427E1,3.084125674694E0,-8.79831608E1));
#8270=CARTESIAN_POINT('',(-1.332946847398E1,3.421566044522E0,
-8.789438412500E1));
#8271=CARTESIAN_POINT('',(-1.480667936079E1,3.088900233214E0,-8.780560745E1));
#8272=CARTESIAN_POINT('',(-1.599566508366E1,2.151280110524E0,
-8.771683077500E1));
#8273=CARTESIAN_POINT('',(-1.666356540322E1,7.923365043351E-1,-8.76280541E1));
#8274=CARTESIAN_POINT('',(-1.667957351889E1,-7.217844335639E-1,
-8.753927742500E1));
#8275=CARTESIAN_POINT('',(-1.604055424929E1,-2.094545587083E0,-8.745050075E1));
#8276=CARTESIAN_POINT('',(-1.487165821353E1,-3.057094191066E0,
-8.736172407500E1));
#8277=CARTESIAN_POINT('',(-1.340181074984E1,-3.420919137939E0,-8.72729474E1));
#8278=CARTESIAN_POINT('',(-1.191887966094E1,-3.114758952889E0,
-8.718417072500E1));
#8279=CARTESIAN_POINT('',(-1.071328847E1,-2.198601154333E0,-8.709539405E1));
#8280=CARTESIAN_POINT('',(-1.002116921689E1,-8.517735111106E-1,
-8.700661737500E1));
#8281=CARTESIAN_POINT('',(-9.992388785238E0,1.571278873291E-1,
-8.694743292500E1));
#8282=CARTESIAN_POINT('',(-1.008761144999E1,6.401663692883E-1,-8.69178407E1));
#8283=CARTESIAN_POINT('',(-1.315036094571E1,-3.539622115661E0,
-8.962327763333E1));
#8284=CARTESIAN_POINT('',(-1.262385367159E1,-3.512157657028E0,
-8.959368540833E1));
#8285=CARTESIAN_POINT('',(-1.158371098957E1,-3.218377346464E0,
-8.953450095833E1));
#8286=CARTESIAN_POINT('',(-1.036616313875E1,-2.147378070938E0,
-8.944572428333E1));
#8287=CARTESIAN_POINT('',(-9.730141178304E0,-6.558239972474E-1,
-8.935694760833E1));
#8288=CARTESIAN_POINT('',(-9.800099915802E0,9.641729613263E-1,
-8.926817093333E1));
#8289=CARTESIAN_POINT('',(-1.056236721087E1,2.395338446060E0,
-8.917939425833E1));
#8290=CARTESIAN_POINT('',(-1.186764688728E1,3.357382253162E0,
-8.909061758333E1));
#8291=CARTESIAN_POINT('',(-1.346030488377E1,3.661890110936E0,
-8.900184090833E1));
#8292=CARTESIAN_POINT('',(-1.502842207610E1,3.249224854743E0,
-8.891306423333E1));
#8293=CARTESIAN_POINT('',(-1.626488631297E1,2.200206059095E0,
-8.882428755833E1));
#8294=CARTESIAN_POINT('',(-1.692753875423E1,7.202817488261E-1,
-8.873551088333E1));
#8295=CARTESIAN_POINT('',(-1.688660038823E1,-9.007081570706E-1,
-8.864673420833E1));
#8296=CARTESIAN_POINT('',(-1.615008890097E1,-2.345296352404E0,
-8.855795753333E1));
#8297=CARTESIAN_POINT('',(-1.486224844730E1,-3.330563418013E0,
-8.846918085833E1));
#8298=CARTESIAN_POINT('',(-1.327529974592E1,-3.663546967191E0,
-8.838040418333E1));
#8299=CARTESIAN_POINT('',(-1.170004320795E1,-3.279032904573E0,
-8.829162750833E1));
#8300=CARTESIAN_POINT('',(-1.044498935993E1,-2.252327463190E0,
-8.820285083333E1));
#8301=CARTESIAN_POINT('',(-9.755937736231E0,-7.845086444449E-1,
-8.811407415833E1));
#8302=CARTESIAN_POINT('',(-9.767837581070E0,8.369544659806E-1,
-8.802529748333E1));
#8303=CARTESIAN_POINT('',(-1.047835833603E1,2.294501885995E0,
-8.793652080833E1));
#8304=CARTESIAN_POINT('',(-1.174834607475E1,3.302676160704E0,
-8.784774413333E1));
#8305=CARTESIAN_POINT('',(-1.332907649330E1,3.664028577123E0,
-8.775896745833E1));
#8306=CARTESIAN_POINT('',(-1.491096701748E1,3.307789058901E0,
-8.767019078333E1));
#8307=CARTESIAN_POINT('',(-1.618420786968E1,2.303726334605E0,
-8.758141410833E1));
#8308=CARTESIAN_POINT('',(-1.689943762871E1,8.484838687330E-1,
-8.749263743333E1));
#8309=CARTESIAN_POINT('',(-1.691658012794E1,-7.729322645503E-1,
-8.740386075833E1));
#8310=CARTESIAN_POINT('',(-1.623227801754E1,-2.242971431004E0,
-8.731508408333E1));
#8311=CARTESIAN_POINT('',(-1.498055046852E1,-3.273729144278E0,
-8.722630740833E1));
#8312=CARTESIAN_POINT('',(-1.340654516192E1,-3.663335828780E0,
-8.713753073333E1));
#8313=CARTESIAN_POINT('',(-1.181852908480E1,-3.335480205769E0,
-8.704875405833E1));
#8314=CARTESIAN_POINT('',(-1.052750605077E1,-2.354400690897E0,
-8.695997738333E1));
#8315=CARTESIAN_POINT('',(-9.786341131203E0,-9.121327618218E-1,
-8.687120070833E1));
#8316=CARTESIAN_POINT('',(-9.755521230999E0,1.682624453088E-1,
-8.681201625833E1));
#8317=CARTESIAN_POINT('',(-9.857491662173E0,6.855304970485E-1,
-8.678242403333E1));
#8318=CARTESIAN_POINT('',(-1.313814268600E1,-3.773852205451E0,
-8.948786096667E1));
#8319=CARTESIAN_POINT('',(-1.257679444806E1,-3.744570320437E0,
-8.945826874167E1));
#8320=CARTESIAN_POINT('',(-1.146782161812E1,-3.431349463319E0,
-8.939908429167E1));
#8321=CARTESIAN_POINT('',(-1.016970405304E1,-2.289478143186E0,
-8.931030761667E1));
#8322=CARTESIAN_POINT('',(-9.491594130654E0,-6.992223343417E-1,
-8.922153094167E1));
#8323=CARTESIAN_POINT('',(-9.566182300569E0,1.027975907495E0,
-8.913275426667E1));
#8324=CARTESIAN_POINT('',(-1.037889168553E1,2.553846987640E0,
-8.904397759167E1));
#8325=CARTESIAN_POINT('',(-1.177054662061E1,3.579552846779E0,
-8.895520091667E1));
#8326=CARTESIAN_POINT('',(-1.346859677856E1,3.904211133198E0,
-8.886642424167E1));
#8327=CARTESIAN_POINT('',(-1.514048217516E1,3.464238267081E0,
-8.877764756667E1));
#8328=CARTESIAN_POINT('',(-1.645876789460E1,2.345801957736E0,
-8.868887089167E1));
#8329=CARTESIAN_POINT('',(-1.716527053675E1,7.679454974380E-1,
-8.860009421667E1));
#8330=CARTESIAN_POINT('',(-1.712162312531E1,-9.603113987760E-1,
-8.851131754167E1));
#8331=CARTESIAN_POINT('',(-1.633637390669E1,-2.500493420695E0,
-8.842254086667E1));
#8332=CARTESIAN_POINT('',(-1.496331221322E1,-3.550959308580E0,
-8.833376419167E1));
#8333=CARTESIAN_POINT('',(-1.327134915588E1,-3.905977629853E0,
-8.824498751667E1));
#8334=CARTESIAN_POINT('',(-1.159185197632E1,-3.496018827524E0,
-8.815621084167E1));
#8335=CARTESIAN_POINT('',(-1.025374650134E1,-2.401372430902E0,
-8.806743416667E1));
#8336=CARTESIAN_POINT('',(-9.519097743708E0,-8.364225279684E-1,
-8.797865749167E1));
#8337=CARTESIAN_POINT('',(-9.531785045975E0,8.923388864954E-1,
-8.788988081667E1));
#8338=CARTESIAN_POINT('',(-1.028932362792E1,2.446337693666E0,
-8.780110414167E1));
#8339=CARTESIAN_POINT('',(-1.164335122524E1,3.521226646714E0,
-8.771232746667E1));
#8340=CARTESIAN_POINT('',(-1.332868451261E1,3.906491109724E0,
-8.762355079167E1));
#8341=CARTESIAN_POINT('',(-1.501525467417E1,3.526677884588E0,
-8.753477411667E1));
#8342=CARTESIAN_POINT('',(-1.637275065570E1,2.456172558686E0,
-8.744599744167E1));
#8343=CARTESIAN_POINT('',(-1.713530985421E1,9.046312331309E-1,
-8.735722076667E1));
#8344=CARTESIAN_POINT('',(-1.715358673700E1,-8.240800955366E-1,
-8.726844409167E1));
#8345=CARTESIAN_POINT('',(-1.642400178579E1,-2.391397274926E0,
-8.717966741667E1));
#8346=CARTESIAN_POINT('',(-1.508944272352E1,-3.490364097490E0,
-8.709089074167E1));
#8347=CARTESIAN_POINT('',(-1.341127957400E1,-3.905752519621E0,
-8.700211406667E1));
#8348=CARTESIAN_POINT('',(-1.171817850866E1,-3.556201458649E0,
-8.691333739167E1));
#8349=CARTESIAN_POINT('',(-1.034172363153E1,-2.510200227461E0,
-8.682456071667E1));
#8350=CARTESIAN_POINT('',(-9.551513045517E0,-9.724920125330E-1,
-8.673578404167E1));
#8351=CARTESIAN_POINT('',(-9.518653676761E0,1.793970032885E-1,
-8.667659959167E1));
#8352=CARTESIAN_POINT('',(-9.627371874354E0,7.308946248087E-1,
-8.664700736667E1));
#8353=CARTESIAN_POINT('',(-1.312592442630E1,-4.008082295241E0,-8.93524443E1));
#8354=CARTESIAN_POINT('',(-1.252973522453E1,-3.976982983847E0,
-8.932285207500E1));
#8355=CARTESIAN_POINT('',(-1.135193224667E1,-3.644321580175E0,
-8.926366762500E1));
#8356=CARTESIAN_POINT('',(-9.973244967335E0,-2.431578215435E0,-8.917489095E1));
#8357=CARTESIAN_POINT('',(-9.253047083004E0,-7.426206714360E-1,
-8.908611427500E1));
#8358=CARTESIAN_POINT('',(-9.332264685336E0,1.091778853665E0,-8.89973376E1));
#8359=CARTESIAN_POINT('',(-1.019541616020E1,2.712355529221E0,
-8.890856092500E1));
#8360=CARTESIAN_POINT('',(-1.167344635394E1,3.801723440397E0,-8.881978425E1));
#8361=CARTESIAN_POINT('',(-1.347688867334E1,4.146532155459E0,
-8.873100757500E1));
#8362=CARTESIAN_POINT('',(-1.525254227423E1,3.679251679418E0,-8.86422309E1));
#8363=CARTESIAN_POINT('',(-1.665264947623E1,2.491397856377E0,
-8.855345422500E1));
#8364=CARTESIAN_POINT('',(-1.740300231926E1,8.156092460498E-1,-8.846467755E1));
#8365=CARTESIAN_POINT('',(-1.735664586238E1,-1.019914640481E0,
-8.837590087500E1));
#8366=CARTESIAN_POINT('',(-1.652265891240E1,-2.655690488986E0,-8.82871242E1));
#8367=CARTESIAN_POINT('',(-1.506437597914E1,-3.771355199148E0,
-8.819834752500E1));
#8368=CARTESIAN_POINT('',(-1.326739856584E1,-4.148408292516E0,-8.810957085E1));
#8369=CARTESIAN_POINT('',(-1.148366074468E1,-3.713004750474E0,
-8.802079417500E1));
#8370=CARTESIAN_POINT('',(-1.006250364276E1,-2.550417398614E0,-8.79320175E1));
#8371=CARTESIAN_POINT('',(-9.282257751185E0,-8.883364114919E-1,
-8.784324082500E1));
#8372=CARTESIAN_POINT('',(-9.295732510879E0,9.477233070101E-1,-8.775446415E1));
#8373=CARTESIAN_POINT('',(-1.010028891981E1,2.598173501337E0,
-8.766568747500E1));
#8374=CARTESIAN_POINT('',(-1.153835637572E1,3.739777132724E0,-8.75769108E1));
#8375=CARTESIAN_POINT('',(-1.332829253193E1,4.148953642325E0,
-8.748813412500E1));
#8376=CARTESIAN_POINT('',(-1.511954233086E1,3.745566710275E0,-8.739935745E1));
#8377=CARTESIAN_POINT('',(-1.656129344172E1,2.608618782767E0,
-8.731058077500E1));
#8378=CARTESIAN_POINT('',(-1.737118207970E1,9.607785975288E-1,-8.72218041E1));
#8379=CARTESIAN_POINT('',(-1.739059334605E1,-8.752279265230E-1,
-8.713302742500E1));
#8380=CARTESIAN_POINT('',(-1.661572555404E1,-2.539823118848E0,-8.704425075E1));
#8381=CARTESIAN_POINT('',(-1.519833497851E1,-3.706999050701E0,
-8.695547407500E1));
#8382=CARTESIAN_POINT('',(-1.341601398608E1,-4.148169210462E0,-8.68666974E1));
#8383=CARTESIAN_POINT('',(-1.161782793251E1,-3.776922711529E0,
-8.677792072500E1));
#8384=CARTESIAN_POINT('',(-1.015594121230E1,-2.665999764025E0,-8.668914405E1));
#8385=CARTESIAN_POINT('',(-9.316684959831E0,-1.032851263244E0,
-8.660036737500E1));
#8386=CARTESIAN_POINT('',(-9.281786122522E0,1.905315612682E-1,
-8.654118292500E1));
#8387=CARTESIAN_POINT('',(-9.397252086534E0,7.762587525688E-1,-8.65115907E1));
#8388=B_SPLINE_SURFACE_WITH_KNOTS('',3,3,((#8248,#8249,#8250,#8251,#8252,#8253,
#8254,#8255,#8256,#8257,#8258,#8259,#8260,#8261,#8262,#8263,#8264,#8265,#8266,
#8267,#8268,#8269,#8270,#8271,#8272,#8273,#8274,#8275,#8276,#8277,#8278,#8279,
#8280,#8281,#8282),(#8283,#8284,#8285,#8286,#8287,#8288,#8289,#8290,#8291,#8292,
#8293,#8294,#8295,#8296,#8297,#8298,#8299,#8300,#8301,#8302,#8303,#8304,#8305,
#8306,#8307,#8308,#8309,#8310,#8311,#8312,#8313,#8314,#8315,#8316,#8317),(#8318,
#8319,#8320,#8321,#8322,#8323,#8324,#8325,#8326,#8327,#8328,#8329,#8330,#8331,
#8332,#8333,#8334,#8335,#8336,#8337,#8338,#8339,#8340,#8341,#8342,#8343,#8344,
#8345,#8346,#8347,#8348,#8349,#8350,#8351,#8352),(#8353,#8354,#8355,#8356,#8357,
#8358,#8359,#8360,#8361,#8362,#8363,#8364,#8365,#8366,#8367,#8368,#8369,#8370,
#8371,#8372,#8373,#8374,#8375,#8376,#8377,#8378,#8379,#8380,#8381,#8382,#8383,
#8384,#8385,#8386,#8387)),.UNSPECIFIED.,.F.,.F.,.F.,(4,4),(4,1,1,1,1,1,1,1,1,1,
1,1,1,1,1,1,1,1,1,1,1,1,1,1,1,1,1,1,1,1,1,1,4),(-2.E-2,1.02E0),(
-1.323605087826E-2,8.272531798910E-3,2.978111447608E-2,5.128969715324E-2,
7.279827983041E-2,9.430686250757E-2,1.158154451847E-1,1.373240278619E-1,
1.588326105391E-1,1.803411932162E-1,2.018497758934E-1,2.233583585706E-1,
2.448669412477E-1,2.663755239249E-1,2.878841066021E-1,3.093926892792E-1,
3.309012719564E-1,3.524098546336E-1,3.739184373107E-1,3.954270199879E-1,
4.169356026651E-1,4.384441853422E-1,4.599527680194E-1,4.814613506965E-1,
5.029699333737E-1,5.244785160509E-1,5.459870987280E-1,5.674956814052E-1,
5.890042640824E-1,6.105128467595E-1,6.320214294367E-1,6.535300121139E-1,
6.750385947910E-1),.UNSPECIFIED.);
#8389=ORIENTED_EDGE('',*,*,#7782,.T.);
#8391=ORIENTED_EDGE('',*,*,#8390,.F.);
#8393=ORIENTED_EDGE('',*,*,#8392,.T.);
#8394=ORIENTED_EDGE('',*,*,#8208,.T.);
#8396=ORIENTED_EDGE('',*,*,#8395,.T.);
#8397=ORIENTED_EDGE('',*,*,#8191,.F.);
#8398=EDGE_LOOP('',(#8389,#8391,#8393,#8394,#8396,#8397));
#8399=FACE_OUTER_BOUND('',#8398,.F.);
#8401=CARTESIAN_POINT('',(-1.326620906768E1,-3.322705630334E0,
-9.008163228002E1));
#8402=CARTESIAN_POINT('',(-1.271542506557E1,-3.311302590395E0,
-9.004865463835E1));
#8403=CARTESIAN_POINT('',(-1.162031310037E1,-3.008920442904E0,
-8.998269935502E1));
#8404=CARTESIAN_POINT('',(-1.039250261783E1,-1.826443915189E0,
-8.988376643002E1));
#8405=CARTESIAN_POINT('',(-9.877632188915E0,-2.015253340569E-1,
-8.978483350502E1));
#8406=CARTESIAN_POINT('',(-1.020025107261E1,1.472212296889E0,
-8.968590058002E1));
#8407=CARTESIAN_POINT('',(-1.128225369184E1,2.789315263709E0,
-8.958696765502E1));
#8408=CARTESIAN_POINT('',(-1.286151894257E1,3.430723657620E0,
-8.948803473002E1));
#8409=CARTESIAN_POINT('',(-1.455548280595E1,3.241060133489E0,
-8.938910180502E1));
#8410=CARTESIAN_POINT('',(-1.595379195516E1,2.266269543127E0,
-8.929016888002E1));
#8411=CARTESIAN_POINT('',(-1.671771476011E1,7.424889628325E-1,
-8.919123595502E1));
#8412=CARTESIAN_POINT('',(-1.666219551096E1,-9.611550445816E-1,
-8.909230303002E1));
#8413=CARTESIAN_POINT('',(-1.580068342492E1,-2.431965098656E0,
-8.899337010502E1));
#8414=CARTESIAN_POINT('',(-1.434187455115E1,-3.313646425059E0,
-8.889443718002E1));
#8415=CARTESIAN_POINT('',(-1.263915645232E1,-3.392617094411E0,
-8.879550425502E1));
#8416=CARTESIAN_POINT('',(-1.110500221320E1,-2.649746943209E0,
-8.869657133002E1));
#8417=CARTESIAN_POINT('',(-1.011105135100E1,-1.264991739416E0,
-8.859763840502E1));
#8418=CARTESIAN_POINT('',(-9.898082406118E0,4.262000058971E-1,
-8.849870548002E1));
#8419=CARTESIAN_POINT('',(-1.051768580787E1,2.014147396537E0,
-8.839977255502E1));
#8420=CARTESIAN_POINT('',(-1.181976640730E1,3.114179852182E0,
-8.830083963002E1));
#8421=CARTESIAN_POINT('',(-1.348890311256E1,3.459821212734E0,
-8.820190670502E1));
#8422=CARTESIAN_POINT('',(-1.512075772643E1,2.967341964547E0,
-8.810297378002E1));
#8423=CARTESIAN_POINT('',(-1.632002341161E1,1.756042204837E0,
-8.800404085502E1));
#8424=CARTESIAN_POINT('',(-1.679618536155E1,1.193519204552E-1,
-8.790510793002E1));
#8425=CARTESIAN_POINT('',(-1.643389624956E1,-1.546250640291E0,
-8.780617500502E1));
#8426=CARTESIAN_POINT('',(-1.532091838877E1,-2.837283401368E0,
-8.770724208002E1));
#8427=CARTESIAN_POINT('',(-1.372686394790E1,-3.441001556939E0,
-8.760830915502E1));
#8428=CARTESIAN_POINT('',(-1.203788266741E1,-3.211158007978E0,
-8.750937623002E1));
#8429=CARTESIAN_POINT('',(-1.066312085103E1,-2.203431156019E0,
-8.741044330502E1));
#8430=CARTESIAN_POINT('',(-9.935602891557E0,-6.619359364777E-1,
-8.731151038002E1));
#8431=CARTESIAN_POINT('',(-1.003157782704E1,1.039907009601E0,
-8.721257745502E1));
#8432=CARTESIAN_POINT('',(-1.092775061523E1,2.489847107536E0,
-8.711364453002E1));
#8433=CARTESIAN_POINT('',(-1.240719940898E1,3.336605978951E0,
-8.701471160502E1));
#8434=CARTESIAN_POINT('',(-1.354299996867E1,3.362340547530E0,
-8.694875632169E1));
#8435=CARTESIAN_POINT('',(-1.407988630870E1,3.238865431804E0,
-8.691577868002E1));
#8436=CARTESIAN_POINT('',(-1.326620906768E1,-3.322705630334E0,
-8.996946529334E1));
#8437=CARTESIAN_POINT('',(-1.271542506557E1,-3.311302590395E0,
-8.993648765167E1));
#8438=CARTESIAN_POINT('',(-1.162031310037E1,-3.008920442904E0,
-8.987053236834E1));
#8439=CARTESIAN_POINT('',(-1.039250261783E1,-1.826443915189E0,
-8.977159944334E1));
#8440=CARTESIAN_POINT('',(-9.877632188915E0,-2.015253340569E-1,
-8.967266651834E1));
#8441=CARTESIAN_POINT('',(-1.020025107261E1,1.472212296889E0,
-8.957373359334E1));
#8442=CARTESIAN_POINT('',(-1.128225369184E1,2.789315263709E0,
-8.947480066834E1));
#8443=CARTESIAN_POINT('',(-1.286151894257E1,3.430723657620E0,
-8.937586774334E1));
#8444=CARTESIAN_POINT('',(-1.455548280595E1,3.241060133489E0,
-8.927693481834E1));
#8445=CARTESIAN_POINT('',(-1.595379195516E1,2.266269543127E0,
-8.917800189334E1));
#8446=CARTESIAN_POINT('',(-1.671771476011E1,7.424889628325E-1,
-8.907906896834E1));
#8447=CARTESIAN_POINT('',(-1.666219551096E1,-9.611550445816E-1,
-8.898013604334E1));
#8448=CARTESIAN_POINT('',(-1.580068342492E1,-2.431965098656E0,
-8.888120311834E1));
#8449=CARTESIAN_POINT('',(-1.434187455115E1,-3.313646425059E0,
-8.878227019334E1));
#8450=CARTESIAN_POINT('',(-1.263915645232E1,-3.392617094411E0,
-8.868333726834E1));
#8451=CARTESIAN_POINT('',(-1.110500221320E1,-2.649746943209E0,
-8.858440434334E1));
#8452=CARTESIAN_POINT('',(-1.011105135100E1,-1.264991739416E0,
-8.848547141834E1));
#8453=CARTESIAN_POINT('',(-9.898082406118E0,4.262000058971E-1,
-8.838653849334E1));
#8454=CARTESIAN_POINT('',(-1.051768580787E1,2.014147396537E0,
-8.828760556834E1));
#8455=CARTESIAN_POINT('',(-1.181976640730E1,3.114179852182E0,
-8.818867264334E1));
#8456=CARTESIAN_POINT('',(-1.348890311256E1,3.459821212734E0,
-8.808973971834E1));
#8457=CARTESIAN_POINT('',(-1.512075772643E1,2.967341964547E0,
-8.799080679334E1));
#8458=CARTESIAN_POINT('',(-1.632002341161E1,1.756042204837E0,
-8.789187386834E1));
#8459=CARTESIAN_POINT('',(-1.679618536155E1,1.193519204552E-1,
-8.779294094334E1));
#8460=CARTESIAN_POINT('',(-1.643389624956E1,-1.546250640291E0,
-8.769400801834E1));
#8461=CARTESIAN_POINT('',(-1.532091838877E1,-2.837283401368E0,
-8.759507509334E1));
#8462=CARTESIAN_POINT('',(-1.372686394790E1,-3.441001556939E0,
-8.749614216834E1));
#8463=CARTESIAN_POINT('',(-1.203788266741E1,-3.211158007978E0,
-8.739720924334E1));
#8464=CARTESIAN_POINT('',(-1.066312085103E1,-2.203431156019E0,
-8.729827631834E1));
#8465=CARTESIAN_POINT('',(-9.935602891557E0,-6.619359364777E-1,
-8.719934339334E1));
#8466=CARTESIAN_POINT('',(-1.003157782704E1,1.039907009601E0,
-8.710041046834E1));
#8467=CARTESIAN_POINT('',(-1.092775061523E1,2.489847107536E0,
-8.700147754334E1));
#8468=CARTESIAN_POINT('',(-1.240719940898E1,3.336605978951E0,
-8.690254461834E1));
#8469=CARTESIAN_POINT('',(-1.354299996867E1,3.362340547530E0,
-8.683658933501E1));
#8470=CARTESIAN_POINT('',(-1.407988630870E1,3.238865431804E0,
-8.680361169334E1));
#8471=CARTESIAN_POINT('',(-1.326620906768E1,-3.322705630334E0,
-8.985729830666E1));
#8472=CARTESIAN_POINT('',(-1.271542506557E1,-3.311302590395E0,
-8.982432066499E1));
#8473=CARTESIAN_POINT('',(-1.162031310037E1,-3.008920442904E0,
-8.975836538166E1));
#8474=CARTESIAN_POINT('',(-1.039250261783E1,-1.826443915189E0,
-8.965943245666E1));
#8475=CARTESIAN_POINT('',(-9.877632188915E0,-2.015253340569E-1,
-8.956049953166E1));
#8476=CARTESIAN_POINT('',(-1.020025107261E1,1.472212296889E0,
-8.946156660666E1));
#8477=CARTESIAN_POINT('',(-1.128225369184E1,2.789315263709E0,
-8.936263368166E1));
#8478=CARTESIAN_POINT('',(-1.286151894257E1,3.430723657620E0,
-8.926370075666E1));
#8479=CARTESIAN_POINT('',(-1.455548280595E1,3.241060133489E0,
-8.916476783166E1));
#8480=CARTESIAN_POINT('',(-1.595379195516E1,2.266269543127E0,
-8.906583490666E1));
#8481=CARTESIAN_POINT('',(-1.671771476011E1,7.424889628325E-1,
-8.896690198166E1));
#8482=CARTESIAN_POINT('',(-1.666219551096E1,-9.611550445816E-1,
-8.886796905666E1));
#8483=CARTESIAN_POINT('',(-1.580068342492E1,-2.431965098656E0,
-8.876903613166E1));
#8484=CARTESIAN_POINT('',(-1.434187455115E1,-3.313646425059E0,
-8.867010320666E1));
#8485=CARTESIAN_POINT('',(-1.263915645232E1,-3.392617094411E0,
-8.857117028166E1));
#8486=CARTESIAN_POINT('',(-1.110500221320E1,-2.649746943209E0,
-8.847223735666E1));
#8487=CARTESIAN_POINT('',(-1.011105135100E1,-1.264991739416E0,
-8.837330443166E1));
#8488=CARTESIAN_POINT('',(-9.898082406118E0,4.262000058971E-1,
-8.827437150666E1));
#8489=CARTESIAN_POINT('',(-1.051768580787E1,2.014147396537E0,
-8.817543858166E1));
#8490=CARTESIAN_POINT('',(-1.181976640730E1,3.114179852182E0,
-8.807650565666E1));
#8491=CARTESIAN_POINT('',(-1.348890311256E1,3.459821212734E0,
-8.797757273166E1));
#8492=CARTESIAN_POINT('',(-1.512075772643E1,2.967341964547E0,
-8.787863980666E1));
#8493=CARTESIAN_POINT('',(-1.632002341161E1,1.756042204837E0,
-8.777970688166E1));
#8494=CARTESIAN_POINT('',(-1.679618536155E1,1.193519204552E-1,
-8.768077395666E1));
#8495=CARTESIAN_POINT('',(-1.643389624956E1,-1.546250640291E0,
-8.758184103166E1));
#8496=CARTESIAN_POINT('',(-1.532091838877E1,-2.837283401368E0,
-8.748290810666E1));
#8497=CARTESIAN_POINT('',(-1.372686394790E1,-3.441001556939E0,
-8.738397518166E1));
#8498=CARTESIAN_POINT('',(-1.203788266741E1,-3.211158007978E0,
-8.728504225666E1));
#8499=CARTESIAN_POINT('',(-1.066312085103E1,-2.203431156019E0,
-8.718610933166E1));
#8500=CARTESIAN_POINT('',(-9.935602891557E0,-6.619359364777E-1,
-8.708717640666E1));
#8501=CARTESIAN_POINT('',(-1.003157782704E1,1.039907009601E0,
-8.698824348166E1));
#8502=CARTESIAN_POINT('',(-1.092775061523E1,2.489847107536E0,
-8.688931055666E1));
#8503=CARTESIAN_POINT('',(-1.240719940898E1,3.336605978951E0,
-8.679037763166E1));
#8504=CARTESIAN_POINT('',(-1.354299996867E1,3.362340547530E0,
-8.672442234833E1));
#8505=CARTESIAN_POINT('',(-1.407988630870E1,3.238865431804E0,
-8.669144470666E1));
#8506=CARTESIAN_POINT('',(-1.326620906768E1,-3.322705630334E0,
-8.974513131998E1));
#8507=CARTESIAN_POINT('',(-1.271542506557E1,-3.311302590395E0,
-8.971215367831E1));
#8508=CARTESIAN_POINT('',(-1.162031310037E1,-3.008920442904E0,
-8.964619839498E1));
#8509=CARTESIAN_POINT('',(-1.039250261783E1,-1.826443915189E0,
-8.954726546998E1));
#8510=CARTESIAN_POINT('',(-9.877632188915E0,-2.015253340569E-1,
-8.944833254498E1));
#8511=CARTESIAN_POINT('',(-1.020025107261E1,1.472212296889E0,
-8.934939961998E1));
#8512=CARTESIAN_POINT('',(-1.128225369184E1,2.789315263709E0,
-8.925046669498E1));
#8513=CARTESIAN_POINT('',(-1.286151894257E1,3.430723657620E0,
-8.915153376998E1));
#8514=CARTESIAN_POINT('',(-1.455548280595E1,3.241060133489E0,
-8.905260084498E1));
#8515=CARTESIAN_POINT('',(-1.595379195516E1,2.266269543127E0,
-8.895366791998E1));
#8516=CARTESIAN_POINT('',(-1.671771476011E1,7.424889628325E-1,
-8.885473499498E1));
#8517=CARTESIAN_POINT('',(-1.666219551096E1,-9.611550445816E-1,
-8.875580206998E1));
#8518=CARTESIAN_POINT('',(-1.580068342492E1,-2.431965098656E0,
-8.865686914498E1));
#8519=CARTESIAN_POINT('',(-1.434187455115E1,-3.313646425059E0,
-8.855793621998E1));
#8520=CARTESIAN_POINT('',(-1.263915645232E1,-3.392617094411E0,
-8.845900329498E1));
#8521=CARTESIAN_POINT('',(-1.110500221320E1,-2.649746943209E0,
-8.836007036998E1));
#8522=CARTESIAN_POINT('',(-1.011105135100E1,-1.264991739416E0,
-8.826113744498E1));
#8523=CARTESIAN_POINT('',(-9.898082406118E0,4.262000058971E-1,
-8.816220451998E1));
#8524=CARTESIAN_POINT('',(-1.051768580787E1,2.014147396537E0,
-8.806327159498E1));
#8525=CARTESIAN_POINT('',(-1.181976640730E1,3.114179852182E0,
-8.796433866998E1));
#8526=CARTESIAN_POINT('',(-1.348890311256E1,3.459821212734E0,
-8.786540574498E1));
#8527=CARTESIAN_POINT('',(-1.512075772643E1,2.967341964547E0,
-8.776647281998E1));
#8528=CARTESIAN_POINT('',(-1.632002341161E1,1.756042204837E0,
-8.766753989498E1));
#8529=CARTESIAN_POINT('',(-1.679618536155E1,1.193519204552E-1,
-8.756860696998E1));
#8530=CARTESIAN_POINT('',(-1.643389624956E1,-1.546250640291E0,
-8.746967404498E1));
#8531=CARTESIAN_POINT('',(-1.532091838877E1,-2.837283401368E0,
-8.737074111998E1));
#8532=CARTESIAN_POINT('',(-1.372686394790E1,-3.441001556939E0,
-8.727180819498E1));
#8533=CARTESIAN_POINT('',(-1.203788266741E1,-3.211158007978E0,
-8.717287526998E1));
#8534=CARTESIAN_POINT('',(-1.066312085103E1,-2.203431156019E0,
-8.707394234498E1));
#8535=CARTESIAN_POINT('',(-9.935602891557E0,-6.619359364777E-1,
-8.697500941998E1));
#8536=CARTESIAN_POINT('',(-1.003157782704E1,1.039907009601E0,
-8.687607649498E1));
#8537=CARTESIAN_POINT('',(-1.092775061523E1,2.489847107536E0,
-8.677714356998E1));
#8538=CARTESIAN_POINT('',(-1.240719940898E1,3.336605978951E0,
-8.667821064498E1));
#8539=CARTESIAN_POINT('',(-1.354299996867E1,3.362340547530E0,
-8.661225536165E1));
#8540=CARTESIAN_POINT('',(-1.407988630870E1,3.238865431804E0,
-8.657927771998E1));
#8541=B_SPLINE_SURFACE_WITH_KNOTS('',3,3,((#8401,#8402,#8403,#8404,#8405,#8406,
#8407,#8408,#8409,#8410,#8411,#8412,#8413,#8414,#8415,#8416,#8417,#8418,#8419,
#8420,#8421,#8422,#8423,#8424,#8425,#8426,#8427,#8428,#8429,#8430,#8431,#8432,
#8433,#8434,#8435),(#8436,#8437,#8438,#8439,#8440,#8441,#8442,#8443,#8444,#8445,
#8446,#8447,#8448,#8449,#8450,#8451,#8452,#8453,#8454,#8455,#8456,#8457,#8458,
#8459,#8460,#8461,#8462,#8463,#8464,#8465,#8466,#8467,#8468,#8469,#8470),(#8471,
#8472,#8473,#8474,#8475,#8476,#8477,#8478,#8479,#8480,#8481,#8482,#8483,#8484,
#8485,#8486,#8487,#8488,#8489,#8490,#8491,#8492,#8493,#8494,#8495,#8496,#8497,
#8498,#8499,#8500,#8501,#8502,#8503,#8504,#8505),(#8506,#8507,#8508,#8509,#8510,
#8511,#8512,#8513,#8514,#8515,#8516,#8517,#8518,#8519,#8520,#8521,#8522,#8523,
#8524,#8525,#8526,#8527,#8528,#8529,#8530,#8531,#8532,#8533,#8534,#8535,#8536,
#8537,#8538,#8539,#8540)),.UNSPECIFIED.,.F.,.F.,.F.,(4,4),(4,1,1,1,1,1,1,1,1,1,
1,1,1,1,1,1,1,1,1,1,1,1,1,1,1,1,1,1,1,1,1,1,4),(-3.840153606148E-2,
1.038401536061E0),(-1.475028467595E-2,9.218927922471E-3,3.318814052090E-2,
5.715735311932E-2,8.112656571775E-2,1.050957783162E-1,1.290649909146E-1,
1.530342035130E-1,1.770034161114E-1,2.009726287099E-1,2.249418413083E-1,
2.489110539067E-1,2.728802665051E-1,2.968494791036E-1,3.208186917020E-1,
3.447879043004E-1,3.687571168988E-1,3.927263294973E-1,4.166955420957E-1,
4.406647546941E-1,4.646339672926E-1,4.886031798910E-1,5.125723924894E-1,
5.365416050878E-1,5.605108176863E-1,5.844800302847E-1,6.084492428831E-1,
6.324184554815E-1,6.563876680800E-1,6.803568806784E-1,7.043260932768E-1,
7.282953058752E-1,7.522645184737E-1),.UNSPECIFIED.);
#8542=ORIENTED_EDGE('',*,*,#7780,.T.);
#8543=ORIENTED_EDGE('',*,*,#8179,.F.);
#8545=ORIENTED_EDGE('',*,*,#8544,.T.);
#8546=ORIENTED_EDGE('',*,*,#8390,.T.);
#8547=EDGE_LOOP('',(#8542,#8543,#8545,#8546));
#8548=FACE_OUTER_BOUND('',#8547,.F.);
#8550=CARTESIAN_POINT('',(-1.378239246424E1,-3.293166391358E0,
-9.386261347366E1));
#8551=CARTESIAN_POINT('',(-1.344467202771E1,-3.339047334002E0,
-9.384221142345E1));
#8552=CARTESIAN_POINT('',(-1.275506282425E1,-3.326077510363E0,
-9.380140732303E1));
#8553=CARTESIAN_POINT('',(-1.177506303477E1,-2.994284554520E0,
-9.374020117239E1));
#8554=CARTESIAN_POINT('',(-1.094156594600E1,-2.381303291227E0,
-9.367899502176E1));
#8555=CARTESIAN_POINT('',(-1.033282758719E1,-1.544699579995E0,
-9.361778887112E1));
#8556=CARTESIAN_POINT('',(-1.000601746729E1,-5.630364406985E-1,
-9.355658272049E1));
#8557=CARTESIAN_POINT('',(-9.991824462096E0,4.715001674269E-1,
-9.349537656986E1));
#8558=CARTESIAN_POINT('',(-1.029158170976E1,1.461759250927E0,
-9.343417041922E1));
#8559=CARTESIAN_POINT('',(-1.087713959140E1,2.314747767868E0,
-9.337296426859E1));
#8560=CARTESIAN_POINT('',(-1.169350968893E1,2.950363464357E0,
-9.331175811795E1));
#8561=CARTESIAN_POINT('',(-1.266402849406E1,3.308917081448E0,
-9.325055196732E1));
#8562=CARTESIAN_POINT('',(-1.369755674320E1,3.356737645637E0,
-9.318934581669E1));
#8563=CARTESIAN_POINT('',(-1.469703809385E1,3.089334433909E0,
-9.312813966605E1));
#8564=CARTESIAN_POINT('',(-1.556861347266E1,2.531818687903E0,
-9.306693351542E1));
#8565=CARTESIAN_POINT('',(-1.623043517182E1,1.736545472901E0,
-9.300572736478E1));
#8566=CARTESIAN_POINT('',(-1.662035298569E1,7.781971299657E-1,
-9.294452121415E1));
#8567=CARTESIAN_POINT('',(-1.670175059850E1,-2.532299768177E-1,
-9.288331506352E1));
#8568=CARTESIAN_POINT('',(-1.646698414124E1,-1.260876818984E0,
-9.282210891288E1));
#8569=CARTESIAN_POINT('',(-1.593810001043E1,-2.150117519893E0,
-9.276090276225E1));
#8570=CARTESIAN_POINT('',(-1.516476453996E1,-2.837445460613E0,
-9.269969661161E1));
#8571=CARTESIAN_POINT('',(-1.421959994604E1,-3.258315201007E0,
-9.263849046098E1));
#8572=CARTESIAN_POINT('',(-1.319136453617E1,-3.373203798644E0,
-9.257728431035E1));
#8573=CARTESIAN_POINT('',(-1.217661761365E1,-3.171322320523E0,
-9.251607815971E1));
#8574=CARTESIAN_POINT('',(-1.127065180789E1,-2.671629007810E0,
-9.245487200908E1));
#8575=CARTESIAN_POINT('',(-1.055854435526E1,-1.921048949524E0,
-9.239366585844E1));
#8576=CARTESIAN_POINT('',(-1.010716768483E1,-9.900674516565E-1,
-9.233245970781E1));
#8577=CARTESIAN_POINT('',(-9.958909577067E0,3.388908133704E-2,
-9.227125355718E1));
#8578=CARTESIAN_POINT('',(-1.012769262153E1,1.054663165981E0,
-9.221004740654E1));
#8579=CARTESIAN_POINT('',(-1.059766677744E1,1.976396175454E0,
-9.214884125591E1));
#8580=CARTESIAN_POINT('',(-1.132469781579E1,2.712530210304E0,
-9.208763510527E1));
#8581=CARTESIAN_POINT('',(-1.224051186672E1,3.193936558507E0,
-9.202642895464E1));
#8582=CARTESIAN_POINT('',(-1.325910686704E1,3.375407419264E0,
-9.196522280401E1));
#8583=CARTESIAN_POINT('',(-1.428482882289E1,3.239901267146E0,
-9.190401665337E1));
#8584=CARTESIAN_POINT('',(-1.522135446386E1,2.800143183895E0,
-9.184281050274E1));
#8585=CARTESIAN_POINT('',(-1.598073674733E1,2.097429874265E0,
-9.178160435210E1));
#8586=CARTESIAN_POINT('',(-1.649166376990E1,1.197751584211E0,
-9.172039820147E1));
#8587=CARTESIAN_POINT('',(-1.670615550979E1,1.855951034760E-1,
-9.165919205084E1));
#8588=CARTESIAN_POINT('',(-1.660406952419E1,-8.439902011601E-1,
-9.159798590020E1));
#8589=CARTESIAN_POINT('',(-1.619499248123E1,-1.794318260779E0,
-9.153677974957E1));
#8590=CARTESIAN_POINT('',(-1.551733989732E1,-2.576145878288E0,
-9.147557359893E1));
#8591=CARTESIAN_POINT('',(-1.463474862133E1,-3.116053358817E0,
-9.141436744830E1));
#8592=CARTESIAN_POINT('',(-1.363010083948E1,-3.363339190179E0,
-9.135316129767E1));
#8593=CARTESIAN_POINT('',(-1.259774079330E1,-3.294781309251E0,
-9.129195514703E1));
#8594=CARTESIAN_POINT('',(-1.163461512154E1,-2.916817834343E0,
-9.123074899640E1));
#8595=CARTESIAN_POINT('',(-1.083116881660E1,-2.264942475805E0,
-9.116954284576E1));
#8596=CARTESIAN_POINT('',(-1.026285173629E1,-1.400371400530E0,
-9.110833669513E1));
#8597=CARTESIAN_POINT('',(-9.983033275186E0,-4.042945577087E-1,
-9.104713054450E1));
#8598=CARTESIAN_POINT('',(-1.001799056341E1,6.297486889589E-1,
-9.098592439386E1));
#8599=CARTESIAN_POINT('',(-1.036444083968E1,1.604653635121E0,
-9.092471824323E1));
#8600=CARTESIAN_POINT('',(-1.098984972813E1,2.428869122862E0,
-9.086351209259E1));
#8601=CARTESIAN_POINT('',(-1.183548646927E1,3.024994906576E0,
-9.080230594196E1));
#8602=CARTESIAN_POINT('',(-1.282193919518E1,3.337050138104E0,
-9.074109979133E1));
#8603=CARTESIAN_POINT('',(-1.385657232160E1,3.335730403822E0,
-9.067989364069E1));
#8604=CARTESIAN_POINT('',(-1.484222574986E1,3.021159637065E0,
-9.061868749006E1));
#8605=CARTESIAN_POINT('',(-1.568633895606E1,2.422878479702E0,
-9.055748133942E1));
#8606=CARTESIAN_POINT('',(-1.630964314372E1,1.597070186522E0,
-9.049627518879E1));
#8607=CARTESIAN_POINT('',(-1.665360520234E1,6.212845789232E-1,
-9.043506903816E1));
#8608=CARTESIAN_POINT('',(-1.668592441455E1,-4.128444803856E-1,
-9.037386288752E1));
#8609=CARTESIAN_POINT('',(-1.640356577173E1,-1.408204242885E0,
-9.031265673689E1));
#8610=CARTESIAN_POINT('',(-1.583304488411E1,-2.271322630902E0,
-9.025145058625E1));
#8611=CARTESIAN_POINT('',(-1.502793833493E1,-2.921146313144E0,
-9.019024443562E1));
#8612=CARTESIAN_POINT('',(-1.406385101852E1,-3.296651047422E0,
-9.012903828499E1));
#8613=CARTESIAN_POINT('',(-1.303132149249E1,-3.362576793622E0,
-9.006783213435E1));
#8614=CARTESIAN_POINT('',(-1.202730014723E1,-3.112722253564E0,
-9.000662598372E1));
#8615=CARTESIAN_POINT('',(-1.143984524441E1,-2.751300329798E0,
-8.996582188330E1));
#8616=CARTESIAN_POINT('',(-1.118035436774E1,-2.530337348577E0,
-8.994541983309E1));
#8617=CARTESIAN_POINT('',(-1.378239246424E1,-3.293166391358E0,
-9.375044648698E1));
#8618=CARTESIAN_POINT('',(-1.344467202771E1,-3.339047334002E0,
-9.373004443677E1));
#8619=CARTESIAN_POINT('',(-1.275506282425E1,-3.326077510363E0,
-9.368924033635E1));
#8620=CARTESIAN_POINT('',(-1.177506303477E1,-2.994284554520E0,
-9.362803418571E1));
#8621=CARTESIAN_POINT('',(-1.094156594600E1,-2.381303291227E0,
-9.356682803508E1));
#8622=CARTESIAN_POINT('',(-1.033282758719E1,-1.544699579995E0,
-9.350562188444E1));
#8623=CARTESIAN_POINT('',(-1.000601746729E1,-5.630364406985E-1,
-9.344441573381E1));
#8624=CARTESIAN_POINT('',(-9.991824462096E0,4.715001674269E-1,
-9.338320958318E1));
#8625=CARTESIAN_POINT('',(-1.029158170976E1,1.461759250927E0,
-9.332200343254E1));
#8626=CARTESIAN_POINT('',(-1.087713959140E1,2.314747767868E0,
-9.326079728191E1));
#8627=CARTESIAN_POINT('',(-1.169350968893E1,2.950363464357E0,
-9.319959113127E1));
#8628=CARTESIAN_POINT('',(-1.266402849406E1,3.308917081448E0,
-9.313838498064E1));
#8629=CARTESIAN_POINT('',(-1.369755674320E1,3.356737645637E0,
-9.307717883001E1));
#8630=CARTESIAN_POINT('',(-1.469703809385E1,3.089334433909E0,
-9.301597267937E1));
#8631=CARTESIAN_POINT('',(-1.556861347266E1,2.531818687903E0,
-9.295476652874E1));
#8632=CARTESIAN_POINT('',(-1.623043517182E1,1.736545472901E0,
-9.289356037810E1));
#8633=CARTESIAN_POINT('',(-1.662035298569E1,7.781971299657E-1,
-9.283235422747E1));
#8634=CARTESIAN_POINT('',(-1.670175059850E1,-2.532299768177E-1,
-9.277114807684E1));
#8635=CARTESIAN_POINT('',(-1.646698414124E1,-1.260876818984E0,
-9.270994192620E1));
#8636=CARTESIAN_POINT('',(-1.593810001043E1,-2.150117519893E0,
-9.264873577557E1));
#8637=CARTESIAN_POINT('',(-1.516476453996E1,-2.837445460613E0,
-9.258752962493E1));
#8638=CARTESIAN_POINT('',(-1.421959994604E1,-3.258315201007E0,
-9.252632347430E1));
#8639=CARTESIAN_POINT('',(-1.319136453617E1,-3.373203798644E0,
-9.246511732367E1));
#8640=CARTESIAN_POINT('',(-1.217661761365E1,-3.171322320523E0,
-9.240391117303E1));
#8641=CARTESIAN_POINT('',(-1.127065180789E1,-2.671629007810E0,
-9.234270502240E1));
#8642=CARTESIAN_POINT('',(-1.055854435526E1,-1.921048949524E0,
-9.228149887176E1));
#8643=CARTESIAN_POINT('',(-1.010716768483E1,-9.900674516565E-1,
-9.222029272113E1));
#8644=CARTESIAN_POINT('',(-9.958909577067E0,3.388908133704E-2,
-9.215908657050E1));
#8645=CARTESIAN_POINT('',(-1.012769262153E1,1.054663165981E0,
-9.209788041986E1));
#8646=CARTESIAN_POINT('',(-1.059766677744E1,1.976396175454E0,
-9.203667426923E1));
#8647=CARTESIAN_POINT('',(-1.132469781579E1,2.712530210304E0,
-9.197546811859E1));
#8648=CARTESIAN_POINT('',(-1.224051186672E1,3.193936558507E0,
-9.191426196796E1));
#8649=CARTESIAN_POINT('',(-1.325910686704E1,3.375407419264E0,
-9.185305581733E1));
#8650=CARTESIAN_POINT('',(-1.428482882289E1,3.239901267146E0,
-9.179184966669E1));
#8651=CARTESIAN_POINT('',(-1.522135446386E1,2.800143183895E0,
-9.173064351606E1));
#8652=CARTESIAN_POINT('',(-1.598073674733E1,2.097429874265E0,
-9.166943736543E1));
#8653=CARTESIAN_POINT('',(-1.649166376990E1,1.197751584211E0,
-9.160823121479E1));
#8654=CARTESIAN_POINT('',(-1.670615550979E1,1.855951034760E-1,
-9.154702506416E1));
#8655=CARTESIAN_POINT('',(-1.660406952419E1,-8.439902011601E-1,
-9.148581891352E1));
#8656=CARTESIAN_POINT('',(-1.619499248123E1,-1.794318260779E0,
-9.142461276289E1));
#8657=CARTESIAN_POINT('',(-1.551733989732E1,-2.576145878288E0,
-9.136340661226E1));
#8658=CARTESIAN_POINT('',(-1.463474862133E1,-3.116053358817E0,
-9.130220046162E1));
#8659=CARTESIAN_POINT('',(-1.363010083948E1,-3.363339190179E0,
-9.124099431099E1));
#8660=CARTESIAN_POINT('',(-1.259774079330E1,-3.294781309251E0,
-9.117978816035E1));
#8661=CARTESIAN_POINT('',(-1.163461512154E1,-2.916817834343E0,
-9.111858200972E1));
#8662=CARTESIAN_POINT('',(-1.083116881660E1,-2.264942475805E0,
-9.105737585909E1));
#8663=CARTESIAN_POINT('',(-1.026285173629E1,-1.400371400530E0,
-9.099616970845E1));
#8664=CARTESIAN_POINT('',(-9.983033275186E0,-4.042945577087E-1,
-9.093496355782E1));
#8665=CARTESIAN_POINT('',(-1.001799056341E1,6.297486889589E-1,
-9.087375740718E1));
#8666=CARTESIAN_POINT('',(-1.036444083968E1,1.604653635121E0,
-9.081255125655E1));
#8667=CARTESIAN_POINT('',(-1.098984972813E1,2.428869122862E0,
-9.075134510592E1));
#8668=CARTESIAN_POINT('',(-1.183548646927E1,3.024994906576E0,
-9.069013895528E1));
#8669=CARTESIAN_POINT('',(-1.282193919518E1,3.337050138104E0,
-9.062893280465E1));
#8670=CARTESIAN_POINT('',(-1.385657232160E1,3.335730403822E0,
-9.056772665401E1));
#8671=CARTESIAN_POINT('',(-1.484222574986E1,3.021159637065E0,
-9.050652050338E1));
#8672=CARTESIAN_POINT('',(-1.568633895606E1,2.422878479702E0,
-9.044531435275E1));
#8673=CARTESIAN_POINT('',(-1.630964314372E1,1.597070186522E0,
-9.038410820211E1));
#8674=CARTESIAN_POINT('',(-1.665360520234E1,6.212845789232E-1,
-9.032290205148E1));
#8675=CARTESIAN_POINT('',(-1.668592441455E1,-4.128444803856E-1,
-9.026169590084E1));
#8676=CARTESIAN_POINT('',(-1.640356577173E1,-1.408204242885E0,
-9.020048975021E1));
#8677=CARTESIAN_POINT('',(-1.583304488411E1,-2.271322630902E0,
-9.013928359958E1));
#8678=CARTESIAN_POINT('',(-1.502793833493E1,-2.921146313144E0,
-9.007807744894E1));
#8679=CARTESIAN_POINT('',(-1.406385101852E1,-3.296651047422E0,
-9.001687129831E1));
#8680=CARTESIAN_POINT('',(-1.303132149249E1,-3.362576793622E0,
-8.995566514767E1));
#8681=CARTESIAN_POINT('',(-1.202730014723E1,-3.112722253564E0,
-8.989445899704E1));
#8682=CARTESIAN_POINT('',(-1.143984524441E1,-2.751300329798E0,
-8.985365489662E1));
#8683=CARTESIAN_POINT('',(-1.118035436774E1,-2.530337348577E0,
-8.983325284641E1));
#8684=CARTESIAN_POINT('',(-1.378239246424E1,-3.293166391358E0,
-9.363827950030E1));
#8685=CARTESIAN_POINT('',(-1.344467202771E1,-3.339047334002E0,
-9.361787745009E1));
#8686=CARTESIAN_POINT('',(-1.275506282425E1,-3.326077510363E0,
-9.357707334967E1));
#8687=CARTESIAN_POINT('',(-1.177506303477E1,-2.994284554520E0,
-9.351586719903E1));
#8688=CARTESIAN_POINT('',(-1.094156594600E1,-2.381303291227E0,
-9.345466104840E1));
#8689=CARTESIAN_POINT('',(-1.033282758719E1,-1.544699579995E0,
-9.339345489777E1));
#8690=CARTESIAN_POINT('',(-1.000601746729E1,-5.630364406985E-1,
-9.333224874713E1));
#8691=CARTESIAN_POINT('',(-9.991824462096E0,4.715001674269E-1,
-9.327104259650E1));
#8692=CARTESIAN_POINT('',(-1.029158170976E1,1.461759250927E0,
-9.320983644586E1));
#8693=CARTESIAN_POINT('',(-1.087713959140E1,2.314747767868E0,
-9.314863029523E1));
#8694=CARTESIAN_POINT('',(-1.169350968893E1,2.950363464357E0,
-9.308742414460E1));
#8695=CARTESIAN_POINT('',(-1.266402849406E1,3.308917081448E0,
-9.302621799396E1));
#8696=CARTESIAN_POINT('',(-1.369755674320E1,3.356737645637E0,
-9.296501184333E1));
#8697=CARTESIAN_POINT('',(-1.469703809385E1,3.089334433909E0,
-9.290380569269E1));
#8698=CARTESIAN_POINT('',(-1.556861347266E1,2.531818687903E0,
-9.284259954206E1));
#8699=CARTESIAN_POINT('',(-1.623043517182E1,1.736545472901E0,
-9.278139339143E1));
#8700=CARTESIAN_POINT('',(-1.662035298569E1,7.781971299657E-1,
-9.272018724079E1));
#8701=CARTESIAN_POINT('',(-1.670175059850E1,-2.532299768177E-1,
-9.265898109016E1));
#8702=CARTESIAN_POINT('',(-1.646698414124E1,-1.260876818984E0,
-9.259777493952E1));
#8703=CARTESIAN_POINT('',(-1.593810001043E1,-2.150117519893E0,
-9.253656878889E1));
#8704=CARTESIAN_POINT('',(-1.516476453996E1,-2.837445460613E0,
-9.247536263826E1));
#8705=CARTESIAN_POINT('',(-1.421959994604E1,-3.258315201007E0,
-9.241415648762E1));
#8706=CARTESIAN_POINT('',(-1.319136453617E1,-3.373203798644E0,
-9.235295033699E1));
#8707=CARTESIAN_POINT('',(-1.217661761365E1,-3.171322320523E0,
-9.229174418635E1));
#8708=CARTESIAN_POINT('',(-1.127065180789E1,-2.671629007810E0,
-9.223053803572E1));
#8709=CARTESIAN_POINT('',(-1.055854435526E1,-1.921048949524E0,
-9.216933188509E1));
#8710=CARTESIAN_POINT('',(-1.010716768483E1,-9.900674516565E-1,
-9.210812573445E1));
#8711=CARTESIAN_POINT('',(-9.958909577067E0,3.388908133704E-2,
-9.204691958382E1));
#8712=CARTESIAN_POINT('',(-1.012769262153E1,1.054663165981E0,
-9.198571343318E1));
#8713=CARTESIAN_POINT('',(-1.059766677744E1,1.976396175454E0,
-9.192450728255E1));
#8714=CARTESIAN_POINT('',(-1.132469781579E1,2.712530210304E0,
-9.186330113192E1));
#8715=CARTESIAN_POINT('',(-1.224051186672E1,3.193936558507E0,
-9.180209498128E1));
#8716=CARTESIAN_POINT('',(-1.325910686704E1,3.375407419264E0,
-9.174088883065E1));
#8717=CARTESIAN_POINT('',(-1.428482882289E1,3.239901267146E0,
-9.167968268001E1));
#8718=CARTESIAN_POINT('',(-1.522135446386E1,2.800143183895E0,
-9.161847652938E1));
#8719=CARTESIAN_POINT('',(-1.598073674733E1,2.097429874265E0,
-9.155727037875E1));
#8720=CARTESIAN_POINT('',(-1.649166376990E1,1.197751584211E0,
-9.149606422811E1));
#8721=CARTESIAN_POINT('',(-1.670615550979E1,1.855951034760E-1,
-9.143485807748E1));
#8722=CARTESIAN_POINT('',(-1.660406952419E1,-8.439902011601E-1,
-9.137365192684E1));
#8723=CARTESIAN_POINT('',(-1.619499248123E1,-1.794318260779E0,
-9.131244577621E1));
#8724=CARTESIAN_POINT('',(-1.551733989732E1,-2.576145878288E0,
-9.125123962558E1));
#8725=CARTESIAN_POINT('',(-1.463474862133E1,-3.116053358817E0,
-9.119003347494E1));
#8726=CARTESIAN_POINT('',(-1.363010083948E1,-3.363339190179E0,
-9.112882732431E1));
#8727=CARTESIAN_POINT('',(-1.259774079330E1,-3.294781309251E0,
-9.106762117367E1));
#8728=CARTESIAN_POINT('',(-1.163461512154E1,-2.916817834343E0,
-9.100641502304E1));
#8729=CARTESIAN_POINT('',(-1.083116881660E1,-2.264942475805E0,
-9.094520887241E1));
#8730=CARTESIAN_POINT('',(-1.026285173629E1,-1.400371400530E0,
-9.088400272177E1));
#8731=CARTESIAN_POINT('',(-9.983033275186E0,-4.042945577087E-1,
-9.082279657114E1));
#8732=CARTESIAN_POINT('',(-1.001799056341E1,6.297486889589E-1,
-9.076159042050E1));
#8733=CARTESIAN_POINT('',(-1.036444083968E1,1.604653635121E0,
-9.070038426987E1));
#8734=CARTESIAN_POINT('',(-1.098984972813E1,2.428869122862E0,
-9.063917811924E1));
#8735=CARTESIAN_POINT('',(-1.183548646927E1,3.024994906576E0,
-9.057797196860E1));
#8736=CARTESIAN_POINT('',(-1.282193919518E1,3.337050138104E0,
-9.051676581797E1));
#8737=CARTESIAN_POINT('',(-1.385657232160E1,3.335730403822E0,
-9.045555966733E1));
#8738=CARTESIAN_POINT('',(-1.484222574986E1,3.021159637065E0,
-9.039435351670E1));
#8739=CARTESIAN_POINT('',(-1.568633895606E1,2.422878479702E0,
-9.033314736607E1));
#8740=CARTESIAN_POINT('',(-1.630964314372E1,1.597070186522E0,
-9.027194121543E1));
#8741=CARTESIAN_POINT('',(-1.665360520234E1,6.212845789232E-1,
-9.021073506480E1));
#8742=CARTESIAN_POINT('',(-1.668592441455E1,-4.128444803857E-1,
-9.014952891416E1));
#8743=CARTESIAN_POINT('',(-1.640356577173E1,-1.408204242885E0,
-9.008832276353E1));
#8744=CARTESIAN_POINT('',(-1.583304488411E1,-2.271322630902E0,
-9.002711661290E1));
#8745=CARTESIAN_POINT('',(-1.502793833493E1,-2.921146313144E0,
-8.996591046226E1));
#8746=CARTESIAN_POINT('',(-1.406385101852E1,-3.296651047422E0,
-8.990470431163E1));
#8747=CARTESIAN_POINT('',(-1.303132149249E1,-3.362576793622E0,
-8.984349816099E1));
#8748=CARTESIAN_POINT('',(-1.202730014723E1,-3.112722253564E0,
-8.978229201036E1));
#8749=CARTESIAN_POINT('',(-1.143984524441E1,-2.751300329798E0,
-8.974148790994E1));
#8750=CARTESIAN_POINT('',(-1.118035436774E1,-2.530337348577E0,
-8.972108585973E1));
#8751=CARTESIAN_POINT('',(-1.378239246424E1,-3.293166391358E0,
-9.352611251362E1));
#8752=CARTESIAN_POINT('',(-1.344467202771E1,-3.339047334002E0,
-9.350571046341E1));
#8753=CARTESIAN_POINT('',(-1.275506282425E1,-3.326077510363E0,
-9.346490636299E1));
#8754=CARTESIAN_POINT('',(-1.177506303477E1,-2.994284554520E0,
-9.340370021235E1));
#8755=CARTESIAN_POINT('',(-1.094156594600E1,-2.381303291227E0,
-9.334249406172E1));
#8756=CARTESIAN_POINT('',(-1.033282758719E1,-1.544699579995E0,
-9.328128791109E1));
#8757=CARTESIAN_POINT('',(-1.000601746729E1,-5.630364406985E-1,
-9.322008176045E1));
#8758=CARTESIAN_POINT('',(-9.991824462096E0,4.715001674269E-1,
-9.315887560982E1));
#8759=CARTESIAN_POINT('',(-1.029158170976E1,1.461759250927E0,
-9.309766945918E1));
#8760=CARTESIAN_POINT('',(-1.087713959140E1,2.314747767868E0,
-9.303646330855E1));
#8761=CARTESIAN_POINT('',(-1.169350968893E1,2.950363464357E0,
-9.297525715792E1));
#8762=CARTESIAN_POINT('',(-1.266402849406E1,3.308917081448E0,
-9.291405100728E1));
#8763=CARTESIAN_POINT('',(-1.369755674320E1,3.356737645637E0,
-9.285284485665E1));
#8764=CARTESIAN_POINT('',(-1.469703809385E1,3.089334433909E0,
-9.279163870601E1));
#8765=CARTESIAN_POINT('',(-1.556861347266E1,2.531818687903E0,
-9.273043255538E1));
#8766=CARTESIAN_POINT('',(-1.623043517182E1,1.736545472901E0,
-9.266922640475E1));
#8767=CARTESIAN_POINT('',(-1.662035298569E1,7.781971299657E-1,
-9.260802025411E1));
#8768=CARTESIAN_POINT('',(-1.670175059850E1,-2.532299768177E-1,
-9.254681410348E1));
#8769=CARTESIAN_POINT('',(-1.646698414124E1,-1.260876818984E0,
-9.248560795284E1));
#8770=CARTESIAN_POINT('',(-1.593810001043E1,-2.150117519893E0,
-9.242440180221E1));
#8771=CARTESIAN_POINT('',(-1.516476453996E1,-2.837445460613E0,
-9.236319565158E1));
#8772=CARTESIAN_POINT('',(-1.421959994604E1,-3.258315201007E0,
-9.230198950094E1));
#8773=CARTESIAN_POINT('',(-1.319136453617E1,-3.373203798644E0,
-9.224078335031E1));
#8774=CARTESIAN_POINT('',(-1.217661761365E1,-3.171322320523E0,
-9.217957719967E1));
#8775=CARTESIAN_POINT('',(-1.127065180789E1,-2.671629007810E0,
-9.211837104904E1));
#8776=CARTESIAN_POINT('',(-1.055854435526E1,-1.921048949524E0,
-9.205716489841E1));
#8777=CARTESIAN_POINT('',(-1.010716768483E1,-9.900674516565E-1,
-9.199595874777E1));
#8778=CARTESIAN_POINT('',(-9.958909577067E0,3.388908133704E-2,
-9.193475259714E1));
#8779=CARTESIAN_POINT('',(-1.012769262153E1,1.054663165981E0,
-9.187354644650E1));
#8780=CARTESIAN_POINT('',(-1.059766677744E1,1.976396175454E0,
-9.181234029587E1));
#8781=CARTESIAN_POINT('',(-1.132469781579E1,2.712530210304E0,
-9.175113414524E1));
#8782=CARTESIAN_POINT('',(-1.224051186672E1,3.193936558507E0,
-9.168992799460E1));
#8783=CARTESIAN_POINT('',(-1.325910686704E1,3.375407419264E0,
-9.162872184397E1));
#8784=CARTESIAN_POINT('',(-1.428482882289E1,3.239901267146E0,
-9.156751569333E1));
#8785=CARTESIAN_POINT('',(-1.522135446386E1,2.800143183895E0,
-9.150630954270E1));
#8786=CARTESIAN_POINT('',(-1.598073674733E1,2.097429874265E0,
-9.144510339207E1));
#8787=CARTESIAN_POINT('',(-1.649166376990E1,1.197751584211E0,
-9.138389724143E1));
#8788=CARTESIAN_POINT('',(-1.670615550979E1,1.855951034760E-1,
-9.132269109080E1));
#8789=CARTESIAN_POINT('',(-1.660406952419E1,-8.439902011601E-1,
-9.126148494016E1));
#8790=CARTESIAN_POINT('',(-1.619499248123E1,-1.794318260779E0,
-9.120027878953E1));
#8791=CARTESIAN_POINT('',(-1.551733989732E1,-2.576145878288E0,
-9.113907263890E1));
#8792=CARTESIAN_POINT('',(-1.463474862133E1,-3.116053358817E0,
-9.107786648826E1));
#8793=CARTESIAN_POINT('',(-1.363010083948E1,-3.363339190179E0,
-9.101666033763E1));
#8794=CARTESIAN_POINT('',(-1.259774079330E1,-3.294781309251E0,
-9.095545418699E1));
#8795=CARTESIAN_POINT('',(-1.163461512154E1,-2.916817834343E0,
-9.089424803636E1));
#8796=CARTESIAN_POINT('',(-1.083116881660E1,-2.264942475805E0,
-9.083304188573E1));
#8797=CARTESIAN_POINT('',(-1.026285173629E1,-1.400371400530E0,
-9.077183573509E1));
#8798=CARTESIAN_POINT('',(-9.983033275186E0,-4.042945577087E-1,
-9.071062958446E1));
#8799=CARTESIAN_POINT('',(-1.001799056341E1,6.297486889589E-1,
-9.064942343382E1));
#8800=CARTESIAN_POINT('',(-1.036444083968E1,1.604653635121E0,
-9.058821728319E1));
#8801=CARTESIAN_POINT('',(-1.098984972813E1,2.428869122862E0,
-9.052701113256E1));
#8802=CARTESIAN_POINT('',(-1.183548646927E1,3.024994906576E0,
-9.046580498192E1));
#8803=CARTESIAN_POINT('',(-1.282193919518E1,3.337050138104E0,
-9.040459883129E1));
#8804=CARTESIAN_POINT('',(-1.385657232160E1,3.335730403822E0,
-9.034339268065E1));
#8805=CARTESIAN_POINT('',(-1.484222574986E1,3.021159637065E0,
-9.028218653002E1));
#8806=CARTESIAN_POINT('',(-1.568633895606E1,2.422878479702E0,
-9.022098037939E1));
#8807=CARTESIAN_POINT('',(-1.630964314372E1,1.597070186522E0,
-9.015977422875E1));
#8808=CARTESIAN_POINT('',(-1.665360520234E1,6.212845789232E-1,
-9.009856807812E1));
#8809=CARTESIAN_POINT('',(-1.668592441455E1,-4.128444803857E-1,
-9.003736192748E1));
#8810=CARTESIAN_POINT('',(-1.640356577173E1,-1.408204242885E0,
-8.997615577685E1));
#8811=CARTESIAN_POINT('',(-1.583304488411E1,-2.271322630902E0,
-8.991494962622E1));
#8812=CARTESIAN_POINT('',(-1.502793833493E1,-2.921146313144E0,
-8.985374347558E1));
#8813=CARTESIAN_POINT('',(-1.406385101852E1,-3.296651047422E0,
-8.979253732495E1));
#8814=CARTESIAN_POINT('',(-1.303132149249E1,-3.362576793622E0,
-8.973133117431E1));
#8815=CARTESIAN_POINT('',(-1.202730014723E1,-3.112722253564E0,
-8.967012502368E1));
#8816=CARTESIAN_POINT('',(-1.143984524441E1,-2.751300329798E0,
-8.962932092326E1));
#8817=CARTESIAN_POINT('',(-1.118035436774E1,-2.530337348577E0,
-8.960891887305E1));
#8818=B_SPLINE_SURFACE_WITH_KNOTS('',3,3,((#8550,#8551,#8552,#8553,#8554,#8555,
#8556,#8557,#8558,#8559,#8560,#8561,#8562,#8563,#8564,#8565,#8566,#8567,#8568,
#8569,#8570,#8571,#8572,#8573,#8574,#8575,#8576,#8577,#8578,#8579,#8580,#8581,
#8582,#8583,#8584,#8585,#8586,#8587,#8588,#8589,#8590,#8591,#8592,#8593,#8594,
#8595,#8596,#8597,#8598,#8599,#8600,#8601,#8602,#8603,#8604,#8605,#8606,#8607,
#8608,#8609,#8610,#8611,#8612,#8613,#8614,#8615,#8616),(#8617,#8618,#8619,#8620,
#8621,#8622,#8623,#8624,#8625,#8626,#8627,#8628,#8629,#8630,#8631,#8632,#8633,
#8634,#8635,#8636,#8637,#8638,#8639,#8640,#8641,#8642,#8643,#8644,#8645,#8646,
#8647,#8648,#8649,#8650,#8651,#8652,#8653,#8654,#8655,#8656,#8657,#8658,#8659,
#8660,#8661,#8662,#8663,#8664,#8665,#8666,#8667,#8668,#8669,#8670,#8671,#8672,
#8673,#8674,#8675,#8676,#8677,#8678,#8679,#8680,#8681,#8682,#8683),(#8684,#8685,
#8686,#8687,#8688,#8689,#8690,#8691,#8692,#8693,#8694,#8695,#8696,#8697,#8698,
#8699,#8700,#8701,#8702,#8703,#8704,#8705,#8706,#8707,#8708,#8709,#8710,#8711,
#8712,#8713,#8714,#8715,#8716,#8717,#8718,#8719,#8720,#8721,#8722,#8723,#8724,
#8725,#8726,#8727,#8728,#8729,#8730,#8731,#8732,#8733,#8734,#8735,#8736,#8737,
#8738,#8739,#8740,#8741,#8742,#8743,#8744,#8745,#8746,#8747,#8748,#8749,#8750),(
#8751,#8752,#8753,#8754,#8755,#8756,#8757,#8758,#8759,#8760,#8761,#8762,#8763,
#8764,#8765,#8766,#8767,#8768,#8769,#8770,#8771,#8772,#8773,#8774,#8775,#8776,
#8777,#8778,#8779,#8780,#8781,#8782,#8783,#8784,#8785,#8786,#8787,#8788,#8789,
#8790,#8791,#8792,#8793,#8794,#8795,#8796,#8797,#8798,#8799,#8800,#8801,#8802,
#8803,#8804,#8805,#8806,#8807,#8808,#8809,#8810,#8811,#8812,#8813,#8814,#8815,
#8816,#8817)),.UNSPECIFIED.,.F.,.F.,.F.,(4,4),(4,1,1,1,1,1,1,1,1,1,1,1,1,1,1,1,
1,1,1,1,1,1,1,1,1,1,1,1,1,1,1,1,1,1,1,1,1,1,1,1,1,1,1,1,1,1,1,1,1,1,1,1,1,1,1,1,
1,1,1,1,1,1,1,1,4),(-3.840153606149E-2,1.038401536061E0),(6.920339342442E-2,
8.403226093114E-2,9.886112843786E-2,1.136899959446E-1,1.285188634513E-1,
1.433477309580E-1,1.581765984647E-1,1.730054659715E-1,1.878343334782E-1,
2.026632009849E-1,2.174920684916E-1,2.323209359983E-1,2.471498035050E-1,
2.619786710118E-1,2.768075385185E-1,2.916364060252E-1,3.064652735319E-1,
3.212941410386E-1,3.361230085454E-1,3.509518760521E-1,3.657807435588E-1,
3.806096110655E-1,3.954384785722E-1,4.102673460790E-1,4.250962135857E-1,
4.399250810924E-1,4.547539485991E-1,4.695828161058E-1,4.844116836125E-1,
4.992405511193E-1,5.140694186260E-1,5.288982861327E-1,5.437271536394E-1,
5.585560211461E-1,5.733848886529E-1,5.882137561596E-1,6.030426236663E-1,
6.178714911730E-1,6.327003586797E-1,6.475292261865E-1,6.623580936932E-1,
6.771869611999E-1,6.920158287066E-1,7.068446962133E-1,7.216735637200E-1,
7.365024312268E-1,7.513312987335E-1,7.661601662402E-1,7.809890337469E-1,
7.958179012536E-1,8.106467687604E-1,8.254756362671E-1,8.403045037738E-1,
8.551333712805E-1,8.699622387872E-1,8.847911062940E-1,8.996199738007E-1,
9.144488413074E-1,9.292777088141E-1,9.441065763208E-1,9.589354438275E-1,
9.737643113343E-1,9.885931788410E-1,1.003422046348E0,1.018250913854E0),
.UNSPECIFIED.);
#8820=ORIENTED_EDGE('',*,*,#8819,.T.);
#8822=ORIENTED_EDGE('',*,*,#8821,.T.);
#8823=ORIENTED_EDGE('',*,*,#8544,.F.);
#8825=ORIENTED_EDGE('',*,*,#8824,.F.);
#8826=EDGE_LOOP('',(#8820,#8822,#8823,#8825));
#8827=FACE_OUTER_BOUND('',#8826,.F.);
#8829=CARTESIAN_POINT('',(-1.3335E1,0.E0,-9.33831E1));
#8830=DIRECTION('',(0.E0,0.E0,1.E0));
#8831=DIRECTION('',(0.E0,-1.E0,0.E0));
#8832=AXIS2_PLACEMENT_3D('',#8829,#8830,#8831);
#8833=CONICAL_SURFACE('',#8832,3.4031E0,4.5E1);
#8835=ORIENTED_EDGE('',*,*,#8834,.F.);
#8837=ORIENTED_EDGE('',*,*,#8836,.F.);
#8838=ORIENTED_EDGE('',*,*,#8819,.F.);
#8840=ORIENTED_EDGE('',*,*,#8839,.F.);
#8842=ORIENTED_EDGE('',*,*,#8841,.F.);
#8844=ORIENTED_EDGE('',*,*,#8843,.T.);
#8846=ORIENTED_EDGE('',*,*,#8845,.T.);
#8848=ORIENTED_EDGE('',*,*,#8847,.F.);
#8849=EDGE_LOOP('',(#8835,#8837,#8838,#8840,#8842,#8844,#8846,#8848));
#8850=FACE_OUTER_BOUND('',#8849,.F.);
#8852=CARTESIAN_POINT('',(-1.3335E1,0.E0,-7.747E1));
#8853=DIRECTION('',(0.E0,0.E0,-1.E0));
#8854=DIRECTION('',(0.E0,-1.E0,0.E0));
#8855=AXIS2_PLACEMENT_3D('',#8852,#8853,#8854);
#8856=CYLINDRICAL_SURFACE('',#8855,4.E0);
#8857=ORIENTED_EDGE('',*,*,#8193,.T.);
#8858=ORIENTED_EDGE('',*,*,#8395,.F.);
#8859=ORIENTED_EDGE('',*,*,#8206,.F.);
#8860=ORIENTED_EDGE('',*,*,#8169,.F.);
#8861=EDGE_LOOP('',(#8857,#8858,#8859,#8860));
#8862=FACE_OUTER_BOUND('',#8861,.F.);
#8864=CARTESIAN_POINT('',(-1.3335E1,0.E0,-7.747E1));
#8865=DIRECTION('',(0.E0,0.E0,-1.E0));
#8866=DIRECTION('',(0.E0,-1.E0,0.E0));
#8867=AXIS2_PLACEMENT_3D('',#8864,#8865,#8866);
#8868=CYLINDRICAL_SURFACE('',#8867,4.E0);
#8869=ORIENTED_EDGE('',*,*,#8203,.T.);
#8871=ORIENTED_EDGE('',*,*,#8870,.F.);
#8872=ORIENTED_EDGE('',*,*,#8225,.F.);
#8873=ORIENTED_EDGE('',*,*,#8173,.F.);
#8874=EDGE_LOOP('',(#8869,#8871,#8872,#8873));
#8875=FACE_OUTER_BOUND('',#8874,.F.);
#8877=CARTESIAN_POINT('',(-1.3335E1,0.E0,-7.747E1));
#8878=DIRECTION('',(0.E0,0.E0,-1.E0));
#8879=DIRECTION('',(0.E0,-1.E0,0.E0));
#8880=AXIS2_PLACEMENT_3D('',#8877,#8878,#8879);
#8881=CYLINDRICAL_SURFACE('',#8880,4.E0);
#8882=ORIENTED_EDGE('',*,*,#8220,.T.);
#8884=ORIENTED_EDGE('',*,*,#8883,.F.);
#8885=ORIENTED_EDGE('',*,*,#8239,.F.);
#8887=ORIENTED_EDGE('',*,*,#8886,.F.);
#8888=EDGE_LOOP('',(#8882,#8884,#8885,#8887));
#8889=FACE_OUTER_BOUND('',#8888,.F.);
#8891=CARTESIAN_POINT('',(-1.3335E1,0.E0,-7.747E1));
#8892=DIRECTION('',(0.E0,0.E0,-1.E0));
#8893=DIRECTION('',(0.E0,-1.E0,0.E0));
#8894=AXIS2_PLACEMENT_3D('',#8891,#8892,#8893);
#8895=CYLINDRICAL_SURFACE('',#8894,4.E0);
#8897=ORIENTED_EDGE('',*,*,#8896,.T.);
#8898=ORIENTED_EDGE('',*,*,#8834,.T.);
#8900=ORIENTED_EDGE('',*,*,#8899,.T.);
#8901=ORIENTED_EDGE('',*,*,#8243,.T.);
#8902=EDGE_LOOP('',(#8897,#8898,#8900,#8901));
#8903=FACE_OUTER_BOUND('',#8902,.F.);
#8905=CARTESIAN_POINT('',(-1.378057085844E1,-3.279757915640E0,
-9.354592549364E1));
#8906=CARTESIAN_POINT('',(-1.344422548643E1,-3.325452049168E0,
-9.352552344343E1));
#8907=CARTESIAN_POINT('',(-1.275742409988E1,-3.312535033540E0,
-9.348471934301E1));
#8908=CARTESIAN_POINT('',(-1.178141448333E1,-2.982093007853E0,
-9.342351319237E1));
#8909=CARTESIAN_POINT('',(-1.095131106622E1,-2.371607562691E0,
-9.336230704174E1));
#8910=CARTESIAN_POINT('',(-1.034505125011E1,-1.538410172067E0,
-9.330110089110E1));
#8911=CARTESIAN_POINT('',(-1.001957177222E1,-5.607439782032E-1,
-9.323989474047E1));
#8912=CARTESIAN_POINT('',(-1.000543655535E1,4.695804045620E-1,
-9.317868858984E1));
#8913=CARTESIAN_POINT('',(-1.030397330963E1,1.455807543332E0,
-9.311748243920E1));
#8914=CARTESIAN_POINT('',(-1.088714703035E1,2.305323027193E0,
-9.305627628857E1));
#8915=CARTESIAN_POINT('',(-1.170019319057E1,2.938350747060E0,
-9.299507013793E1));
#8916=CARTESIAN_POINT('',(-1.266676042561E1,3.295444475128E0,
-9.293386398730E1));
#8917=CARTESIAN_POINT('',(-1.369608055503E1,3.343070332826E0,
-9.287265783667E1));
#8918=CARTESIAN_POINT('',(-1.469149241151E1,3.076755881593E0,
-9.281145168603E1));
#8919=CARTESIAN_POINT('',(-1.555951907886E1,2.521510119989E0,
-9.275024553540E1));
#8920=CARTESIAN_POINT('',(-1.621864610088E1,1.729474944103E0,
-9.268903938476E1));
#8921=CARTESIAN_POINT('',(-1.660697632308E1,7.750286179380E-1,
-9.262783323413E1));
#8922=CARTESIAN_POINT('',(-1.668804251689E1,-2.521989241493E-1,
-9.256662708350E1));
#8923=CARTESIAN_POINT('',(-1.645423193613E1,-1.255743025485E0,
-9.250542093286E1));
#8924=CARTESIAN_POINT('',(-1.592750121306E1,-2.141363088707E0,
-9.244421478223E1));
#8925=CARTESIAN_POINT('',(-1.515731445986E1,-2.825892500927E0,
-9.238300863160E1));
#8926=CARTESIAN_POINT('',(-1.421599820368E1,-3.245048625602E0,
-9.232180248096E1));
#8927=CARTESIAN_POINT('',(-1.319194936317E1,-3.359469442146E0,
-9.226059633033E1));
#8928=CARTESIAN_POINT('',(-1.218133409021E1,-3.158409945843E0,
-9.219939017969E1));
#8929=CARTESIAN_POINT('',(-1.127905702017E1,-2.660751187373E0,
-9.213818402906E1));
#8930=CARTESIAN_POINT('',(-1.056984898846E1,-1.913227195282E0,
-9.207697787843E1));
#8931=CARTESIAN_POINT('',(-1.012031014594E1,-9.860362871763E-1,
-9.201577172779E1));
#8932=CARTESIAN_POINT('',(-9.972655686761E0,3.375109835342E-2,
-9.195456557716E1));
#8933=CARTESIAN_POINT('',(-1.014075151319E1,1.050368993209E0,
-9.189335942652E1));
#8934=CARTESIAN_POINT('',(-1.060881211955E1,1.968349069120E0,
-9.183215327589E1));
#8935=CARTESIAN_POINT('',(-1.133288297403E1,2.701485856288E0,
-9.177094712526E1));
#8936=CARTESIAN_POINT('',(-1.224496819107E1,3.180932107563E0,
-9.170974097462E1));
#8937=CARTESIAN_POINT('',(-1.325941587397E1,3.361664090492E0,
-9.164853482399E1));
#8938=CARTESIAN_POINT('',(-1.428096149425E1,3.226709666023E0,
-9.158732867335E1));
#8939=CARTESIAN_POINT('',(-1.521367397189E1,2.788742104379E0,
-9.152612252272E1));
#8940=CARTESIAN_POINT('',(-1.596996434998E1,2.088889966409E0,
-9.146491637209E1));
#8941=CARTESIAN_POINT('',(-1.647881107906E1,1.192874811791E0,
-9.140371022145E1));
#8942=CARTESIAN_POINT('',(-1.669242949312E1,1.848394333572E-1,
-9.134250407082E1));
#8943=CARTESIAN_POINT('',(-1.659075916142E1,-8.405538056752E-1,
-9.128129792018E1));
#8944=CARTESIAN_POINT('',(-1.618334771896E1,-1.787012503958E0,
-9.122009176955E1));
#8945=CARTESIAN_POINT('',(-1.550845426931E1,-2.565656827524E0,
-9.115888561892E1));
#8946=CARTESIAN_POINT('',(-1.462945655717E1,-3.103366017569E0,
-9.109767946828E1));
#8947=CARTESIAN_POINT('',(-1.362889930516E1,-3.349644998480E0,
-9.103647331765E1));
#8948=CARTESIAN_POINT('',(-1.260074262224E1,-3.281366258225E0,
-9.097526716701E1));
#8949=CARTESIAN_POINT('',(-1.164153841864E1,-2.904941701632E0,
-9.091406101638E1));
#8950=CARTESIAN_POINT('',(-1.084136343043E1,-2.255720522651E0,
-9.085285486575E1));
#8951=CARTESIAN_POINT('',(-1.027536031329E1,-1.394669640070E0,
-9.079164871511E1));
#8952=CARTESIAN_POINT('',(-9.996681162688E0,-4.026484296011E-1,
-9.073044256448E1));
#8953=CARTESIAN_POINT('',(-1.003149611861E1,6.271846004797E-1,
-9.066923641384E1));
#8954=CARTESIAN_POINT('',(-1.037653578589E1,1.598120117909E0,
-9.060803026321E1));
#8955=CARTESIAN_POINT('',(-1.099939825582E1,2.418979725005E0,
-9.054682411258E1));
#8956=CARTESIAN_POINT('',(-1.184159189741E1,3.012678319459E0,
-9.048561796194E1));
#8957=CARTESIAN_POINT('',(-1.282402817658E1,3.323462985064E0,
-9.042441181131E1));
#8958=CARTESIAN_POINT('',(-1.385444868466E1,3.322148624220E0,
-9.036320566067E1));
#8959=CARTESIAN_POINT('',(-1.483608892060E1,3.008858665653E0,
-9.030199951004E1));
#8960=CARTESIAN_POINT('',(-1.567676523049E1,2.413013473383E0,
-9.024079335941E1));
#8961=CARTESIAN_POINT('',(-1.629753156913E1,1.590567546124E0,
-9.017958720877E1));
#8962=CARTESIAN_POINT('',(-1.664009314981E1,6.187549529644E-1,
-9.011838105814E1));
#8963=CARTESIAN_POINT('',(-1.667228077093E1,-4.111635403624E-1,
-9.005717490750E1));
#8964=CARTESIAN_POINT('',(-1.639107178122E1,-1.402470590178E0,
-8.999596875687E1));
#8965=CARTESIAN_POINT('',(-1.582287382981E1,-2.262074700271E0,
-8.993476260624E1));
#8966=CARTESIAN_POINT('',(-1.502104535722E1,-2.909252556572E0,
-8.987355645560E1));
#8967=CARTESIAN_POINT('',(-1.406088342441E1,-3.283228383558E0,
-8.981235030497E1));
#8968=CARTESIAN_POINT('',(-1.303255795169E1,-3.348885706101E0,
-8.975114415433E1));
#8969=CARTESIAN_POINT('',(-1.203262458567E1,-3.100048475263E0,
-8.968993800370E1));
#8970=CARTESIAN_POINT('',(-1.144756156770E1,-2.740098119135E0,
-8.964913390328E1));
#8971=CARTESIAN_POINT('',(-1.118912723561E1,-2.520034812093E0,
-8.962873185307E1));
#8972=CARTESIAN_POINT('',(-1.381214535894E1,-3.512171494743E0,
-9.341050882697E1));
#8973=CARTESIAN_POINT('',(-1.345196553521E1,-3.561103652963E0,
-9.339010677676E1));
#8974=CARTESIAN_POINT('',(-1.271649532232E1,-3.547271298487E0,
-9.334930267634E1));
#8975=CARTESIAN_POINT('',(-1.167132270837E1,-3.193413150071E0,
-9.328809652571E1));
#8976=CARTESIAN_POINT('',(-1.078239564904E1,-2.539666857325E0,
-9.322689037507E1));
#8977=CARTESIAN_POINT('',(-1.013317442621E1,-1.647426576148E0,
-9.316568422444E1));
#8978=CARTESIAN_POINT('',(-9.784630486763E0,-6.004799947894E-1,
-9.310447807380E1));
#8979=CARTESIAN_POINT('',(-9.769493605619E0,5.028562942185E-1,
-9.304327192317E1));
#8980=CARTESIAN_POINT('',(-1.008918557847E1,1.558970474967E0,
-9.298206577254E1));
#8981=CARTESIAN_POINT('',(-1.071368475526E1,2.468685198889E0,
-9.292085962190E1));
#8982=CARTESIAN_POINT('',(-1.158434582882E1,3.146571180199E0,
-9.285965347127E1));
#8983=CARTESIAN_POINT('',(-1.261940694551E1,3.528969651345E0,
-9.279844732063E1));
#8984=CARTESIAN_POINT('',(-1.372166781674E1,3.579970421561E0,-9.273724117E1));
#8985=CARTESIAN_POINT('',(-1.478761757211E1,3.294784121743E0,
-9.267603501937E1));
#8986=CARTESIAN_POINT('',(-1.571715523805E1,2.700191963834E0,
-9.261482886873E1));
#8987=CARTESIAN_POINT('',(-1.642298999711E1,1.852030776596E0,
-9.255362271810E1));
#8988=CARTESIAN_POINT('',(-1.683883847497E1,8.299494930864E-1,
-9.249241656746E1));
#8989=CARTESIAN_POINT('',(-1.692564926479E1,-2.700705037339E-1,
-9.243121041683E1));
#8990=CARTESIAN_POINT('',(-1.667527015815E1,-1.344728779462E0,
-9.237000426620E1));
#8991=CARTESIAN_POINT('',(-1.611121370077E1,-2.293106562587E0,
-9.230879811556E1));
#8992=CARTESIAN_POINT('',(-1.528644918162E1,-3.026143802149E0,
-9.224759196493E1));
#8993=CARTESIAN_POINT('',(-1.427842840462E1,-3.475002599291E0,
-9.218638581429E1));
#8994=CARTESIAN_POINT('',(-1.318181236180E1,-3.597531621435E0,
-9.212517966366E1));
#8995=CARTESIAN_POINT('',(-1.209958182981E1,-3.382224440287E0,
-9.206397351303E1));
#8996=CARTESIAN_POINT('',(-1.113336667391E1,-2.849300074963E0,
-9.200276736239E1));
#8997=CARTESIAN_POINT('',(-1.037390201313E1,-2.048804268813E0,
-9.194156121176E1));
#8998=CARTESIAN_POINT('',(-9.892507486750E0,-1.055909804833E0,
-9.188035506112E1));
#8999=CARTESIAN_POINT('',(-9.734389785400E0,3.614280340261E-2,
-9.181914891049E1));
#9000=CARTESIAN_POINT('',(-9.914397391186E0,1.124801321255E0,
-9.175794275986E1));
#9001=CARTESIAN_POINT('',(-1.041562618971E1,2.107832245575E0,
-9.169673660922E1));
#9002=CARTESIAN_POINT('',(-1.119100689788E1,2.892921325888E0,
-9.163553045859E1));
#9003=CARTESIAN_POINT('',(-1.216772523577E1,3.406342590598E0,
-9.157432430795E1));
#9004=CARTESIAN_POINT('',(-1.325405975388E1,3.599881789209E0,
-9.151311815732E1));
#9005=CARTESIAN_POINT('',(-1.434799519071E1,3.455364085494E0,
-9.145191200669E1));
#9006=CARTESIAN_POINT('',(-1.534680249937E1,2.986360815987E0,
-9.139070585605E1));
#9007=CARTESIAN_POINT('',(-1.615668590417E1,2.236915035921E0,
-9.132949970542E1));
#9008=CARTESIAN_POINT('',(-1.670159105359E1,1.277405533741E0,
-9.126829355478E1));
#9009=CARTESIAN_POINT('',(-1.693034711544E1,1.979377154167E-1,
-9.120708740415E1));
#9010=CARTESIAN_POINT('',(-1.682147211612E1,-9.001179940788E-1,
-9.114588125352E1));
#9011=CARTESIAN_POINT('',(-1.638519026494E1,-1.913645622203E0,
-9.108467510288E1));
#9012=CARTESIAN_POINT('',(-1.566247182144E1,-2.747467040769E0,
-9.102346895225E1));
#9013=CARTESIAN_POINT('',(-1.472118566926E1,-3.323279932547E0,
-9.096226280161E1));
#9014=CARTESIAN_POINT('',(-1.364972590004E1,-3.587010987935E0,
-9.090105665098E1));
#9015=CARTESIAN_POINT('',(-1.254871092065E1,-3.513893809354E0,
-9.083985050035E1));
#9016=CARTESIAN_POINT('',(-1.152153460211E1,-3.110794668627E0,
-9.077864434971E1));
#9017=CARTESIAN_POINT('',(-1.066465679079E1,-2.415567710648E0,
-9.071743819908E1));
#9018=CARTESIAN_POINT('',(-1.005854497855E1,-1.493500154715E0,
-9.065623204844E1));
#9019=CARTESIAN_POINT('',(-9.760117779316E0,-4.311813167991E-1,
-9.059502589781E1));
#9020=CARTESIAN_POINT('',(-9.797399828460E0,6.716288007851E-1,
-9.053381974718E1));
#9021=CARTESIAN_POINT('',(-1.016689005156E1,1.711367749592E0,
-9.047261359654E1));
#9022=CARTESIAN_POINT('',(-1.083389044253E1,2.590395954533E0,
-9.041140744591E1));
#9023=CARTESIAN_POINT('',(-1.173576447627E1,3.226165829489E0,
-9.035020129527E1));
#9024=CARTESIAN_POINT('',(-1.278781916563E1,3.558973637753E0,
-9.028899514464E1));
#9025=CARTESIAN_POINT('',(-1.389125839168E1,3.557566137319E0,
-9.022778899401E1));
#9026=CARTESIAN_POINT('',(-1.494246062777E1,3.222075503446E0,
-9.016658284337E1));
#9027=CARTESIAN_POINT('',(-1.584270980708E1,2.584006916252E0,
-9.010537669274E1));
#9028=CARTESIAN_POINT('',(-1.650746552856E1,1.703279979696E0,
-9.004417054210E1));
#9029=CARTESIAN_POINT('',(-1.687430206034E1,6.626018029165E-1,
-8.998296439147E1));
#9030=CARTESIAN_POINT('',(-1.690877059377E1,-4.402998340982E-1,
-8.992175824084E1));
#9031=CARTESIAN_POINT('',(-1.660763428338E1,-1.501853903774E0,
-8.986055209020E1));
#9032=CARTESIAN_POINT('',(-1.599917210426E1,-2.422372164539E0,
-8.979934593957E1));
#9033=CARTESIAN_POINT('',(-1.514052363765E1,-3.115411003805E0,
-8.973813978894E1));
#9034=CARTESIAN_POINT('',(-1.411232172230E1,-3.515887890529E0,
-8.967693363830E1));
#9035=CARTESIAN_POINT('',(-1.301112599216E1,-3.586197889798E0,
-8.961572748767E1));
#9036=CARTESIAN_POINT('',(-1.194033431939E1,-3.319727299145E0,
-8.955452133703E1));
#9037=CARTESIAN_POINT('',(-1.131381196402E1,-2.934269770623E0,
-8.951371723661E1));
#9038=CARTESIAN_POINT('',(-1.103706419246E1,-2.698612111152E0,
-8.949331518640E1));
#9039=CARTESIAN_POINT('',(-1.384371985944E1,-3.744585073846E0,
-9.327509216031E1));
#9040=CARTESIAN_POINT('',(-1.345970558398E1,-3.796755256759E0,
-9.325469011010E1));
#9041=CARTESIAN_POINT('',(-1.267556654477E1,-3.782007563434E0,
-9.321388600967E1));
#9042=CARTESIAN_POINT('',(-1.156123093340E1,-3.404733292289E0,
-9.315267985904E1));
#9043=CARTESIAN_POINT('',(-1.061348023186E1,-2.707726151959E0,
-9.309147370841E1));
#9044=CARTESIAN_POINT('',(-9.921297602323E0,-1.756442980228E0,
-9.303026755777E1));
#9045=CARTESIAN_POINT('',(-9.549689201310E0,-6.402160113756E-1,
-9.296906140714E1));
#9046=CARTESIAN_POINT('',(-9.533550655887E0,5.361321838750E-1,
-9.290785525650E1));
#9047=CARTESIAN_POINT('',(-9.874397847308E0,1.662133406602E0,
-9.284664910587E1));
#9048=CARTESIAN_POINT('',(-1.054022248017E1,2.632047370586E0,
-9.278544295524E1));
#9049=CARTESIAN_POINT('',(-1.146849846706E1,3.354791613337E0,
-9.272423680460E1));
#9050=CARTESIAN_POINT('',(-1.257205346541E1,3.762494827562E0,
-9.266303065397E1));
#9051=CARTESIAN_POINT('',(-1.374725507845E1,3.816870510296E0,
-9.260182450333E1));
#9052=CARTESIAN_POINT('',(-1.488374273272E1,3.512812361894E0,
-9.254061835270E1));
#9053=CARTESIAN_POINT('',(-1.587479139724E1,2.878873807678E0,
-9.247941220207E1));
#9054=CARTESIAN_POINT('',(-1.662733389334E1,1.974586609090E0,
-9.241820605143E1));
#9055=CARTESIAN_POINT('',(-1.707070062685E1,8.848703682349E-1,
-9.235699990080E1));
#9056=CARTESIAN_POINT('',(-1.716325601269E1,-2.879420833185E-1,
-9.229579375016E1));
#9057=CARTESIAN_POINT('',(-1.689630838017E1,-1.433714533440E0,
-9.223458759953E1));
#9058=CARTESIAN_POINT('',(-1.629492618848E1,-2.444850036467E0,
-9.217338144890E1));
#9059=CARTESIAN_POINT('',(-1.541558390338E1,-3.226395103371E0,
-9.211217529826E1));
#9060=CARTESIAN_POINT('',(-1.434085860556E1,-3.704956572980E0,
-9.205096914763E1));
#9061=CARTESIAN_POINT('',(-1.317167536043E1,-3.835593800723E0,
-9.198976299699E1));
#9062=CARTESIAN_POINT('',(-1.201782956940E1,-3.606038934731E0,
-9.192855684636E1));
#9063=CARTESIAN_POINT('',(-1.098767632765E1,-3.037848962553E0,
-9.186735069573E1));
#9064=CARTESIAN_POINT('',(-1.017795503781E1,-2.184381342344E0,
-9.180614454509E1));
#9065=CARTESIAN_POINT('',(-9.664704827559E0,-1.125783322490E0,
-9.174493839446E1));
#9066=CARTESIAN_POINT('',(-9.496123884039E0,3.853450845180E-2,
-9.168373224382E1));
#9067=CARTESIAN_POINT('',(-9.688043269187E0,1.199233649302E0,
-9.162252609319E1));
#9068=CARTESIAN_POINT('',(-1.022244025986E1,2.247315422031E0,
-9.156131994256E1));
#9069=CARTESIAN_POINT('',(-1.104913082173E1,3.084356795489E0,
-9.150011379192E1));
#9070=CARTESIAN_POINT('',(-1.209048228048E1,3.631753073633E0,
-9.143890764129E1));
#9071=CARTESIAN_POINT('',(-1.324870363379E1,3.838099487926E0,
-9.137770149065E1));
#9072=CARTESIAN_POINT('',(-1.441502888717E1,3.684018504965E0,
-9.131649534002E1));
#9073=CARTESIAN_POINT('',(-1.547993102684E1,3.183979527595E0,
-9.125528918939E1));
#9074=CARTESIAN_POINT('',(-1.634340745836E1,2.384940105433E0,
-9.119408303875E1));
#9075=CARTESIAN_POINT('',(-1.692437102812E1,1.361936255691E0,
-9.113287688812E1));
#9076=CARTESIAN_POINT('',(-1.716826473777E1,2.110359974761E-1,
-9.107167073748E1));
#9077=CARTESIAN_POINT('',(-1.705218507081E1,-9.596821824825E-1,
-9.101046458685E1));
#9078=CARTESIAN_POINT('',(-1.658703281092E1,-2.040278740448E0,
-9.094925843622E1));
#9079=CARTESIAN_POINT('',(-1.581648937357E1,-2.929277254014E0,
-9.088805228558E1));
#9080=CARTESIAN_POINT('',(-1.481291478134E1,-3.543193847525E0,
-9.082684613495E1));
#9081=CARTESIAN_POINT('',(-1.367055249491E1,-3.824376977391E0,
-9.076563998431E1));
#9082=CARTESIAN_POINT('',(-1.249667921906E1,-3.746421360484E0,
-9.070443383368E1));
#9083=CARTESIAN_POINT('',(-1.140153078557E1,-3.316647635623E0,
-9.064322768305E1));
#9084=CARTESIAN_POINT('',(-1.048795015114E1,-2.575414898644E0,
-9.058202153241E1));
#9085=CARTESIAN_POINT('',(-9.841729643808E0,-1.592330669361E0,
-9.052081538178E1));
#9086=CARTESIAN_POINT('',(-9.523554395943E0,-4.597142039971E-1,
-9.045960923114E1));
#9087=CARTESIAN_POINT('',(-9.563303538307E0,7.160730010904E-1,
-9.039840308051E1));
#9088=CARTESIAN_POINT('',(-9.957244317234E0,1.824615381274E0,
-9.033719692988E1));
#9089=CARTESIAN_POINT('',(-1.066838262925E1,2.761812184062E0,
-9.027599077924E1));
#9090=CARTESIAN_POINT('',(-1.162993705513E1,3.439653339519E0,
-9.021478462861E1));
#9091=CARTESIAN_POINT('',(-1.275161015467E1,3.794484290442E0,
-9.015357847797E1));
#9092=CARTESIAN_POINT('',(-1.392806809869E1,3.792983650417E0,
-9.009237232734E1));
#9093=CARTESIAN_POINT('',(-1.504883233494E1,3.435292341239E0,
-9.003116617671E1));
#9094=CARTESIAN_POINT('',(-1.600865438367E1,2.755000359121E0,
-8.996996002607E1));
#9095=CARTESIAN_POINT('',(-1.671739948798E1,1.815992413268E0,
-8.990875387544E1));
#9096=CARTESIAN_POINT('',(-1.710851097086E1,7.064486528685E-1,
-8.984754772480E1));
#9097=CARTESIAN_POINT('',(-1.714526041662E1,-4.694361278339E-1,
-8.978634157417E1));
#9098=CARTESIAN_POINT('',(-1.682419678553E1,-1.601237217370E0,
-8.972513542354E1));
#9099=CARTESIAN_POINT('',(-1.617547037871E1,-2.582669628806E0,
-8.966392927290E1));
#9100=CARTESIAN_POINT('',(-1.526000191809E1,-3.321569451038E0,
-8.960272312227E1));
#9101=CARTESIAN_POINT('',(-1.416376002020E1,-3.748547397499E0,
-8.954151697163E1));
#9102=CARTESIAN_POINT('',(-1.298969403263E1,-3.823510073496E0,
-8.948031082100E1));
#9103=CARTESIAN_POINT('',(-1.184804405310E1,-3.539406123028E0,
-8.941910467037E1));
#9104=CARTESIAN_POINT('',(-1.118006236034E1,-3.128441422111E0,
-8.937830056994E1));
#9105=CARTESIAN_POINT('',(-1.088500114930E1,-2.877189410211E0,
-8.935789851973E1));
#9106=CARTESIAN_POINT('',(-1.387529435994E1,-3.976998652949E0,
-9.313967549364E1));
#9107=CARTESIAN_POINT('',(-1.346744563275E1,-4.032406860555E0,
-9.311927344343E1));
#9108=CARTESIAN_POINT('',(-1.263463776722E1,-4.016743828381E0,
-9.307846934301E1));
#9109=CARTESIAN_POINT('',(-1.145113915844E1,-3.616053434506E0,
-9.301726319237E1));
#9110=CARTESIAN_POINT('',(-1.044456481468E1,-2.875785446592E0,
-9.295605704174E1));
#9111=CARTESIAN_POINT('',(-9.709420778432E0,-1.865459384309E0,
-9.289485089110E1));
#9112=CARTESIAN_POINT('',(-9.314747915856E0,-6.799520279618E-1,
-9.283364474047E1));
#9113=CARTESIAN_POINT('',(-9.297607706156E0,5.694080735315E-1,
-9.277243858984E1));
#9114=CARTESIAN_POINT('',(-9.659610116145E0,1.765296338237E0,
-9.271123243920E1));
#9115=CARTESIAN_POINT('',(-1.036676020508E1,2.795409542282E0,
-9.265002628857E1));
#9116=CARTESIAN_POINT('',(-1.135265110531E1,3.563012046475E0,
-9.258882013793E1));
#9117=CARTESIAN_POINT('',(-1.252469998531E1,3.996020003779E0,
-9.252761398730E1));
#9118=CARTESIAN_POINT('',(-1.377284234016E1,4.053770599031E0,
-9.246640783667E1));
#9119=CARTESIAN_POINT('',(-1.497986789332E1,3.730840602044E0,
-9.240520168603E1));
#9120=CARTESIAN_POINT('',(-1.603242755644E1,3.057555651523E0,
-9.234399553540E1));
#9121=CARTESIAN_POINT('',(-1.683167778957E1,2.097142441583E0,
-9.228278938476E1));
#9122=CARTESIAN_POINT('',(-1.730256277874E1,9.397912433834E-1,
-9.222158323413E1));
#9123=CARTESIAN_POINT('',(-1.740086276059E1,-3.058136629030E-1,
-9.216037708350E1));
#9124=CARTESIAN_POINT('',(-1.711734660219E1,-1.522700287417E0,
-9.209917093286E1));
#9125=CARTESIAN_POINT('',(-1.647863867618E1,-2.596593510348E0,
-9.203796478223E1));
#9126=CARTESIAN_POINT('',(-1.554471862513E1,-3.426646404593E0,
-9.197675863160E1));
#9127=CARTESIAN_POINT('',(-1.440328880649E1,-3.934910546669E0,
-9.191555248096E1));
#9128=CARTESIAN_POINT('',(-1.316153835905E1,-4.073655980012E0,
-9.185434633033E1));
#9129=CARTESIAN_POINT('',(-1.193607730900E1,-3.829853429175E0,
-9.179314017969E1));
#9130=CARTESIAN_POINT('',(-1.084198598140E1,-3.226397850143E0,
-9.173193402906E1));
#9131=CARTESIAN_POINT('',(-9.982008062494E0,-2.319958415874E0,
-9.167072787843E1));
#9132=CARTESIAN_POINT('',(-9.436902168367E0,-1.195656840146E0,
-9.160952172779E1));
#9133=CARTESIAN_POINT('',(-9.257857982678E0,4.092621350099E-2,
-9.154831557716E1));
#9134=CARTESIAN_POINT('',(-9.461689147188E0,1.273665977349E0,
-9.148710942652E1));
#9135=CARTESIAN_POINT('',(-1.002925433001E1,2.386798598486E0,
-9.142590327589E1));
#9136=CARTESIAN_POINT('',(-1.090725474558E1,3.275792265089E0,
-9.136469712526E1));
#9137=CARTESIAN_POINT('',(-1.201323932519E1,3.857163556668E0,
-9.130349097462E1));
#9138=CARTESIAN_POINT('',(-1.324334751371E1,4.076317186643E0,
-9.124228482399E1));
#9139=CARTESIAN_POINT('',(-1.448206258363E1,3.912672924436E0,
-9.118107867335E1));
#9140=CARTESIAN_POINT('',(-1.561305955431E1,3.381598239202E0,
-9.111987252272E1));
#9141=CARTESIAN_POINT('',(-1.653012901256E1,2.532965174945E0,
-9.105866637209E1));
#9142=CARTESIAN_POINT('',(-1.714715100264E1,1.446466977641E0,
-9.099746022145E1));
#9143=CARTESIAN_POINT('',(-1.740618236009E1,2.241342795356E-1,
-9.093625407082E1));
#9144=CARTESIAN_POINT('',(-1.728289802551E1,-1.019246370886E0,
-9.087504792018E1));
#9145=CARTESIAN_POINT('',(-1.678887535690E1,-2.166911858693E0,
-9.081384176955E1));
#9146=CARTESIAN_POINT('',(-1.597050692570E1,-3.111087467259E0,
-9.075263561892E1));
#9147=CARTESIAN_POINT('',(-1.490464389342E1,-3.763107762503E0,
-9.069142946828E1));
#9148=CARTESIAN_POINT('',(-1.369137908979E1,-4.061742966846E0,
-9.063022331765E1));
#9149=CARTESIAN_POINT('',(-1.244464751747E1,-3.978948911613E0,
-9.056901716701E1));
#9150=CARTESIAN_POINT('',(-1.128152696903E1,-3.522500602618E0,
-9.050781101638E1));
#9151=CARTESIAN_POINT('',(-1.031124351150E1,-2.735262086641E0,
-9.044660486575E1));
#9152=CARTESIAN_POINT('',(-9.624914309065E0,-1.691161184006E0,
-9.038539871511E1));
#9153=CARTESIAN_POINT('',(-9.286991012571E0,-4.882470911951E-1,
-9.032419256448E1));
#9154=CARTESIAN_POINT('',(-9.329207248153E0,7.605172013957E-1,
-9.026298641384E1));
#9155=CARTESIAN_POINT('',(-9.747598582905E0,1.937863012957E0,
-9.020178026321E1));
#9156=CARTESIAN_POINT('',(-1.050287481596E1,2.933228413591E0,
-9.014057411258E1));
#9157=CARTESIAN_POINT('',(-1.152410963399E1,3.653140849549E0,
-9.007936796194E1));
#9158=CARTESIAN_POINT('',(-1.271540114371E1,4.029994943131E0,
-9.001816181131E1));
#9159=CARTESIAN_POINT('',(-1.396487780571E1,4.028401163516E0,
-8.995695566067E1));
#9160=CARTESIAN_POINT('',(-1.515520404211E1,3.648509179032E0,
-8.989574951004E1));
#9161=CARTESIAN_POINT('',(-1.617459896026E1,2.925993801990E0,
-8.983454335941E1));
#9162=CARTESIAN_POINT('',(-1.692733344741E1,1.928704846840E0,
-8.977333720877E1));
#9163=CARTESIAN_POINT('',(-1.734271988139E1,7.502955028205E-1,
-8.971213105814E1));
#9164=CARTESIAN_POINT('',(-1.738175023946E1,-4.985724215697E-1,
-8.965092490750E1));
#9165=CARTESIAN_POINT('',(-1.704075928768E1,-1.700620530966E0,
-8.958971875687E1));
#9166=CARTESIAN_POINT('',(-1.635176865316E1,-2.742967093073E0,
-8.952851260624E1));
#9167=CARTESIAN_POINT('',(-1.537948019852E1,-3.527727898270E0,
-8.946730645560E1));
#9168=CARTESIAN_POINT('',(-1.421519831809E1,-3.981206904469E0,
-8.940610030497E1));
#9169=CARTESIAN_POINT('',(-1.296826207310E1,-4.060822257194E0,
-8.934489415433E1));
#9170=CARTESIAN_POINT('',(-1.175575378682E1,-3.759084946911E0,
-8.928368800370E1));
#9171=CARTESIAN_POINT('',(-1.104631275666E1,-3.322613073600E0,
-8.924288390328E1));
#9172=CARTESIAN_POINT('',(-1.073293810614E1,-3.055766709270E0,
-8.922248185307E1));
#9173=B_SPLINE_SURFACE_WITH_KNOTS('',3,3,((#8905,#8906,#8907,#8908,#8909,#8910,
#8911,#8912,#8913,#8914,#8915,#8916,#8917,#8918,#8919,#8920,#8921,#8922,#8923,
#8924,#8925,#8926,#8927,#8928,#8929,#8930,#8931,#8932,#8933,#8934,#8935,#8936,
#8937,#8938,#8939,#8940,#8941,#8942,#8943,#8944,#8945,#8946,#8947,#8948,#8949,
#8950,#8951,#8952,#8953,#8954,#8955,#8956,#8957,#8958,#8959,#8960,#8961,#8962,
#8963,#8964,#8965,#8966,#8967,#8968,#8969,#8970,#8971),(#8972,#8973,#8974,#8975,
#8976,#8977,#8978,#8979,#8980,#8981,#8982,#8983,#8984,#8985,#8986,#8987,#8988,
#8989,#8990,#8991,#8992,#8993,#8994,#8995,#8996,#8997,#8998,#8999,#9000,#9001,
#9002,#9003,#9004,#9005,#9006,#9007,#9008,#9009,#9010,#9011,#9012,#9013,#9014,
#9015,#9016,#9017,#9018,#9019,#9020,#9021,#9022,#9023,#9024,#9025,#9026,#9027,
#9028,#9029,#9030,#9031,#9032,#9033,#9034,#9035,#9036,#9037,#9038),(#9039,#9040,
#9041,#9042,#9043,#9044,#9045,#9046,#9047,#9048,#9049,#9050,#9051,#9052,#9053,
#9054,#9055,#9056,#9057,#9058,#9059,#9060,#9061,#9062,#9063,#9064,#9065,#9066,
#9067,#9068,#9069,#9070,#9071,#9072,#9073,#9074,#9075,#9076,#9077,#9078,#9079,
#9080,#9081,#9082,#9083,#9084,#9085,#9086,#9087,#9088,#9089,#9090,#9091,#9092,
#9093,#9094,#9095,#9096,#9097,#9098,#9099,#9100,#9101,#9102,#9103,#9104,#9105),(
#9106,#9107,#9108,#9109,#9110,#9111,#9112,#9113,#9114,#9115,#9116,#9117,#9118,
#9119,#9120,#9121,#9122,#9123,#9124,#9125,#9126,#9127,#9128,#9129,#9130,#9131,
#9132,#9133,#9134,#9135,#9136,#9137,#9138,#9139,#9140,#9141,#9142,#9143,#9144,
#9145,#9146,#9147,#9148,#9149,#9150,#9151,#9152,#9153,#9154,#9155,#9156,#9157,
#9158,#9159,#9160,#9161,#9162,#9163,#9164,#9165,#9166,#9167,#9168,#9169,#9170,
#9171,#9172)),.UNSPECIFIED.,.F.,.F.,.F.,(4,4),(4,1,1,1,1,1,1,1,1,1,1,1,1,1,1,1,
1,1,1,1,1,1,1,1,1,1,1,1,1,1,1,1,1,1,1,1,1,1,1,1,1,1,1,1,1,1,1,1,1,1,1,1,1,1,1,1,
1,1,1,1,1,1,1,1,4),(-2.E-2,1.02E0),(6.920339342442E-2,8.403226093114E-2,
9.886112843786E-2,1.136899959446E-1,1.285188634513E-1,1.433477309580E-1,
1.581765984647E-1,1.730054659715E-1,1.878343334782E-1,2.026632009849E-1,
2.174920684916E-1,2.323209359983E-1,2.471498035050E-1,2.619786710118E-1,
2.768075385185E-1,2.916364060252E-1,3.064652735319E-1,3.212941410386E-1,
3.361230085454E-1,3.509518760521E-1,3.657807435588E-1,3.806096110655E-1,
3.954384785722E-1,4.102673460790E-1,4.250962135857E-1,4.399250810924E-1,
4.547539485991E-1,4.695828161058E-1,4.844116836125E-1,4.992405511193E-1,
5.140694186260E-1,5.288982861327E-1,5.437271536394E-1,5.585560211461E-1,
5.733848886529E-1,5.882137561596E-1,6.030426236663E-1,6.178714911730E-1,
6.327003586797E-1,6.475292261865E-1,6.623580936932E-1,6.771869611999E-1,
6.920158287066E-1,7.068446962133E-1,7.216735637200E-1,7.365024312268E-1,
7.513312987335E-1,7.661601662402E-1,7.809890337469E-1,7.958179012536E-1,
8.106467687604E-1,8.254756362671E-1,8.403045037738E-1,8.551333712805E-1,
8.699622387872E-1,8.847911062940E-1,8.996199738007E-1,9.144488413074E-1,
9.292777088141E-1,9.441065763208E-1,9.589354438275E-1,9.737643113343E-1,
9.885931788410E-1,1.003422046348E0,1.018250913854E0),.UNSPECIFIED.);
#9174=ORIENTED_EDGE('',*,*,#8896,.F.);
#9175=ORIENTED_EDGE('',*,*,#8241,.T.);
#9176=ORIENTED_EDGE('',*,*,#8883,.T.);
#9177=ORIENTED_EDGE('',*,*,#8227,.T.);
#9178=ORIENTED_EDGE('',*,*,#8870,.T.);
#9179=ORIENTED_EDGE('',*,*,#8210,.T.);
#9180=ORIENTED_EDGE('',*,*,#8392,.F.);
#9181=ORIENTED_EDGE('',*,*,#8821,.F.);
#9182=ORIENTED_EDGE('',*,*,#8836,.T.);
#9183=EDGE_LOOP('',(#9174,#9175,#9176,#9177,#9178,#9179,#9180,#9181,#9182));
#9184=FACE_OUTER_BOUND('',#9183,.F.);
#9186=CARTESIAN_POINT('',(-9.342992699841E0,-4.151072107505E-1,
-9.393030049364E1));
#9187=CARTESIAN_POINT('',(-9.303954602394E0,-3.968523311203E-2,
-9.391159115176E1));
#9188=CARTESIAN_POINT('',(-9.332505516368E0,7.221995862250E-1,
-9.387417246801E1));
#9189=CARTESIAN_POINT('',(-9.691808857145E0,1.807958512245E0,
-9.381804444237E1));
#9190=CARTESIAN_POINT('',(-1.033918356774E1,2.750750736023E0,
-9.376191641674E1));
#9191=CARTESIAN_POINT('',(-1.122343986171E1,3.476041296165E0,
-9.370578839110E1));
#9192=CARTESIAN_POINT('',(-1.227465915819E1,3.926477488981E0,
-9.364966036547E1));
#9193=CARTESIAN_POINT('',(-1.340972052395E1,4.066443820177E0,
-9.359353233984E1));
#9194=CARTESIAN_POINT('',(-1.453887367701E1,3.884872788458E0,
-9.353740431420E1));
#9195=CARTESIAN_POINT('',(-1.557283547141E1,3.396121440221E0,
-9.348127628857E1));
#9196=CARTESIAN_POINT('',(-1.642984963463E1,2.638835759988E0,
-9.342514826293E1));
#9197=CARTESIAN_POINT('',(-1.704215129773E1,1.672895001416E0,
-9.336902023730E1));
#9198=CARTESIAN_POINT('',(-1.736132522636E1,5.746769540551E-1,
-9.331289221167E1));
#9199=CARTESIAN_POINT('',(-1.736213405542E1,-5.689813086694E-1,
-9.325676418603E1));
#9200=CARTESIAN_POINT('',(-1.704451383009E1,-1.667649715701E0,
-9.320063616040E1));
#9201=CARTESIAN_POINT('',(-1.643357906274E1,-2.634455583584E0,
-9.314450813476E1));
#9202=CARTESIAN_POINT('',(-1.557763690618E1,-3.392952716582E0,
-9.308838010913E1));
#9203=CARTESIAN_POINT('',(-1.454436746438E1,-3.883166075001E0,
-9.303225208350E1));
#9204=CARTESIAN_POINT('',(-1.341547226669E1,-4.066334054678E0,
-9.297612405786E1));
#9205=CARTESIAN_POINT('',(-1.228021405565E1,-3.927973401328E0,
-9.291999603223E1));
#9206=CARTESIAN_POINT('',(-1.122835870287E1,-3.479024414283E0,
-9.286386800660E1));
#9207=CARTESIAN_POINT('',(-1.034307734216E1,-2.754985887336E0,
-9.280773998096E1));
#9208=CARTESIAN_POINT('',(-9.694369954301E0,-1.813108187696E0,
-9.275161195533E1));
#9209=CARTESIAN_POINT('',(-9.333530406669E0,-7.278664187797E-1,
-9.269548392969E1));
#9210=CARTESIAN_POINT('',(-9.289090601690E0,4.149283921422E-1,
-9.263935590406E1));
#9211=CARTESIAN_POINT('',(-9.564564434079E0,1.524914447823E0,
-9.258322787843E1));
#9212=CARTESIAN_POINT('',(-1.013816994407E1,2.514324168333E0,
-9.252709985279E1));
#9213=CARTESIAN_POINT('',(-1.096455163627E1,3.304924051295E0,
-9.247097182716E1));
#9214=CARTESIAN_POINT('',(-1.197836677879E1,3.834200664162E0,
-9.241484380152E1));
#9215=CARTESIAN_POINT('',(-1.309945211094E1,4.060303636663E0,
-9.235871577589E1));
#9216=CARTESIAN_POINT('',(-1.423916242318E1,3.965354806628E0,
-9.230258775026E1));
#9217=CARTESIAN_POINT('',(-1.530737981229E1,3.556861862093E0,
-9.224645972462E1));
#9218=CARTESIAN_POINT('',(-1.621963938379E1,2.867124701759E0,
-9.219033169899E1));
#9219=CARTESIAN_POINT('',(-1.690380796587E1,1.950681453416E0,
-9.213420367335E1));
#9220=CARTESIAN_POINT('',(-1.730578774315E1,8.799960959026E-1,
-9.207807564772E1));
#9221=CARTESIAN_POINT('',(-1.739379381883E1,-2.602713318441E-1,
-9.202194762209E1));
#9222=CARTESIAN_POINT('',(-1.716086747460E1,-1.379958875002E0,
-9.196581959645E1));
#9223=CARTESIAN_POINT('',(-1.662542640269E1,-2.390531848441E0,
-9.190969157082E1));
#9224=CARTESIAN_POINT('',(-1.582980840259E1,-3.212083352640E0,
-9.185356354518E1));
#9225=CARTESIAN_POINT('',(-1.483692369381E1,-3.779652582964E0,
-9.179743551955E1));
#9226=CARTESIAN_POINT('',(-1.372528054913E1,-4.048361337987E0,
-9.174130749392E1));
#9227=CARTESIAN_POINT('',(-1.258277757598E1,-3.996962578601E0,
-9.168517946828E1));
#9228=CARTESIAN_POINT('',(-1.149975349572E1,-3.629520450206E0,
-9.162905144265E1));
#9229=CARTESIAN_POINT('',(-1.056184398103E1,-2.975088927137E0,
-9.157292341701E1));
#9230=CARTESIAN_POINT('',(-9.843210367419E0,-2.085414489194E0,
-9.151679539138E1));
#9231=CARTESIAN_POINT('',(-9.400675650823E0,-1.030844481682E0,
-9.146066736575E1));
#9232=CARTESIAN_POINT('',(-9.269231442991E0,1.052353114505E-1,
-9.140453934011E1));
#9233=CARTESIAN_POINT('',(-9.459271153784E0,1.232994055357E0,
-9.134841131448E1));
#9234=CARTESIAN_POINT('',(-9.955768175055E0,2.263258867920E0,
-9.129228328884E1));
#9235=CARTESIAN_POINT('',(-1.071946404786E1,3.114565798469E0,
-9.123615526321E1));
#9236=CARTESIAN_POINT('',(-1.168997266354E1,3.719601254469E0,
-9.118002723758E1));
#9237=CARTESIAN_POINT('',(-1.279055504682E1,4.030524546867E0,
-9.112389921194E1));
#9238=CARTESIAN_POINT('',(-1.393418717446E1,4.022750695718E0,
-9.106777118631E1));
#9239=CARTESIAN_POINT('',(-1.503044104185E1,3.696894386311E0,
-9.101164316067E1));
#9240=CARTESIAN_POINT('',(-1.599263488532E1,3.078721365477E0,
-9.095551513504E1));
#9241=CARTESIAN_POINT('',(-1.674468718606E1,2.217111121095E0,
-9.089938710941E1));
#9242=CARTESIAN_POINT('',(-1.722713250269E1,1.180191938052E0,
-9.084325908377E1));
#9243=CARTESIAN_POINT('',(-1.740182345798E1,4.995393320754E-2,
-9.078713105814E1));
#9244=CARTESIAN_POINT('',(-1.725494707983E1,-1.084233971072E0,
-9.073100303250E1));
#9245=CARTESIAN_POINT('',(-1.679811702699E1,-2.132690544060E0,
-9.067487500687E1));
#9246=CARTESIAN_POINT('',(-1.606745520567E1,-3.012513356205E0,
-9.061874698124E1));
#9247=CARTESIAN_POINT('',(-1.512073588103E1,-3.654134189307E0,
-9.056261895560E1));
#9248=CARTESIAN_POINT('',(-1.403281628565E1,-4.006818955109E0,
-9.050649092997E1));
#9249=CARTESIAN_POINT('',(-1.288972180641E1,-4.042682650876E0,
-9.045036290433E1));
#9250=CARTESIAN_POINT('',(-1.178182815195E1,-3.758881687987E0,
-9.039423487870E1));
#9251=CARTESIAN_POINT('',(-1.112512536218E1,-3.371550978471E0,
-9.035681619494E1));
#9252=CARTESIAN_POINT('',(-1.083020601852E1,-3.135991612117E0,
-9.033810685307E1));
#9253=CARTESIAN_POINT('',(-9.576283375900E0,-3.908485772983E-1,
-9.379488382697E1));
#9254=CARTESIAN_POINT('',(-9.539526643056E0,-3.736605026336E-2,
-9.377617448510E1));
#9255=CARTESIAN_POINT('',(-9.566409057570E0,6.799946459401E-1,
-9.373875580134E1));
#9256=CARTESIAN_POINT('',(-9.904714911875E0,1.702302426999E0,
-9.368262777571E1));
#9257=CARTESIAN_POINT('',(-1.051425740611E1,2.589998400011E0,
-9.362649975007E1));
#9258=CARTESIAN_POINT('',(-1.134683825634E1,3.272903385079E0,
-9.357037172444E1));
#9259=CARTESIAN_POINT('',(-1.233662488452E1,3.697016338472E0,
-9.351424369880E1));
#9260=CARTESIAN_POINT('',(-1.340535389829E1,3.828803115479E0,
-9.345811567317E1));
#9261=CARTESIAN_POINT('',(-1.446851997200E1,3.657842993400E0,
-9.340198764754E1));
#9262=CARTESIAN_POINT('',(-1.544205761686E1,3.197654000861E0,
-9.334585962190E1));
#9263=CARTESIAN_POINT('',(-1.624898835125E1,2.484623672642E0,
-9.328973159627E1));
#9264=CARTESIAN_POINT('',(-1.682550744729E1,1.575131952275E0,
-9.323360357063E1));
#9265=CARTESIAN_POINT('',(-1.712602902987E1,5.410931539648E-1,
-9.317747554500E1));
#9266=CARTESIAN_POINT('',(-1.712679059141E1,-5.357303589130E-1,
-9.312134751937E1));
#9267=CARTESIAN_POINT('',(-1.682773191458E1,-1.570193198127E0,
-9.306521949373E1));
#9268=CARTESIAN_POINT('',(-1.625249983367E1,-2.480499471300E0,
-9.300909146810E1));
#9269=CARTESIAN_POINT('',(-1.544657845848E1,-3.194670455661E0,
-9.295296344246E1));
#9270=CARTESIAN_POINT('',(-1.447369270550E1,-3.656236019323E0,
-9.289683541683E1));
#9271=CARTESIAN_POINT('',(-1.341076951239E1,-3.828699764614E0,
-9.284070739120E1));
#9272=CARTESIAN_POINT('',(-1.234185515687E1,-3.698424830537E0,
-9.278457936556E1));
#9273=CARTESIAN_POINT('',(-1.135146964318E1,-3.275712171441E0,
-9.272845133993E1));
#9274=CARTESIAN_POINT('',(-1.051792363052E1,-2.593986051447E0,
-9.267232331429E1));
#9275=CARTESIAN_POINT('',(-9.907126339945E0,-1.707151158294E0,
-9.261619528866E1));
#9276=CARTESIAN_POINT('',(-9.567374053855E0,-6.853303119666E-1,
-9.256006726303E1));
#9277=CARTESIAN_POINT('',(-9.525531286248E0,3.906802087495E-1,
-9.250393923739E1));
#9278=CARTESIAN_POINT('',(-9.784906581795E0,1.435799299549E0,
-9.244781121176E1));
#9279=CARTESIAN_POINT('',(-1.032499090629E1,2.367388468832E0,
-9.239168318612E1));
#9280=CARTESIAN_POINT('',(-1.110307931414E1,3.111786136387E0,
-9.233555516049E1));
#9281=CARTESIAN_POINT('',(-1.205764766621E1,3.610132119734E0,
-9.227942713486E1));
#9282=CARTESIAN_POINT('',(-1.311321739797E1,3.823021760859E0,
-9.222329910922E1));
#9283=CARTESIAN_POINT('',(-1.418632367637E1,3.733621687398E0,
-9.216717108359E1));
#9284=CARTESIAN_POINT('',(-1.519211503814E1,3.349000842293E0,
-9.211104305795E1));
#9285=CARTESIAN_POINT('',(-1.605106267001E1,2.699571536214E0,
-9.205491503232E1));
#9286=CARTESIAN_POINT('',(-1.669524882244E1,1.836684719235E0,
-9.199878700669E1));
#9287=CARTESIAN_POINT('',(-1.707373712614E1,8.285696157619E-1,
-9.194265898105E1));
#9288=CARTESIAN_POINT('',(-1.715660017593E1,-2.450612206395E-1,
-9.188653095542E1));
#9289=CARTESIAN_POINT('',(-1.693728591712E1,-1.299314849409E0,
-9.183040292978E1));
#9290=CARTESIAN_POINT('',(-1.643313572227E1,-2.250830502944E0,
-9.177427490415E1));
#9291=CARTESIAN_POINT('',(-1.568401319353E1,-3.024370996285E0,
-9.171814687852E1));
#9292=CARTESIAN_POINT('',(-1.474915211236E1,-3.558771797922E0,
-9.166201885288E1));
#9293=CARTESIAN_POINT('',(-1.370247277191E1,-3.811777363445E0,
-9.160589082725E1));
#9294=CARTESIAN_POINT('',(-1.262673703413E1,-3.763382318838E0,
-9.154976280161E1));
#9295=CARTESIAN_POINT('',(-1.160700427597E1,-3.417413303116E0,
-9.149363477598E1));
#9296=CARTESIAN_POINT('',(-1.072390566926E1,-2.801226392587E0,
-9.143750675035E1));
#9297=CARTESIAN_POINT('',(-1.004726860249E1,-1.963544031685E0,
-9.138137872471E1));
#9298=CARTESIAN_POINT('',(-9.630595367458E0,-9.706025061640E-1,
-9.132525069908E1));
#9299=CARTESIAN_POINT('',(-9.506832685686E0,9.908541865032E-2,
-9.126912267344E1));
#9300=CARTESIAN_POINT('',(-9.685766581967E0,1.160938571706E0,
-9.121299464781E1));
#9301=CARTESIAN_POINT('',(-1.015324859474E1,2.130995284291E0,
-9.115686662218E1));
#9302=CARTESIAN_POINT('',(-1.087231450745E1,2.932552313492E0,
-9.110073859654E1));
#9303=CARTESIAN_POINT('',(-1.178610714192E1,3.502229835511E0,
-9.104461057091E1));
#9304=CARTESIAN_POINT('',(-1.282237210567E1,3.794982944431E0,
-9.098848254527E1));
#9305=CARTESIAN_POINT('',(-1.389917101079E1,3.787663392800E0,
-9.093235451964E1));
#9306=CARTESIAN_POINT('',(-1.493136041471E1,3.480849944040E0,
-9.087622649401E1));
#9307=CARTESIAN_POINT('',(-1.583732418760E1,2.898802609135E0,
-9.082009846837E1));
#9308=CARTESIAN_POINT('',(-1.654542697209E1,2.087544386005E0,
-9.076397044274E1));
#9309=CARTESIAN_POINT('',(-1.699967845399E1,1.111222180633E0,
-9.070784241711E1));
#9310=CARTESIAN_POINT('',(-1.716416056746E1,4.703465326300E-2,
-9.065171439147E1));
#9311=CARTESIAN_POINT('',(-1.702586756278E1,-1.020871943626E0,
-9.059558636584E1));
#9312=CARTESIAN_POINT('',(-1.659573440297E1,-2.008057300320E0,
-9.053945834020E1));
#9313=CARTESIAN_POINT('',(-1.590777205022E1,-2.836463758931E0,
-9.048333031457E1));
#9314=CARTESIAN_POINT('',(-1.501637847394E1,-3.440588629057E0,
-9.042720228894E1));
#9315=CARTESIAN_POINT('',(-1.399203629182E1,-3.772662694211E0,
-9.037107426330E1));
#9316=CARTESIAN_POINT('',(-1.291574361524E1,-3.806430535636E0,
-9.031494623767E1));
#9317=CARTESIAN_POINT('',(-1.187259464691E1,-3.539214742442E0,
-9.025881821203E1));
#9318=CARTESIAN_POINT('',(-1.125426920124E1,-3.174519423166E0,
-9.022139952828E1));
#9319=CARTESIAN_POINT('',(-1.097658477922E1,-2.952726014562E0,
-9.020269018640E1));
#9320=CARTESIAN_POINT('',(-9.809574051960E0,-3.665899438460E-1,
-9.365946716031E1));
#9321=CARTESIAN_POINT('',(-9.775098683717E0,-3.504686741469E-2,
-9.364075781843E1));
#9322=CARTESIAN_POINT('',(-9.800312598772E0,6.377897056551E-1,
-9.360333913467E1));
#9323=CARTESIAN_POINT('',(-1.011762096661E1,1.596646341753E0,
-9.354721110904E1));
#9324=CARTESIAN_POINT('',(-1.068933124448E1,2.429246063998E0,
-9.349108308341E1));
#9325=CARTESIAN_POINT('',(-1.147023665097E1,3.069765473993E0,
-9.343495505777E1));
#9326=CARTESIAN_POINT('',(-1.239859061084E1,3.467555187962E0,
-9.337882703214E1));
#9327=CARTESIAN_POINT('',(-1.340098727262E1,3.591162410781E0,
-9.332269900650E1));
#9328=CARTESIAN_POINT('',(-1.439816626699E1,3.430813198342E0,
-9.326657098087E1));
#9329=CARTESIAN_POINT('',(-1.531127976232E1,2.999186561501E0,
-9.321044295524E1));
#9330=CARTESIAN_POINT('',(-1.606812706787E1,2.330411585296E0,
-9.315431492960E1));
#9331=CARTESIAN_POINT('',(-1.660886359685E1,1.477368903134E0,
-9.309818690397E1));
#9332=CARTESIAN_POINT('',(-1.689073283338E1,5.075093538746E-1,
-9.304205887833E1));
#9333=CARTESIAN_POINT('',(-1.689144712740E1,-5.024794091566E-1,
-9.298593085270E1));
#9334=CARTESIAN_POINT('',(-1.661094999907E1,-1.472736680552E0,
-9.292980282707E1));
#9335=CARTESIAN_POINT('',(-1.607142060459E1,-2.326543359016E0,
-9.287367480143E1));
#9336=CARTESIAN_POINT('',(-1.531552001077E1,-2.996388194739E0,
-9.281754677580E1));
#9337=CARTESIAN_POINT('',(-1.440301794663E1,-3.429305963646E0,
-9.276141875016E1));
#9338=CARTESIAN_POINT('',(-1.340606675809E1,-3.591065474551E0,
-9.270529072453E1));
#9339=CARTESIAN_POINT('',(-1.240349625809E1,-3.468876259746E0,
-9.264916269890E1));
#9340=CARTESIAN_POINT('',(-1.147458058348E1,-3.072399928600E0,
-9.259303467326E1));
#9341=CARTESIAN_POINT('',(-1.069276991889E1,-2.432986215559E0,
-9.253690664763E1));
#9342=CARTESIAN_POINT('',(-1.011988272559E1,-1.601194128892E0,
-9.248077862199E1));
#9343=CARTESIAN_POINT('',(-9.801217701040E0,-6.427942051535E-1,
-9.242465059636E1));
#9344=CARTESIAN_POINT('',(-9.761971970805E0,3.664320253569E-1,
-9.236852257073E1));
#9345=CARTESIAN_POINT('',(-1.000524872951E1,1.346684151274E0,
-9.231239454509E1));
#9346=CARTESIAN_POINT('',(-1.051181186851E1,2.220452769331E0,
-9.225626651946E1));
#9347=CARTESIAN_POINT('',(-1.124160699201E1,2.918648221478E0,
-9.220013849382E1));
#9348=CARTESIAN_POINT('',(-1.213692855363E1,3.386063575307E0,
-9.214401046819E1));
#9349=CARTESIAN_POINT('',(-1.312698268499E1,3.585739885055E0,
-9.208788244256E1));
#9350=CARTESIAN_POINT('',(-1.413348492957E1,3.501888568169E0,
-9.203175441692E1));
#9351=CARTESIAN_POINT('',(-1.507685026399E1,3.141139822494E0,
-9.197562639129E1));
#9352=CARTESIAN_POINT('',(-1.588248595624E1,2.532018370669E0,
-9.191949836565E1));
#9353=CARTESIAN_POINT('',(-1.648668967901E1,1.722687985054E0,
-9.186337034002E1));
#9354=CARTESIAN_POINT('',(-1.684168650914E1,7.771431356213E-1,
-9.180724231439E1));
#9355=CARTESIAN_POINT('',(-1.691940653304E1,-2.298511094349E-1,
-9.175111428875E1));
#9356=CARTESIAN_POINT('',(-1.671370435963E1,-1.218670823815E0,
-9.169498626312E1));
#9357=CARTESIAN_POINT('',(-1.624084504184E1,-2.111129157447E0,
-9.163885823748E1));
#9358=CARTESIAN_POINT('',(-1.553821798448E1,-2.836658639931E0,
-9.158273021185E1));
#9359=CARTESIAN_POINT('',(-1.466138053090E1,-3.337891012881E0,
-9.152660218622E1));
#9360=CARTESIAN_POINT('',(-1.367966499469E1,-3.575193388903E0,
-9.147047416058E1));
#9361=CARTESIAN_POINT('',(-1.267069649228E1,-3.529802059075E0,
-9.141434613495E1));
#9362=CARTESIAN_POINT('',(-1.171425505623E1,-3.205306156025E0,
-9.135821810931E1));
#9363=CARTESIAN_POINT('',(-1.088596735748E1,-2.627363858036E0,
-9.130209008368E1));
#9364=CARTESIAN_POINT('',(-1.025132683755E1,-1.841673574177E0,
-9.124596205805E1));
#9365=CARTESIAN_POINT('',(-9.860515084093E0,-9.103605306459E-1,
-9.118983403241E1));
#9366=CARTESIAN_POINT('',(-9.744433928382E0,9.293552585010E-2,
-9.113370600678E1));
#9367=CARTESIAN_POINT('',(-9.912262010149E0,1.088883088055E0,
-9.107757798114E1));
#9368=CARTESIAN_POINT('',(-1.035072901442E1,1.998731700661E0,
-9.102144995551E1));
#9369=CARTESIAN_POINT('',(-1.102516496705E1,2.750538828514E0,
-9.096532192988E1));
#9370=CARTESIAN_POINT('',(-1.188224162029E1,3.284858416553E0,
-9.090919390424E1));
#9371=CARTESIAN_POINT('',(-1.285418916452E1,3.559441341996E0,
-9.085306587861E1));
#9372=CARTESIAN_POINT('',(-1.386415484711E1,3.552576089882E0,
-9.079693785297E1));
#9373=CARTESIAN_POINT('',(-1.483227978756E1,3.264805501769E0,
-9.074080982734E1));
#9374=CARTESIAN_POINT('',(-1.568201348987E1,2.718883852794E0,
-9.068468180171E1));
#9375=CARTESIAN_POINT('',(-1.634616675812E1,1.957977650914E0,
-9.062855377607E1));
#9376=CARTESIAN_POINT('',(-1.677222440529E1,1.042252423214E0,
-9.057242575044E1));
#9377=CARTESIAN_POINT('',(-1.692649767694E1,4.411537331847E-2,
-9.051629772480E1));
#9378=CARTESIAN_POINT('',(-1.679678804574E1,-9.575099161795E-1,
-9.046016969917E1));
#9379=CARTESIAN_POINT('',(-1.639335177896E1,-1.883424056581E0,
-9.040404167354E1));
#9380=CARTESIAN_POINT('',(-1.574808889478E1,-2.660414161657E0,
-9.034791364790E1));
#9381=CARTESIAN_POINT('',(-1.491202106684E1,-3.227043068806E0,
-9.029178562227E1));
#9382=CARTESIAN_POINT('',(-1.395125629800E1,-3.538506433312E0,
-9.023565759663E1));
#9383=CARTESIAN_POINT('',(-1.294176542407E1,-3.570178420395E0,
-9.017952957100E1));
#9384=CARTESIAN_POINT('',(-1.196336114186E1,-3.319547796897E0,
-9.012340154537E1));
#9385=CARTESIAN_POINT('',(-1.138341304029E1,-2.977487867862E0,
-9.008598286161E1));
#9386=CARTESIAN_POINT('',(-1.112296353993E1,-2.769460417007E0,
-9.006727351973E1));
#9387=CARTESIAN_POINT('',(-1.004286472802E1,-3.423313103938E-1,
-9.352405049364E1));
#9388=CARTESIAN_POINT('',(-1.001067072438E1,-3.272768456602E-2,
-9.350534115176E1));
#9389=CARTESIAN_POINT('',(-1.003421613997E1,5.955847653701E-1,
-9.346792246801E1));
#9390=CARTESIAN_POINT('',(-1.033052702134E1,1.490990256507E0,
-9.341179444237E1));
#9391=CARTESIAN_POINT('',(-1.086440508284E1,2.268493727986E0,
-9.335566641674E1));
#9392=CARTESIAN_POINT('',(-1.159363504561E1,2.866627562908E0,
-9.329953839110E1));
#9393=CARTESIAN_POINT('',(-1.246055633716E1,3.238094037452E0,
-9.324341036547E1));
#9394=CARTESIAN_POINT('',(-1.339662064695E1,3.353521706084E0,
-9.318728233984E1));
#9395=CARTESIAN_POINT('',(-1.432781256198E1,3.203783403284E0,
-9.313115431420E1));
#9396=CARTESIAN_POINT('',(-1.518050190778E1,2.800719122141E0,
-9.307502628857E1));
#9397=CARTESIAN_POINT('',(-1.588726578449E1,2.176199497950E0,
-9.301889826293E1));
#9398=CARTESIAN_POINT('',(-1.639221974640E1,1.379605853993E0,
-9.296277023730E1));
#9399=CARTESIAN_POINT('',(-1.665543663688E1,4.739255537843E-1,
-9.290664221167E1));
#9400=CARTESIAN_POINT('',(-1.665610366339E1,-4.692284594002E-1,
-9.285051418603E1));
#9401=CARTESIAN_POINT('',(-1.639416808355E1,-1.375280162977E0,
-9.279438616040E1));
#9402=CARTESIAN_POINT('',(-1.589034137552E1,-2.172587246731E0,
-9.273825813476E1));
#9403=CARTESIAN_POINT('',(-1.518446156306E1,-2.798105933818E0,
-9.268213010913E1));
#9404=CARTESIAN_POINT('',(-1.433234318775E1,-3.202375907969E0,
-9.262600208350E1));
#9405=CARTESIAN_POINT('',(-1.340136400379E1,-3.353431184488E0,
-9.256987405786E1));
#9406=CARTESIAN_POINT('',(-1.246513735931E1,-3.239327688954E0,
-9.251374603223E1));
#9407=CARTESIAN_POINT('',(-1.159769152378E1,-2.869087685758E0,
-9.245761800660E1));
#9408=CARTESIAN_POINT('',(-1.086761620726E1,-2.271986379670E0,
-9.240148998096E1));
#9409=CARTESIAN_POINT('',(-1.033263911123E1,-1.495237099490E0,
-9.234536195533E1));
#9410=CARTESIAN_POINT('',(-1.003506134823E1,-6.002580983404E-1,
-9.228923392969E1));
#9411=CARTESIAN_POINT('',(-9.998412655362E0,3.421838419642E-1,
-9.223310590406E1));
#9412=CARTESIAN_POINT('',(-1.022559087723E1,1.257569003E0,-9.217697787843E1));
#9413=CARTESIAN_POINT('',(-1.069863283073E1,2.073517069829E0,
-9.212084985279E1));
#9414=CARTESIAN_POINT('',(-1.138013466989E1,2.725510306570E0,
-9.206472182716E1));
#9415=CARTESIAN_POINT('',(-1.221620944105E1,3.161995030879E0,
-9.200859380152E1));
#9416=CARTESIAN_POINT('',(-1.314074797201E1,3.348458009251E0,
-9.195246577589E1));
#9417=CARTESIAN_POINT('',(-1.408064618277E1,3.270155448939E0,
-9.189633775026E1));
#9418=CARTESIAN_POINT('',(-1.496158548984E1,2.933278802694E0,
-9.184020972462E1));
#9419=CARTESIAN_POINT('',(-1.571390924246E1,2.364465205124E0,
-9.178408169899E1));
#9420=CARTESIAN_POINT('',(-1.627813053558E1,1.608691250873E0,
-9.172795367335E1));
#9421=CARTESIAN_POINT('',(-1.660963589213E1,7.257166554806E-1,
-9.167182564772E1));
#9422=CARTESIAN_POINT('',(-1.668221289015E1,-2.146409982304E-1,
-9.161569762209E1));
#9423=CARTESIAN_POINT('',(-1.649012280215E1,-1.138026798221E0,
-9.155956959645E1));
#9424=CARTESIAN_POINT('',(-1.604855436142E1,-1.971427811951E0,
-9.150344157082E1));
#9425=CARTESIAN_POINT('',(-1.539242277542E1,-2.648946283576E0,
-9.144731354518E1));
#9426=CARTESIAN_POINT('',(-1.457360894944E1,-3.117010227840E0,
-9.139118551955E1));
#9427=CARTESIAN_POINT('',(-1.365685721747E1,-3.338609414361E0,
-9.133505749392E1));
#9428=CARTESIAN_POINT('',(-1.271465595043E1,-3.296221799312E0,
-9.127892946828E1));
#9429=CARTESIAN_POINT('',(-1.182150583648E1,-2.993199008935E0,
-9.122280144265E1));
#9430=CARTESIAN_POINT('',(-1.104802904571E1,-2.453501323486E0,
-9.116667341701E1));
#9431=CARTESIAN_POINT('',(-1.045538507262E1,-1.719803116668E0,
-9.111054539138E1));
#9432=CARTESIAN_POINT('',(-1.009043480073E1,-8.501185551279E-1,
-9.105441736575E1));
#9433=CARTESIAN_POINT('',(-9.982035171077E0,8.678563304989E-2,
-9.099828934011E1));
#9434=CARTESIAN_POINT('',(-1.013875743833E1,1.016827604404E0,
-9.094216131448E1));
#9435=CARTESIAN_POINT('',(-1.054820943410E1,1.866468117031E0,
-9.088603328884E1));
#9436=CARTESIAN_POINT('',(-1.117801542664E1,2.568525343537E0,
-9.082990526321E1));
#9437=CARTESIAN_POINT('',(-1.197837609866E1,3.067486997594E0,
-9.077377723758E1));
#9438=CARTESIAN_POINT('',(-1.288600622338E1,3.323899739560E0,
-9.071764921194E1));
#9439=CARTESIAN_POINT('',(-1.382913868344E1,3.317488786964E0,
-9.066152118631E1));
#9440=CARTESIAN_POINT('',(-1.473319916041E1,3.048761059499E0,
-9.060539316067E1));
#9441=CARTESIAN_POINT('',(-1.552670279214E1,2.538965096452E0,
-9.054926513504E1));
#9442=CARTESIAN_POINT('',(-1.614690654416E1,1.828410915823E0,
-9.049313710941E1));
#9443=CARTESIAN_POINT('',(-1.654477035659E1,9.732826657943E-1,
-9.043700908377E1));
#9444=CARTESIAN_POINT('',(-1.668883478642E1,4.119609337392E-2,
-9.038088105814E1));
#9445=CARTESIAN_POINT('',(-1.656770852869E1,-8.941478887333E-1,
-9.032475303250E1));
#9446=CARTESIAN_POINT('',(-1.619096915494E1,-1.758790812842E0,
-9.026862500687E1));
#9447=CARTESIAN_POINT('',(-1.558840573934E1,-2.484364564383E0,
-9.021249698124E1));
#9448=CARTESIAN_POINT('',(-1.480766365975E1,-3.013497508556E0,
-9.015636895560E1));
#9449=CARTESIAN_POINT('',(-1.391047630418E1,-3.304350172413E0,
-9.010024092997E1));
#9450=CARTESIAN_POINT('',(-1.296778723291E1,-3.333926305155E0,
-9.004411290433E1));
#9451=CARTESIAN_POINT('',(-1.205412763682E1,-3.099880851352E0,
-8.998798487870E1));
#9452=CARTESIAN_POINT('',(-1.151255687934E1,-2.780456312557E0,
-8.995056619494E1));
#9453=CARTESIAN_POINT('',(-1.126934230064E1,-2.586194819451E0,
-8.993185685307E1));
#9454=B_SPLINE_SURFACE_WITH_KNOTS('',3,3,((#9186,#9187,#9188,#9189,#9190,#9191,
#9192,#9193,#9194,#9195,#9196,#9197,#9198,#9199,#9200,#9201,#9202,#9203,#9204,
#9205,#9206,#9207,#9208,#9209,#9210,#9211,#9212,#9213,#9214,#9215,#9216,#9217,
#9218,#9219,#9220,#9221,#9222,#9223,#9224,#9225,#9226,#9227,#9228,#9229,#9230,
#9231,#9232,#9233,#9234,#9235,#9236,#9237,#9238,#9239,#9240,#9241,#9242,#9243,
#9244,#9245,#9246,#9247,#9248,#9249,#9250,#9251,#9252),(#9253,#9254,#9255,#9256,
#9257,#9258,#9259,#9260,#9261,#9262,#9263,#9264,#9265,#9266,#9267,#9268,#9269,
#9270,#9271,#9272,#9273,#9274,#9275,#9276,#9277,#9278,#9279,#9280,#9281,#9282,
#9283,#9284,#9285,#9286,#9287,#9288,#9289,#9290,#9291,#9292,#9293,#9294,#9295,
#9296,#9297,#9298,#9299,#9300,#9301,#9302,#9303,#9304,#9305,#9306,#9307,#9308,
#9309,#9310,#9311,#9312,#9313,#9314,#9315,#9316,#9317,#9318,#9319),(#9320,#9321,
#9322,#9323,#9324,#9325,#9326,#9327,#9328,#9329,#9330,#9331,#9332,#9333,#9334,
#9335,#9336,#9337,#9338,#9339,#9340,#9341,#9342,#9343,#9344,#9345,#9346,#9347,
#9348,#9349,#9350,#9351,#9352,#9353,#9354,#9355,#9356,#9357,#9358,#9359,#9360,
#9361,#9362,#9363,#9364,#9365,#9366,#9367,#9368,#9369,#9370,#9371,#9372,#9373,
#9374,#9375,#9376,#9377,#9378,#9379,#9380,#9381,#9382,#9383,#9384,#9385,#9386),(
#9387,#9388,#9389,#9390,#9391,#9392,#9393,#9394,#9395,#9396,#9397,#9398,#9399,
#9400,#9401,#9402,#9403,#9404,#9405,#9406,#9407,#9408,#9409,#9410,#9411,#9412,
#9413,#9414,#9415,#9416,#9417,#9418,#9419,#9420,#9421,#9422,#9423,#9424,#9425,
#9426,#9427,#9428,#9429,#9430,#9431,#9432,#9433,#9434,#9435,#9436,#9437,#9438,
#9439,#9440,#9441,#9442,#9443,#9444,#9445,#9446,#9447,#9448,#9449,#9450,#9451,
#9452,#9453)),.UNSPECIFIED.,.F.,.F.,.F.,(4,4),(4,1,1,1,1,1,1,1,1,1,1,1,1,1,1,1,
1,1,1,1,1,1,1,1,1,1,1,1,1,1,1,1,1,1,1,1,1,1,1,1,1,1,1,1,1,1,1,1,1,1,1,1,1,1,1,1,
1,1,1,1,1,1,1,1,4),(-2.000000000001E-2,1.02E0),(1.464293171070E-1,
1.600278696531E-1,1.736264221992E-1,1.872249747453E-1,2.008235272914E-1,
2.144220798375E-1,2.280206323836E-1,2.416191849297E-1,2.552177374758E-1,
2.688162900218E-1,2.824148425679E-1,2.960133951140E-1,3.096119476601E-1,
3.232105002062E-1,3.368090527523E-1,3.504076052984E-1,3.640061578445E-1,
3.776047103906E-1,3.912032629366E-1,4.048018154827E-1,4.184003680288E-1,
4.319989205749E-1,4.455974731210E-1,4.591960256671E-1,4.727945782132E-1,
4.863931307593E-1,4.999916833053E-1,5.135902358514E-1,5.271887883975E-1,
5.407873409436E-1,5.543858934897E-1,5.679844460358E-1,5.815829985819E-1,
5.951815511280E-1,6.087801036741E-1,6.223786562201E-1,6.359772087662E-1,
6.495757613123E-1,6.631743138584E-1,6.767728664045E-1,6.903714189506E-1,
7.039699714967E-1,7.175685240428E-1,7.311670765889E-1,7.447656291349E-1,
7.583641816810E-1,7.719627342271E-1,7.855612867732E-1,7.991598393193E-1,
8.127583918654E-1,8.263569444115E-1,8.399554969576E-1,8.535540495037E-1,
8.671526020497E-1,8.807511545958E-1,8.943497071419E-1,9.079482596880E-1,
9.215468122341E-1,9.351453647802E-1,9.487439173263E-1,9.623424698724E-1,
9.759410224185E-1,9.895395749645E-1,1.003138127511E0,1.016736680057E0),
.UNSPECIFIED.);
#9455=ORIENTED_EDGE('',*,*,#8899,.F.);
#9456=ORIENTED_EDGE('',*,*,#8847,.T.);
#9458=ORIENTED_EDGE('',*,*,#9457,.T.);
#9459=ORIENTED_EDGE('',*,*,#8839,.T.);
#9460=ORIENTED_EDGE('',*,*,#8824,.T.);
#9461=ORIENTED_EDGE('',*,*,#8177,.F.);
#9462=ORIENTED_EDGE('',*,*,#8222,.T.);
#9463=ORIENTED_EDGE('',*,*,#8886,.T.);
#9464=ORIENTED_EDGE('',*,*,#8237,.T.);
#9465=EDGE_LOOP('',(#9455,#9456,#9458,#9459,#9460,#9461,#9462,#9463,#9464));
#9466=FACE_OUTER_BOUND('',#9465,.F.);
#9468=CARTESIAN_POINT('',(-1.3335E1,-1.665334536938E-14,-9.343957921184E1));
#9469=DIRECTION('',(0.E0,0.E0,1.E0));
#9470=DIRECTION('',(0.E0,-1.E0,0.E0));
#9471=AXIS2_PLACEMENT_3D('',#9468,#9469,#9470);
#9472=CONICAL_SURFACE('',#9471,3.346620788160E0,4.5E1);
#9473=ORIENTED_EDGE('',*,*,#8845,.F.);
#9475=ORIENTED_EDGE('',*,*,#9474,.T.);
#9476=ORIENTED_EDGE('',*,*,#8841,.T.);
#9477=ORIENTED_EDGE('',*,*,#9457,.F.);
#9478=EDGE_LOOP('',(#9473,#9475,#9476,#9477));
#9479=FACE_OUTER_BOUND('',#9478,.F.);
#9481=CARTESIAN_POINT('',(0.E0,0.E0,-9.398E1));
#9482=DIRECTION('',(0.E0,0.E0,-1.E0));
#9483=DIRECTION('',(0.E0,-1.E0,0.E0));
#9484=AXIS2_PLACEMENT_3D('',#9481,#9482,#9483);
#9485=PLANE('',#9484);
#9487=ORIENTED_EDGE('',*,*,#9486,.F.);
#9489=ORIENTED_EDGE('',*,*,#9488,.F.);
#9490=EDGE_LOOP('',(#9487,#9489));
#9491=FACE_OUTER_BOUND('',#9490,.F.);
#9493=CARTESIAN_POINT('',(0.E0,0.E0,-9.398E1));
#9494=DIRECTION('',(0.E0,0.E0,-1.E0));
#9495=DIRECTION('',(0.E0,-1.E0,0.E0));
#9496=AXIS2_PLACEMENT_3D('',#9493,#9494,#9495);
#9497=PLANE('',#9496);
#9498=ORIENTED_EDGE('',*,*,#8843,.F.);
#9499=ORIENTED_EDGE('',*,*,#9474,.F.);
#9500=EDGE_LOOP('',(#9498,#9499));
#9501=FACE_OUTER_BOUND('',#9500,.F.);
#9503=CARTESIAN_POINT('',(1.3335E1,0.E0,-9.33831E1));
#9504=DIRECTION('',(0.E0,0.E0,1.E0));
#9505=DIRECTION('',(0.E0,-1.E0,0.E0));
#9506=AXIS2_PLACEMENT_3D('',#9503,#9504,#9505);
#9507=CONICAL_SURFACE('',#9506,3.4031E0,4.5E1);
#9509=ORIENTED_EDGE('',*,*,#9508,.F.);
#9511=ORIENTED_EDGE('',*,*,#9510,.F.);
#9513=ORIENTED_EDGE('',*,*,#9512,.F.);
#9515=ORIENTED_EDGE('',*,*,#9514,.F.);
#9517=ORIENTED_EDGE('',*,*,#9516,.F.);
#9518=ORIENTED_EDGE('',*,*,#9486,.T.);
#9520=ORIENTED_EDGE('',*,*,#9519,.T.);
#9522=ORIENTED_EDGE('',*,*,#9521,.F.);
#9523=EDGE_LOOP('',(#9509,#9511,#9513,#9515,#9517,#9518,#9520,#9522));
#9524=FACE_OUTER_BOUND('',#9523,.F.);
#9526=CARTESIAN_POINT('',(1.3335E1,0.E0,-7.747E1));
#9527=DIRECTION('',(0.E0,0.E0,-1.E0));
#9528=DIRECTION('',(0.E0,-1.E0,0.E0));
#9529=AXIS2_PLACEMENT_3D('',#9526,#9527,#9528);
#9530=CYLINDRICAL_SURFACE('',#9529,4.E0);
#9532=ORIENTED_EDGE('',*,*,#9531,.T.);
#9534=ORIENTED_EDGE('',*,*,#9533,.F.);
#9536=ORIENTED_EDGE('',*,*,#9535,.F.);
#9538=ORIENTED_EDGE('',*,*,#9537,.F.);
#9539=EDGE_LOOP('',(#9532,#9534,#9536,#9538));
#9540=FACE_OUTER_BOUND('',#9539,.F.);
#9542=CARTESIAN_POINT('',(1.3335E1,0.E0,-7.747E1));
#9543=DIRECTION('',(0.E0,0.E0,-1.E0));
#9544=DIRECTION('',(0.E0,-1.E0,0.E0));
#9545=AXIS2_PLACEMENT_3D('',#9542,#9543,#9544);
#9546=CYLINDRICAL_SURFACE('',#9545,4.E0);
#9548=ORIENTED_EDGE('',*,*,#9547,.T.);
#9550=ORIENTED_EDGE('',*,*,#9549,.F.);
#9552=ORIENTED_EDGE('',*,*,#9551,.F.);
#9554=ORIENTED_EDGE('',*,*,#9553,.F.);
#9555=EDGE_LOOP('',(#9548,#9550,#9552,#9554));
#9556=FACE_OUTER_BOUND('',#9555,.F.);
#9558=CARTESIAN_POINT('',(1.3335E1,0.E0,-7.747E1));
#9559=DIRECTION('',(0.E0,0.E0,-1.E0));
#9560=DIRECTION('',(0.E0,-1.E0,0.E0));
#9561=AXIS2_PLACEMENT_3D('',#9558,#9559,#9560);
#9562=CYLINDRICAL_SURFACE('',#9561,4.E0);
#9564=ORIENTED_EDGE('',*,*,#9563,.T.);
#9566=ORIENTED_EDGE('',*,*,#9565,.F.);
#9568=ORIENTED_EDGE('',*,*,#9567,.F.);
#9570=ORIENTED_EDGE('',*,*,#9569,.F.);
#9571=EDGE_LOOP('',(#9564,#9566,#9568,#9570));
#9572=FACE_OUTER_BOUND('',#9571,.F.);
#9574=CARTESIAN_POINT('',(1.3335E1,0.E0,-7.747E1));
#9575=DIRECTION('',(0.E0,0.E0,-1.E0));
#9576=DIRECTION('',(0.E0,-1.E0,0.E0));
#9577=AXIS2_PLACEMENT_3D('',#9574,#9575,#9576);
#9578=CYLINDRICAL_SURFACE('',#9577,4.E0);
#9580=ORIENTED_EDGE('',*,*,#9579,.T.);
#9581=ORIENTED_EDGE('',*,*,#9508,.T.);
#9583=ORIENTED_EDGE('',*,*,#9582,.T.);
#9585=ORIENTED_EDGE('',*,*,#9584,.T.);
#9586=EDGE_LOOP('',(#9580,#9581,#9583,#9585));
#9587=FACE_OUTER_BOUND('',#9586,.F.);
#9589=CARTESIAN_POINT('',(1.3335E1,0.E0,-7.747E1));
#9590=DIRECTION('',(0.E0,0.E0,-1.E0));
#9591=DIRECTION('',(0.E0,-1.E0,0.E0));
#9592=AXIS2_PLACEMENT_3D('',#9589,#9590,#9591);
#9593=CYLINDRICAL_SURFACE('',#9592,4.E0);
#9595=ORIENTED_EDGE('',*,*,#9594,.T.);
#9596=ORIENTED_EDGE('',*,*,#7814,.F.);
#9598=ORIENTED_EDGE('',*,*,#9597,.T.);
#9599=ORIENTED_EDGE('',*,*,#9531,.F.);
#9600=EDGE_LOOP('',(#9595,#9596,#9598,#9599));
#9601=FACE_OUTER_BOUND('',#9600,.F.);
#9603=CARTESIAN_POINT('',(1.3335E1,0.E0,-7.747E1));
#9604=DIRECTION('',(0.E0,0.E0,-1.E0));
#9605=DIRECTION('',(0.E0,-1.E0,0.E0));
#9606=AXIS2_PLACEMENT_3D('',#9603,#9604,#9605);
#9607=CYLINDRICAL_SURFACE('',#9606,4.E0);
#9608=ORIENTED_EDGE('',*,*,#9547,.F.);
#9610=ORIENTED_EDGE('',*,*,#9609,.F.);
#9611=ORIENTED_EDGE('',*,*,#9535,.T.);
#9613=ORIENTED_EDGE('',*,*,#9612,.F.);
#9615=ORIENTED_EDGE('',*,*,#9614,.F.);
#9616=EDGE_LOOP('',(#9608,#9610,#9611,#9613,#9615));
#9617=FACE_OUTER_BOUND('',#9616,.F.);
#9619=CARTESIAN_POINT('',(1.3335E1,0.E0,-7.747E1));
#9620=DIRECTION('',(0.E0,0.E0,-1.E0));
#9621=DIRECTION('',(0.E0,-1.E0,0.E0));
#9622=AXIS2_PLACEMENT_3D('',#9619,#9620,#9621);
#9623=CYLINDRICAL_SURFACE('',#9622,4.E0);
#9624=ORIENTED_EDGE('',*,*,#9563,.F.);
#9626=ORIENTED_EDGE('',*,*,#9625,.F.);
#9628=ORIENTED_EDGE('',*,*,#9627,.F.);
#9629=ORIENTED_EDGE('',*,*,#9551,.T.);
#9631=ORIENTED_EDGE('',*,*,#9630,.F.);
#9632=EDGE_LOOP('',(#9624,#9626,#9628,#9629,#9631));
#9633=FACE_OUTER_BOUND('',#9632,.F.);
#9635=CARTESIAN_POINT('',(1.3335E1,0.E0,-7.747E1));
#9636=DIRECTION('',(0.E0,0.E0,-1.E0));
#9637=DIRECTION('',(0.E0,-1.E0,0.E0));
#9638=AXIS2_PLACEMENT_3D('',#9635,#9636,#9637);
#9639=CYLINDRICAL_SURFACE('',#9638,4.E0);
#9641=ORIENTED_EDGE('',*,*,#9640,.F.);
#9642=ORIENTED_EDGE('',*,*,#9567,.T.);
#9644=ORIENTED_EDGE('',*,*,#9643,.F.);
#9645=ORIENTED_EDGE('',*,*,#9584,.F.);
#9646=EDGE_LOOP('',(#9641,#9642,#9644,#9645));
#9647=FACE_OUTER_BOUND('',#9646,.F.);
#9649=CARTESIAN_POINT('',(1.326047469755E1,-4.012839675372E0,-9.04758818E1));
#9650=CARTESIAN_POINT('',(1.363574524555E1,-4.019809091883E0,
-9.045727709375E1));
#9651=CARTESIAN_POINT('',(1.438820932270E1,-3.927771685127E0,
-9.042006768125E1));
#9652=CARTESIAN_POINT('',(1.543458586956E1,-3.482585262458E0,
-9.036425356250E1));
#9653=CARTESIAN_POINT('',(1.631677630182E1,-2.765078907860E0,
-9.030843944375E1));
#9654=CARTESIAN_POINT('',(1.696581016577E1,-1.831358050586E0,
-9.025262532500E1));
#9655=CARTESIAN_POINT('',(1.733093318307E1,-7.544346641188E-1,
-9.019681120625E1));
#9656=CARTESIAN_POINT('',(1.738359553834E1,3.814815206366E-1,
-9.014099708750E1));
#9657=CARTESIAN_POINT('',(1.711967907966E1,1.487567868451E0,-9.008518296875E1));
#9658=CARTESIAN_POINT('',(1.655982074142E1,2.477334274108E0,-9.002936885E1));
#9659=CARTESIAN_POINT('',(1.574779846863E1,3.273386238309E0,-8.997355473125E1));
#9660=CARTESIAN_POINT('',(1.474710811403E1,3.813476706435E0,-8.991774061250E1));
#9661=CARTESIAN_POINT('',(1.363599837108E1,4.055373459588E0,-8.986192649375E1));
#9662=CARTESIAN_POINT('',(1.250135214708E1,3.980161450674E0,-8.980611237500E1));
#9663=CARTESIAN_POINT('',(1.143189277731E1,3.593721861116E0,-8.975029825625E1));
#9664=CARTESIAN_POINT('',(1.051124632982E1,2.926272223546E0,-8.969448413750E1));
#9665=CARTESIAN_POINT('',(9.811402488969E0,2.030003570534E0,-8.963867001875E1));
#9666=CARTESIAN_POINT('',(9.387085342725E0,9.749993717940E-1,-8.95828559E1));
#9667=CARTESIAN_POINT('',(9.271474248385E0,-1.562446225860E-1,
-8.952704178125E1));
#9668=CARTESIAN_POINT('',(9.473609382242E0,-1.275271113611E0,
-8.947122766250E1));
#9669=CARTESIAN_POINT('',(9.977684845601E0,-2.294578146450E0,
-8.941541354375E1));
#9670=CARTESIAN_POINT('',(1.074428460249E1,-3.134461300642E0,
-8.935959942500E1));
#9671=CARTESIAN_POINT('',(1.171346460525E1,-3.729246154346E0,
-8.930378530625E1));
#9672=CARTESIAN_POINT('',(1.280944010214E1,-4.032423676883E0,
-8.924797118750E1));
#9673=CARTESIAN_POINT('',(1.394651160419E1,-4.020286989018E0,
-8.919215706875E1));
#9674=CARTESIAN_POINT('',(1.503576613211E1,-3.693785115569E0,-8.913634295E1));
#9675=CARTESIAN_POINT('',(1.599202974116E1,-3.078448776688E0,
-8.908052883125E1));
#9676=CARTESIAN_POINT('',(1.674052767330E1,-2.222394020531E0,
-8.902471471250E1));
#9677=CARTESIAN_POINT('',(1.722273134785E1,-1.192559802706E0,
-8.896890059375E1));
#9678=CARTESIAN_POINT('',(1.740093498709E1,-6.947371387714E-2,
-8.891308647500E1));
#9679=CARTESIAN_POINT('',(1.726120400864E1,1.059044852040E0,-8.885727235625E1));
#9680=CARTESIAN_POINT('',(1.681446463623E1,2.104751710145E0,-8.880145823750E1));
#9681=CARTESIAN_POINT('',(1.609564952666E1,2.985878113230E0,-8.874564411875E1));
#9682=CARTESIAN_POINT('',(1.516096622083E1,3.633524635462E0,-8.868983E1));
#9683=CARTESIAN_POINT('',(1.408350201119E1,3.997048743182E0,-8.863401588125E1));
#9684=CARTESIAN_POINT('',(1.294750890192E1,4.048024773273E0,-8.857820176250E1));
#9685=CARTESIAN_POINT('',(1.184181554769E1,3.782466669714E0,-8.852238764375E1));
#9686=CARTESIAN_POINT('',(1.085288132253E1,3.221139672084E0,-8.846657352500E1));
#9687=CARTESIAN_POINT('',(1.005803565394E1,2.407936583626E0,-8.841075940625E1));
#9688=CARTESIAN_POINT('',(9.519431270513E0,1.406445586108E0,-8.835494528750E1));
#9689=CARTESIAN_POINT('',(9.279184187207E0,2.949779802290E-1,
-8.829913116875E1));
#9690=CARTESIAN_POINT('',(9.356080455647E0,-8.395553440304E-1,-8.824331705E1));
#9691=CARTESIAN_POINT('',(9.744107194225E0,-1.908439879471E0,
-8.818750293125E1));
#9692=CARTESIAN_POINT('',(1.041292276364E1,-2.828094507066E0,
-8.813168881250E1));
#9693=CARTESIAN_POINT('',(1.131022932269E1,-3.526607097541E0,
-8.807587469375E1));
#9694=CARTESIAN_POINT('',(1.236586224288E1,-3.949357659651E0,
-8.802006057500E1));
#9695=CARTESIAN_POINT('',(1.349727661144E1,-4.063289334702E0,
-8.796424645625E1));
#9696=CARTESIAN_POINT('',(1.461600180700E1,-3.859493268109E0,
-8.790843233750E1));
#9697=CARTESIAN_POINT('',(1.563455943446E1,-3.353905234724E0,
-8.785261821875E1));
#9698=CARTESIAN_POINT('',(1.647330367289E1,-2.586059545499E0,-8.77968041E1));
#9699=CARTESIAN_POINT('',(1.706664915763E1,-1.615997673407E0,
-8.774098998125E1));
#9700=CARTESIAN_POINT('',(1.736819940906E1,-5.195733277173E-1,
-8.768517586250E1));
#9701=CARTESIAN_POINT('',(1.735437479193E1,6.174789049944E-1,
-8.762936174375E1));
#9702=CARTESIAN_POINT('',(1.702625631821E1,1.706247552212E0,-8.757354762500E1));
#9703=CARTESIAN_POINT('',(1.640950111764E1,2.661596662484E0,-8.751773350625E1));
#9704=CARTESIAN_POINT('',(1.555233618582E1,3.408822986792E0,-8.746191938750E1));
#9705=CARTESIAN_POINT('',(1.452178728842E1,3.889497377220E0,-8.740610526875E1));
#9706=CARTESIAN_POINT('',(1.339843789953E1,4.066033638921E0,-8.735029115E1));
#9707=CARTESIAN_POINT('',(1.227012800450E1,3.924627566087E0,-8.729447703125E1));
#9708=CARTESIAN_POINT('',(1.122508546097E1,3.476336379245E0,-8.723866291250E1));
#9709=CARTESIAN_POINT('',(1.034502710865E1,2.756214029244E0,-8.718284879375E1));
#9710=CARTESIAN_POINT('',(9.698768714216E0,1.820570461587E0,-8.712703467500E1));
#9711=CARTESIAN_POINT('',(9.336844801661E0,7.425673644743E-1,
-8.707122055625E1));
#9712=CARTESIAN_POINT('',(9.287553912138E0,-3.934985384881E-1,
-8.701540643750E1));
#9713=CARTESIAN_POINT('',(9.554757778657E0,-1.498802533986E0,
-8.695959231875E1));
#9714=CARTESIAN_POINT('',(9.929942381260E0,-2.157520672199E0,
-8.692238290625E1));
#9715=CARTESIAN_POINT('',(1.015947977748E1,-2.454487237149E0,-8.69037782E1));
#9716=CARTESIAN_POINT('',(1.326482991458E1,-3.778331566945E0,
-9.034046513333E1));
#9717=CARTESIAN_POINT('',(1.361816986144E1,-3.784893694649E0,
-9.032186042708E1));
#9718=CARTESIAN_POINT('',(1.432666035837E1,-3.698234902518E0,
-9.028465101458E1));
#9719=CARTESIAN_POINT('',(1.531188724450E1,-3.279064925639E0,
-9.022883689583E1));
#9720=CARTESIAN_POINT('',(1.614252296083E1,-2.603489241491E0,
-9.017302277708E1));
#9721=CARTESIAN_POINT('',(1.675362764843E1,-1.724334509393E0,
-9.011720865833E1));
#9722=CARTESIAN_POINT('',(1.709741308061E1,-7.103459238933E-1,
-9.006139453958E1));
#9723=CARTESIAN_POINT('',(1.714699787726E1,3.591879537260E-1,
-9.000558042083E1));
#9724=CARTESIAN_POINT('',(1.689850454896E1,1.400635233408E0,-8.994976630208E1));
#9725=CARTESIAN_POINT('',(1.637136401918E1,2.332560243357E0,-8.989395218333E1));
#9726=CARTESIAN_POINT('',(1.560679587429E1,3.082091375570E0,-8.983813806458E1));
#9727=CARTESIAN_POINT('',(1.466458530487E1,3.590619258518E0,-8.978232394583E1));
#9728=CARTESIAN_POINT('',(1.361840819445E1,3.818379700577E0,-8.972650982708E1));
#9729=CARTESIAN_POINT('',(1.255007006179E1,3.747563039439E0,-8.967069570833E1));
#9730=CARTESIAN_POINT('',(1.154310930003E1,3.383706763569E0,-8.961488158958E1));
#9731=CARTESIAN_POINT('',(1.067626491652E1,2.755262509877E0,-8.955906747083E1));
#9732=CARTESIAN_POINT('',(1.001731955868E1,1.911371296150E0,-8.950325335208E1));
#9733=CARTESIAN_POINT('',(9.617799269372E0,9.180209532940E-1,
-8.944743923333E1));
#9734=CARTESIAN_POINT('',(9.508944422786E0,-1.471137741449E-1,
-8.939162511458E1));
#9735=CARTESIAN_POINT('',(9.699266892365E0,-1.200744982298E0,
-8.933581099583E1));
#9736=CARTESIAN_POINT('',(1.017388446730E1,-2.160484281683E0,
-8.927999687708E1));
#9737=CARTESIAN_POINT('',(1.089568456274E1,-2.951285133634E0,
-8.922418275833E1));
#9738=CARTESIAN_POINT('',(1.180822622768E1,-3.511311092828E0,
-8.916836863958E1));
#9739=CARTESIAN_POINT('',(1.284015352891E1,-3.796771090351E0,
-8.911255452083E1));
#9740=CARTESIAN_POINT('',(1.391077520773E1,-3.785343663743E0,
-8.905674040208E1));
#9741=CARTESIAN_POINT('',(1.493637430966E1,-3.477922377344E0,
-8.900092628333E1));
#9742=CARTESIAN_POINT('',(1.583675440772E1,-2.898545950283E0,
-8.894511216458E1));
#9743=CARTESIAN_POINT('',(1.654151053894E1,-2.092518555749E0,
-8.888929804583E1));
#9744=CARTESIAN_POINT('',(1.699553450018E1,-1.122867274187E0,
-8.883348392708E1));
#9745=CARTESIAN_POINT('',(1.716332401831E1,-6.541370885708E-2,
-8.877766980833E1));
#9746=CARTESIAN_POINT('',(1.703175884017E1,9.971548626352E-1,
-8.872185568958E1));
#9747=CARTESIAN_POINT('',(1.661112666706E1,1.981751196249E0,-8.866604157083E1));
#9748=CARTESIAN_POINT('',(1.593431871086E1,2.811385064673E0,-8.861022745208E1));
#9749=CARTESIAN_POINT('',(1.505425777516E1,3.421183486022E0,-8.855441333333E1));
#9750=CARTESIAN_POINT('',(1.403975997189E1,3.763463448009E0,-8.849859921458E1));
#9751=CARTESIAN_POINT('',(1.297015366518E1,3.811460467385E0,-8.844278509583E1));
#9752=CARTESIAN_POINT('',(1.192907641275E1,3.561421431015E0,-8.838697097708E1));
#9753=CARTESIAN_POINT('',(1.099793495114E1,3.032898069482E0,-8.833115685833E1));
#9754=CARTESIAN_POINT('',(1.024953961930E1,2.267218115130E0,-8.827534273958E1));
#9755=CARTESIAN_POINT('',(9.742410975089E0,1.324253691917E0,-8.821952862083E1));
#9756=CARTESIAN_POINT('',(9.516203797091E0,2.777396318854E-1,
-8.816371450208E1));
#9757=CARTESIAN_POINT('',(9.588606290570E0,-7.904921988326E-1,
-8.810790038333E1));
#9758=CARTESIAN_POINT('',(9.953956963358E0,-1.796911719269E0,
-8.805208626458E1));
#9759=CARTESIAN_POINT('',(1.058368732461E1,-2.662822244291E0,
-8.799627214583E1));
#9760=CARTESIAN_POINT('',(1.142855578972E1,-3.320514149277E0,
-8.794045802708E1));
#9761=CARTESIAN_POINT('',(1.242249811189E1,-3.718559404752E0,
-8.788464390833E1));
#9762=CARTESIAN_POINT('',(1.348779325694E1,-3.825832976373E0,
-8.782882978958E1));
#9763=CARTESIAN_POINT('',(1.454114077717E1,-3.633946638039E0,
-8.777301567083E1));
#9764=CARTESIAN_POINT('',(1.550017446601E1,-3.157904886824E0,
-8.771720155208E1));
#9765=CARTESIAN_POINT('',(1.628990295979E1,-2.434931670638E0,
-8.766138743333E1));
#9766=CARTESIAN_POINT('',(1.684857366595E1,-1.521559672323E0,
-8.760557331458E1));
#9767=CARTESIAN_POINT('',(1.713250148917E1,-4.892097527607E-1,
-8.754975919583E1));
#9768=CARTESIAN_POINT('',(1.711948477494E1,5.813937828071E-1,
-8.749394507708E1));
#9769=CARTESIAN_POINT('',(1.681054136148E1,1.606535398638E0,-8.743813095833E1));
#9770=CARTESIAN_POINT('',(1.622982899022E1,2.506054440714E0,-8.738231683958E1));
#9771=CARTESIAN_POINT('',(1.542275629807E1,3.209613276147E0,-8.732650272083E1));
#9772=CARTESIAN_POINT('',(1.445243210241E1,3.662197323779E0,-8.727068860208E1));
#9773=CARTESIAN_POINT('',(1.339473062413E1,3.828416904987E0,-8.721487448333E1));
#9774=CARTESIAN_POINT('',(1.233235852891E1,3.695274524038E0,-8.715906036458E1));
#9775=CARTESIAN_POINT('',(1.134838768770E1,3.273181223669E0,-8.710324624583E1));
#9776=CARTESIAN_POINT('',(1.051975945376E1,2.595142421428E0,-8.704743212708E1));
#9777=CARTESIAN_POINT('',(9.911268038787E0,1.714177341068E0,-8.699161800833E1));
#9778=CARTESIAN_POINT('',(9.570494757455E0,6.991721426091E-1,
-8.693580388958E1));
#9779=CARTESIAN_POINT('',(9.524084399974E0,-3.705027037688E-1,
-8.687998977083E1));
#9780=CARTESIAN_POINT('',(9.775673021836E0,-1.411213351366E0,
-8.682417565208E1));
#9781=CARTESIAN_POINT('',(1.012893204590E1,-2.031436369646E0,
-8.678696623958E1));
#9782=CARTESIAN_POINT('',(1.034505540494E1,-2.311048374471E0,
-8.676836153333E1));
#9783=CARTESIAN_POINT('',(1.326918513162E1,-3.543823458518E0,
-9.020504846667E1));
#9784=CARTESIAN_POINT('',(1.360059447734E1,-3.549978297416E0,
-9.018644376042E1));
#9785=CARTESIAN_POINT('',(1.426511139404E1,-3.468698119909E0,
-9.014923434792E1));
#9786=CARTESIAN_POINT('',(1.518918861944E1,-3.075544588819E0,
-9.009342022917E1));
#9787=CARTESIAN_POINT('',(1.596826961984E1,-2.441899575123E0,
-9.003760611042E1));
#9788=CARTESIAN_POINT('',(1.654144513108E1,-1.617310968201E0,
-8.998179199167E1));
#9789=CARTESIAN_POINT('',(1.686389297814E1,-6.662571836678E-1,
-8.992597787292E1));
#9790=CARTESIAN_POINT('',(1.691040021618E1,3.368943868155E-1,
-8.987016375417E1));
#9791=CARTESIAN_POINT('',(1.667733001826E1,1.313702598365E0,-8.981434963542E1));
#9792=CARTESIAN_POINT('',(1.618290729694E1,2.187786212605E0,-8.975853551667E1));
#9793=CARTESIAN_POINT('',(1.546579327995E1,2.890796512830E0,-8.970272139792E1));
#9794=CARTESIAN_POINT('',(1.458206249571E1,3.367761810600E0,-8.964690727917E1));
#9795=CARTESIAN_POINT('',(1.360081801783E1,3.581385941567E0,-8.959109316042E1));
#9796=CARTESIAN_POINT('',(1.259878797651E1,3.514964628205E0,-8.953527904167E1));
#9797=CARTESIAN_POINT('',(1.165432582275E1,3.173691666022E0,-8.947946492292E1));
#9798=CARTESIAN_POINT('',(1.084128350321E1,2.584252796207E0,-8.942365080417E1));
#9799=CARTESIAN_POINT('',(1.022323662839E1,1.792739021767E0,-8.936783668542E1));
#9800=CARTESIAN_POINT('',(9.848513196018E0,8.610425347940E-1,
-8.931202256667E1));
#9801=CARTESIAN_POINT('',(9.746414597188E0,-1.379829257037E-1,
-8.925620844792E1));
#9802=CARTESIAN_POINT('',(9.924924402488E0,-1.126218850985E0,
-8.920039432917E1));
#9803=CARTESIAN_POINT('',(1.037008408900E1,-2.026390416916E0,
-8.914458021042E1));
#9804=CARTESIAN_POINT('',(1.104708452299E1,-2.768108966627E0,
-8.908876609167E1));
#9805=CARTESIAN_POINT('',(1.190298785010E1,-3.293376031310E0,
-8.903295197292E1));
#9806=CARTESIAN_POINT('',(1.287086695568E1,-3.561118503818E0,
-8.897713785417E1));
#9807=CARTESIAN_POINT('',(1.387503881126E1,-3.550400338468E0,
-8.892132373542E1));
#9808=CARTESIAN_POINT('',(1.483698248722E1,-3.262059639118E0,
-8.886550961667E1));
#9809=CARTESIAN_POINT('',(1.568147907428E1,-2.718643123878E0,
-8.880969549792E1));
#9810=CARTESIAN_POINT('',(1.634249340457E1,-1.962643090967E0,
-8.875388137917E1));
#9811=CARTESIAN_POINT('',(1.676833765251E1,-1.053174745668E0,
-8.869806726042E1));
#9812=CARTESIAN_POINT('',(1.692571304953E1,-6.135370383701E-2,
-8.864225314167E1));
#9813=CARTESIAN_POINT('',(1.680231367170E1,9.352648732306E-1,
-8.858643902292E1));
#9814=CARTESIAN_POINT('',(1.640778869790E1,1.858750682353E0,-8.853062490417E1));
#9815=CARTESIAN_POINT('',(1.577298789505E1,2.636892016116E0,-8.847481078542E1));
#9816=CARTESIAN_POINT('',(1.494754932948E1,3.208842336583E0,-8.841899666667E1));
#9817=CARTESIAN_POINT('',(1.399601793258E1,3.529878152836E0,-8.836318254792E1));
#9818=CARTESIAN_POINT('',(1.299279842843E1,3.574896161496E0,-8.830736842917E1));
#9819=CARTESIAN_POINT('',(1.201633727782E1,3.340376192316E0,-8.825155431042E1));
#9820=CARTESIAN_POINT('',(1.114298857975E1,2.844656466879E0,-8.819574019167E1));
#9821=CARTESIAN_POINT('',(1.044104358465E1,2.126499646634E0,-8.813992607292E1));
#9822=CARTESIAN_POINT('',(9.965390679664E0,1.242061797726E0,-8.808411195417E1));
#9823=CARTESIAN_POINT('',(9.753223406976E0,2.605012835418E-1,
-8.802829783542E1));
#9824=CARTESIAN_POINT('',(9.821132125493E0,-7.414290536349E-1,
-8.797248371667E1));
#9825=CARTESIAN_POINT('',(1.016380673249E1,-1.685383559066E0,
-8.791666959792E1));
#9826=CARTESIAN_POINT('',(1.075445188557E1,-2.497549981515E0,
-8.786085547917E1));
#9827=CARTESIAN_POINT('',(1.154688225674E1,-3.114421201012E0,
-8.780504136042E1));
#9828=CARTESIAN_POINT('',(1.247913398091E1,-3.487761149853E0,
-8.774922724167E1));
#9829=CARTESIAN_POINT('',(1.347830990244E1,-3.588376618044E0,
-8.769341312292E1));
#9830=CARTESIAN_POINT('',(1.446627974734E1,-3.408400007970E0,
-8.763759900417E1));
#9831=CARTESIAN_POINT('',(1.536578949755E1,-2.961904538924E0,
-8.758178488542E1));
#9832=CARTESIAN_POINT('',(1.610650224670E1,-2.283803795778E0,
-8.752597076667E1));
#9833=CARTESIAN_POINT('',(1.663049817426E1,-1.427121671239E0,
-8.747015664792E1));
#9834=CARTESIAN_POINT('',(1.689680356929E1,-4.588461778041E-1,
-8.741434252917E1));
#9835=CARTESIAN_POINT('',(1.688459475796E1,5.453086606198E-1,
-8.735852841042E1));
#9836=CARTESIAN_POINT('',(1.659482640476E1,1.506823245064E0,-8.730271429167E1));
#9837=CARTESIAN_POINT('',(1.605015686281E1,2.350512218944E0,-8.724690017292E1));
#9838=CARTESIAN_POINT('',(1.529317641033E1,3.010403565503E0,-8.719108605417E1));
#9839=CARTESIAN_POINT('',(1.438307691640E1,3.434897270338E0,-8.713527193542E1));
#9840=CARTESIAN_POINT('',(1.339102334873E1,3.590800171053E0,-8.707945781667E1));
#9841=CARTESIAN_POINT('',(1.239458905332E1,3.465921481989E0,-8.702364369792E1));
#9842=CARTESIAN_POINT('',(1.147168991443E1,3.070026068093E0,-8.696782957917E1));
#9843=CARTESIAN_POINT('',(1.069449179886E1,2.434070813613E0,-8.691201546042E1));
#9844=CARTESIAN_POINT('',(1.012376736336E1,1.607784220550E0,-8.685620134167E1));
#9845=CARTESIAN_POINT('',(9.804144713249E0,6.557769207438E-1,
-8.680038722292E1));
#9846=CARTESIAN_POINT('',(9.760614887810E0,-3.475068690496E-1,
-8.674457310417E1));
#9847=CARTESIAN_POINT('',(9.996588265014E0,-1.323624168746E0,
-8.668875898542E1));
#9848=CARTESIAN_POINT('',(1.032792171054E1,-1.905352067092E0,
-8.665154957292E1));
#9849=CARTESIAN_POINT('',(1.053063103240E1,-2.167609511794E0,
-8.663294486667E1));
#9850=CARTESIAN_POINT('',(1.327354034865E1,-3.309315350091E0,-9.00696318E1));
#9851=CARTESIAN_POINT('',(1.358301909323E1,-3.315062900182E0,
-9.005102709375E1));
#9852=CARTESIAN_POINT('',(1.420356242971E1,-3.239161337299E0,
-9.001381768125E1));
#9853=CARTESIAN_POINT('',(1.506648999438E1,-2.872024252E0,-8.995800356250E1));
#9854=CARTESIAN_POINT('',(1.579401627885E1,-2.280309908754E0,
-8.990218944375E1));
#9855=CARTESIAN_POINT('',(1.632926261373E1,-1.510287427009E0,
-8.984637532500E1));
#9856=CARTESIAN_POINT('',(1.663037287568E1,-6.221684434422E-1,
-8.979056120625E1));
#9857=CARTESIAN_POINT('',(1.667380255510E1,3.146008199049E-1,
-8.973474708750E1));
#9858=CARTESIAN_POINT('',(1.645615548756E1,1.226769963321E0,-8.967893296875E1));
#9859=CARTESIAN_POINT('',(1.599445057470E1,2.043012181854E0,-8.962311885E1));
#9860=CARTESIAN_POINT('',(1.532479068561E1,2.699501650091E0,-8.956730473125E1));
#9861=CARTESIAN_POINT('',(1.449953968655E1,3.144904362683E0,-8.951149061250E1));
#9862=CARTESIAN_POINT('',(1.358322784121E1,3.344392182557E0,-8.945567649375E1));
#9863=CARTESIAN_POINT('',(1.264750589123E1,3.282366216970E0,-8.939986237500E1));
#9864=CARTESIAN_POINT('',(1.176554234547E1,2.963676568476E0,-8.934404825625E1));
#9865=CARTESIAN_POINT('',(1.100630208990E1,2.413243082538E0,-8.928823413750E1));
#9866=CARTESIAN_POINT('',(1.042915369810E1,1.674106747383E0,-8.923242001875E1));
#9867=CARTESIAN_POINT('',(1.007922712266E1,8.040641162940E-1,-8.91766059E1));
#9868=CARTESIAN_POINT('',(9.983884771589E0,-1.288520772625E-1,
-8.912079178125E1));
#9869=CARTESIAN_POINT('',(1.015058191261E1,-1.051692719673E0,
-8.906497766250E1));
#9870=CARTESIAN_POINT('',(1.056628371070E1,-1.892296552149E0,
-8.900916354375E1));
#9871=CARTESIAN_POINT('',(1.119848448324E1,-2.584932799619E0,
-8.895334942500E1));
#9872=CARTESIAN_POINT('',(1.199774947253E1,-3.075440969793E0,
-8.889753530625E1));
#9873=CARTESIAN_POINT('',(1.290158038245E1,-3.325465917286E0,
-8.884172118750E1));
#9874=CARTESIAN_POINT('',(1.383930241480E1,-3.315457013193E0,
-8.878590706875E1));
#9875=CARTESIAN_POINT('',(1.473759066477E1,-3.046196900892E0,-8.873009295E1));
#9876=CARTESIAN_POINT('',(1.552620374084E1,-2.538740297473E0,
-8.867427883125E1));
#9877=CARTESIAN_POINT('',(1.614347627021E1,-1.832767626186E0,
-8.861846471250E1));
#9878=CARTESIAN_POINT('',(1.654114080484E1,-9.834822171485E-1,
-8.856265059375E1));
#9879=CARTESIAN_POINT('',(1.668810208076E1,-5.729369881695E-2,
-8.850683647500E1));
#9880=CARTESIAN_POINT('',(1.657286850323E1,8.733748838260E-1,
-8.845102235625E1));
#9881=CARTESIAN_POINT('',(1.620445072873E1,1.735750168456E0,-8.839520823750E1));
#9882=CARTESIAN_POINT('',(1.561165707924E1,2.462398967559E0,-8.833939411875E1));
#9883=CARTESIAN_POINT('',(1.484084088381E1,2.996501187143E0,-8.828358E1));
#9884=CARTESIAN_POINT('',(1.395227589328E1,3.296292857663E0,-8.822776588125E1));
#9885=CARTESIAN_POINT('',(1.301544319169E1,3.338331855608E0,-8.817195176250E1));
#9886=CARTESIAN_POINT('',(1.210359814289E1,3.119330953618E0,-8.811613764375E1));
#9887=CARTESIAN_POINT('',(1.128804220836E1,2.656414864277E0,-8.806032352500E1));
#9888=CARTESIAN_POINT('',(1.063254755001E1,1.985781178138E0,-8.800450940625E1));
#9889=CARTESIAN_POINT('',(1.018837038424E1,1.159869903535E0,-8.794869528750E1));
#9890=CARTESIAN_POINT('',(9.990243016860E0,2.432629351982E-1,
-8.789288116875E1));
#9891=CARTESIAN_POINT('',(1.005365796042E1,-6.923659084371E-1,-8.783706705E1));
#9892=CARTESIAN_POINT('',(1.037365650162E1,-1.573855398864E0,
-8.778125293125E1));
#9893=CARTESIAN_POINT('',(1.092521644653E1,-2.332277718739E0,
-8.772543881250E1));
#9894=CARTESIAN_POINT('',(1.166520872377E1,-2.908328252748E0,
-8.766962469375E1));
#9895=CARTESIAN_POINT('',(1.253576984992E1,-3.256962894954E0,
-8.761381057500E1));
#9896=CARTESIAN_POINT('',(1.346882654794E1,-3.350920259715E0,
-8.755799645625E1));
#9897=CARTESIAN_POINT('',(1.439141871750E1,-3.182853377900E0,
-8.750218233750E1));
#9898=CARTESIAN_POINT('',(1.523140452910E1,-2.765904191025E0,
-8.744636821875E1));
#9899=CARTESIAN_POINT('',(1.592310153360E1,-2.132675920918E0,-8.73905541E1));
#9900=CARTESIAN_POINT('',(1.641242268257E1,-1.332683670155E0,
-8.733473998125E1));
#9901=CARTESIAN_POINT('',(1.666110564940E1,-4.284826028475E-1,
-8.727892586250E1));
#9902=CARTESIAN_POINT('',(1.664970474097E1,5.092235384326E-1,
-8.722311174375E1));
#9903=CARTESIAN_POINT('',(1.637911144804E1,1.407111091491E0,-8.716729762500E1));
#9904=CARTESIAN_POINT('',(1.587048473539E1,2.194969997174E0,-8.711148350625E1));
#9905=CARTESIAN_POINT('',(1.516359652258E1,2.811193854858E0,-8.705566938750E1));
#9906=CARTESIAN_POINT('',(1.431372173039E1,3.207597216897E0,-8.699985526875E1));
#9907=CARTESIAN_POINT('',(1.338731607333E1,3.353183437119E0,-8.694404115E1));
#9908=CARTESIAN_POINT('',(1.245681957774E1,3.236568439939E0,-8.688822703125E1));
#9909=CARTESIAN_POINT('',(1.159499214116E1,2.866870912517E0,-8.683241291250E1));
#9910=CARTESIAN_POINT('',(1.086922414396E1,2.272999205797E0,-8.677659879375E1));
#9911=CARTESIAN_POINT('',(1.033626668793E1,1.501391100031E0,-8.672078467500E1));
#9912=CARTESIAN_POINT('',(1.003779466904E1,6.123816988786E-1,
-8.666497055625E1));
#9913=CARTESIAN_POINT('',(9.997145375646E0,-3.245110343304E-1,
-8.660915643750E1));
#9914=CARTESIAN_POINT('',(1.021750350819E1,-1.236034986126E0,
-8.655334231875E1));
#9915=CARTESIAN_POINT('',(1.052691137518E1,-1.779267764538E0,
-8.651613290625E1));
#9916=CARTESIAN_POINT('',(1.071620665986E1,-2.024170649117E0,-8.64975282E1));
#9917=B_SPLINE_SURFACE_WITH_KNOTS('',3,3,((#9649,#9650,#9651,#9652,#9653,#9654,
#9655,#9656,#9657,#9658,#9659,#9660,#9661,#9662,#9663,#9664,#9665,#9666,#9667,
#9668,#9669,#9670,#9671,#9672,#9673,#9674,#9675,#9676,#9677,#9678,#9679,#9680,
#9681,#9682,#9683,#9684,#9685,#9686,#9687,#9688,#9689,#9690,#9691,#9692,#9693,
#9694,#9695,#9696,#9697,#9698,#9699,#9700,#9701,#9702,#9703,#9704,#9705,#9706,
#9707,#9708,#9709,#9710,#9711,#9712,#9713,#9714,#9715),(#9716,#9717,#9718,#9719,
#9720,#9721,#9722,#9723,#9724,#9725,#9726,#9727,#9728,#9729,#9730,#9731,#9732,
#9733,#9734,#9735,#9736,#9737,#9738,#9739,#9740,#9741,#9742,#9743,#9744,#9745,
#9746,#9747,#9748,#9749,#9750,#9751,#9752,#9753,#9754,#9755,#9756,#9757,#9758,
#9759,#9760,#9761,#9762,#9763,#9764,#9765,#9766,#9767,#9768,#9769,#9770,#9771,
#9772,#9773,#9774,#9775,#9776,#9777,#9778,#9779,#9780,#9781,#9782),(#9783,#9784,
#9785,#9786,#9787,#9788,#9789,#9790,#9791,#9792,#9793,#9794,#9795,#9796,#9797,
#9798,#9799,#9800,#9801,#9802,#9803,#9804,#9805,#9806,#9807,#9808,#9809,#9810,
#9811,#9812,#9813,#9814,#9815,#9816,#9817,#9818,#9819,#9820,#9821,#9822,#9823,
#9824,#9825,#9826,#9827,#9828,#9829,#9830,#9831,#9832,#9833,#9834,#9835,#9836,
#9837,#9838,#9839,#9840,#9841,#9842,#9843,#9844,#9845,#9846,#9847,#9848,#9849),(
#9850,#9851,#9852,#9853,#9854,#9855,#9856,#9857,#9858,#9859,#9860,#9861,#9862,
#9863,#9864,#9865,#9866,#9867,#9868,#9869,#9870,#9871,#9872,#9873,#9874,#9875,
#9876,#9877,#9878,#9879,#9880,#9881,#9882,#9883,#9884,#9885,#9886,#9887,#9888,
#9889,#9890,#9891,#9892,#9893,#9894,#9895,#9896,#9897,#9898,#9899,#9900,#9901,
#9902,#9903,#9904,#9905,#9906,#9907,#9908,#9909,#9910,#9911,#9912,#9913,#9914,
#9915,#9916)),.UNSPECIFIED.,.F.,.F.,.F.,(4,4),(4,1,1,1,1,1,1,1,1,1,1,1,1,1,1,1,
1,1,1,1,1,1,1,1,1,1,1,1,1,1,1,1,1,1,1,1,1,1,1,1,1,1,1,1,1,1,1,1,1,1,1,1,1,1,1,1,
1,1,1,1,1,1,1,1,4),(-2.000000000002E-2,1.02E0),(-1.664307692308E-2,
-3.120576923077E-3,1.040192307692E-2,2.392442307692E-2,3.744692307692E-2,
5.096942307692E-2,6.449192307692E-2,7.801442307692E-2,9.153692307692E-2,
1.050594230769E-1,1.185819230769E-1,1.321044230769E-1,1.456269230769E-1,
1.591494230769E-1,1.726719230769E-1,1.861944230769E-1,1.997169230769E-1,
2.132394230769E-1,2.267619230769E-1,2.402844230769E-1,2.538069230769E-1,
2.673294230769E-1,2.808519230769E-1,2.943744230769E-1,3.078969230769E-1,
3.214194230769E-1,3.349419230769E-1,3.484644230769E-1,3.619869230769E-1,
3.755094230769E-1,3.890319230769E-1,4.025544230769E-1,4.160769230769E-1,
4.295994230769E-1,4.431219230769E-1,4.566444230769E-1,4.701669230769E-1,
4.836894230769E-1,4.972119230769E-1,5.107344230769E-1,5.242569230769E-1,
5.377794230769E-1,5.513019230769E-1,5.648244230769E-1,5.783469230769E-1,
5.918694230769E-1,6.053919230769E-1,6.189144230769E-1,6.324369230769E-1,
6.459594230769E-1,6.594819230769E-1,6.730044230769E-1,6.865269230769E-1,
7.000494230769E-1,7.135719230769E-1,7.270944230769E-1,7.406169230769E-1,
7.541394230769E-1,7.676619230769E-1,7.811844230769E-1,7.947069230769E-1,
8.082294230769E-1,8.217519230769E-1,8.352744230769E-1,8.487969230769E-1),
.UNSPECIFIED.);
#9918=ORIENTED_EDGE('',*,*,#7808,.T.);
#9919=ORIENTED_EDGE('',*,*,#9594,.F.);
#9920=ORIENTED_EDGE('',*,*,#9537,.T.);
#9921=ORIENTED_EDGE('',*,*,#9609,.T.);
#9922=ORIENTED_EDGE('',*,*,#9553,.T.);
#9923=ORIENTED_EDGE('',*,*,#9627,.T.);
#9925=ORIENTED_EDGE('',*,*,#9924,.T.);
#9927=ORIENTED_EDGE('',*,*,#9926,.T.);
#9928=EDGE_LOOP('',(#9918,#9919,#9920,#9921,#9922,#9923,#9925,#9927));
#9929=FACE_OUTER_BOUND('',#9928,.F.);
#9931=CARTESIAN_POINT('',(1.732700730016E1,-4.151072107511E-1,
-9.393030049364E1));
#9932=CARTESIAN_POINT('',(1.736604539761E1,-3.968523311264E-2,
-9.391159115176E1));
#9933=CARTESIAN_POINT('',(1.733749448363E1,7.221995862244E-1,
-9.387417246801E1));
#9934=CARTESIAN_POINT('',(1.697819114286E1,1.807958512245E0,-9.381804444237E1));
#9935=CARTESIAN_POINT('',(1.633081643226E1,2.750750736022E0,-9.376191641674E1));
#9936=CARTESIAN_POINT('',(1.544656013829E1,3.476041296165E0,-9.370578839110E1));
#9937=CARTESIAN_POINT('',(1.439534084181E1,3.926477488981E0,-9.364966036547E1));
#9938=CARTESIAN_POINT('',(1.326027947605E1,4.066443820177E0,-9.359353233984E1));
#9939=CARTESIAN_POINT('',(1.213112632299E1,3.884872788459E0,-9.353740431420E1));
#9940=CARTESIAN_POINT('',(1.109716452859E1,3.396121440222E0,-9.348127628857E1));
#9941=CARTESIAN_POINT('',(1.024015036537E1,2.638835759988E0,-9.342514826293E1));
#9942=CARTESIAN_POINT('',(9.627848702267E0,1.672895001416E0,-9.336902023730E1));
#9943=CARTESIAN_POINT('',(9.308674773641E0,5.746769540556E-1,
-9.331289221167E1));
#9944=CARTESIAN_POINT('',(9.307865944581E0,-5.689813086689E-1,
-9.325676418603E1));
#9945=CARTESIAN_POINT('',(9.625486169905E0,-1.667649715701E0,
-9.320063616040E1));
#9946=CARTESIAN_POINT('',(1.023642093726E1,-2.634455583584E0,
-9.314450813476E1));
#9947=CARTESIAN_POINT('',(1.109236309382E1,-3.392952716582E0,
-9.308838010913E1));
#9948=CARTESIAN_POINT('',(1.212563253562E1,-3.883166075E0,-9.303225208350E1));
#9949=CARTESIAN_POINT('',(1.325452773330E1,-4.066334054678E0,
-9.297612405786E1));
#9950=CARTESIAN_POINT('',(1.438978594435E1,-3.927973401328E0,
-9.291999603223E1));
#9951=CARTESIAN_POINT('',(1.544164129713E1,-3.479024414283E0,
-9.286386800660E1));
#9952=CARTESIAN_POINT('',(1.632692265784E1,-2.754985887336E0,
-9.280773998096E1));
#9953=CARTESIAN_POINT('',(1.697563004570E1,-1.813108187697E0,
-9.275161195533E1));
#9954=CARTESIAN_POINT('',(1.733646959333E1,-7.278664187801E-1,
-9.269548392969E1));
#9955=CARTESIAN_POINT('',(1.738090939831E1,4.149283921419E-1,
-9.263935590406E1));
#9956=CARTESIAN_POINT('',(1.710543556592E1,1.524914447823E0,-9.258322787843E1));
#9957=CARTESIAN_POINT('',(1.653183005593E1,2.514324168333E0,-9.252709985279E1));
#9958=CARTESIAN_POINT('',(1.570544836373E1,3.304924051295E0,-9.247097182716E1));
#9959=CARTESIAN_POINT('',(1.469163322121E1,3.834200664161E0,-9.241484380152E1));
#9960=CARTESIAN_POINT('',(1.357054788906E1,4.060303636663E0,-9.235871577589E1));
#9961=CARTESIAN_POINT('',(1.243083757682E1,3.965354806629E0,-9.230258775026E1));
#9962=CARTESIAN_POINT('',(1.136262018771E1,3.556861862093E0,-9.224645972462E1));
#9963=CARTESIAN_POINT('',(1.045036061621E1,2.867124701759E0,-9.219033169899E1));
#9964=CARTESIAN_POINT('',(9.766192034133E0,1.950681453416E0,-9.213420367335E1));
#9965=CARTESIAN_POINT('',(9.364212256852E0,8.799960959029E-1,
-9.207807564772E1));
#9966=CARTESIAN_POINT('',(9.276206181172E0,-2.602713318438E-1,
-9.202194762209E1));
#9967=CARTESIAN_POINT('',(9.509132525395E0,-1.379958875002E0,
-9.196581959645E1));
#9968=CARTESIAN_POINT('',(1.004457359731E1,-2.390531848441E0,
-9.190969157082E1));
#9969=CARTESIAN_POINT('',(1.084019159741E1,-3.212083352639E0,
-9.185356354518E1));
#9970=CARTESIAN_POINT('',(1.183307630619E1,-3.779652582964E0,
-9.179743551955E1));
#9971=CARTESIAN_POINT('',(1.294471945087E1,-4.048361337987E0,
-9.174130749392E1));
#9972=CARTESIAN_POINT('',(1.408722242402E1,-3.996962578601E0,
-9.168517946828E1));
#9973=CARTESIAN_POINT('',(1.517024650428E1,-3.629520450206E0,
-9.162905144265E1));
#9974=CARTESIAN_POINT('',(1.610815601897E1,-2.975088927137E0,
-9.157292341701E1));
#9975=CARTESIAN_POINT('',(1.682678963258E1,-2.085414489194E0,
-9.151679539138E1));
#9976=CARTESIAN_POINT('',(1.726932434918E1,-1.030844481682E0,
-9.146066736575E1));
#9977=CARTESIAN_POINT('',(1.740076855701E1,1.052353114504E-1,
-9.140453934011E1));
#9978=CARTESIAN_POINT('',(1.721072884622E1,1.232994055357E0,-9.134841131448E1));
#9979=CARTESIAN_POINT('',(1.671423182494E1,2.263258867920E0,-9.129228328884E1));
#9980=CARTESIAN_POINT('',(1.595053595214E1,3.114565798469E0,-9.123615526321E1));
#9981=CARTESIAN_POINT('',(1.498002733646E1,3.719601254469E0,-9.118002723758E1));
#9982=CARTESIAN_POINT('',(1.387944495318E1,4.030524546867E0,-9.112389921194E1));
#9983=CARTESIAN_POINT('',(1.273581282554E1,4.022750695718E0,-9.106777118631E1));
#9984=CARTESIAN_POINT('',(1.163955895815E1,3.696894386311E0,-9.101164316067E1));
#9985=CARTESIAN_POINT('',(1.067736511468E1,3.078721365477E0,-9.095551513504E1));
#9986=CARTESIAN_POINT('',(9.925312813942E0,2.217111121095E0,-9.089938710941E1));
#9987=CARTESIAN_POINT('',(9.442867497305E0,1.180191938053E0,-9.084325908377E1));
#9988=CARTESIAN_POINT('',(9.268176542020E0,4.995393320761E-2,
-9.078713105814E1));
#9989=CARTESIAN_POINT('',(9.415052920168E0,-1.084233971072E0,
-9.073100303250E1));
#9990=CARTESIAN_POINT('',(9.871882973010E0,-2.132690544060E0,
-9.067487500687E1));
#9991=CARTESIAN_POINT('',(1.060254479433E1,-3.012513356204E0,
-9.061874698124E1));
#9992=CARTESIAN_POINT('',(1.154926411897E1,-3.654134189307E0,
-9.056261895560E1));
#9993=CARTESIAN_POINT('',(1.263718371435E1,-4.006818955109E0,
-9.050649092997E1));
#9994=CARTESIAN_POINT('',(1.378027819359E1,-4.042682650876E0,
-9.045036290433E1));
#9995=CARTESIAN_POINT('',(1.488817184805E1,-3.758881687987E0,
-9.039423487870E1));
#9996=CARTESIAN_POINT('',(1.554487463782E1,-3.371550978471E0,
-9.035681619494E1));
#9997=CARTESIAN_POINT('',(1.583979398148E1,-3.135991612117E0,
-9.033810685307E1));
#9998=CARTESIAN_POINT('',(1.709371662410E1,-3.908485772988E-1,
-9.379488382697E1));
#9999=CARTESIAN_POINT('',(1.713047335694E1,-3.736605026394E-2,
-9.377617448510E1));
#10000=CARTESIAN_POINT('',(1.710359094243E1,6.799946459395E-1,
-9.373875580134E1));
#10001=CARTESIAN_POINT('',(1.676528508813E1,1.702302426999E0,
-9.368262777571E1));
#10002=CARTESIAN_POINT('',(1.615574259389E1,2.589998400010E0,
-9.362649975007E1));
#10003=CARTESIAN_POINT('',(1.532316174366E1,3.272903385079E0,
-9.357037172444E1));
#10004=CARTESIAN_POINT('',(1.433337511548E1,3.697016338471E0,
-9.351424369880E1));
#10005=CARTESIAN_POINT('',(1.326464610172E1,3.828803115479E0,
-9.345811567317E1));
#10006=CARTESIAN_POINT('',(1.220148002800E1,3.657842993401E0,
-9.340198764754E1));
#10007=CARTESIAN_POINT('',(1.122794238314E1,3.197654000861E0,
-9.334585962190E1));
#10008=CARTESIAN_POINT('',(1.042101164875E1,2.484623672642E0,
-9.328973159627E1));
#10009=CARTESIAN_POINT('',(9.844492552710E0,1.575131952275E0,
-9.323360357063E1));
#10010=CARTESIAN_POINT('',(9.543970970133E0,5.410931539653E-1,
-9.317747554500E1));
#10011=CARTESIAN_POINT('',(9.543209408591E0,-5.357303589126E-1,
-9.312134751937E1));
#10012=CARTESIAN_POINT('',(9.842268085420E0,-1.570193198126E0,
-9.306521949373E1));
#10013=CARTESIAN_POINT('',(1.041750016633E1,-2.480499471300E0,
-9.300909146810E1));
#10014=CARTESIAN_POINT('',(1.122342154152E1,-3.194670455660E0,
-9.295296344246E1));
#10015=CARTESIAN_POINT('',(1.219630729450E1,-3.656236019323E0,
-9.289683541683E1));
#10016=CARTESIAN_POINT('',(1.325923048761E1,-3.828699764614E0,
-9.284070739120E1));
#10017=CARTESIAN_POINT('',(1.432814484313E1,-3.698424830537E0,
-9.278457936556E1));
#10018=CARTESIAN_POINT('',(1.531853035682E1,-3.275712171442E0,
-9.272845133993E1));
#10019=CARTESIAN_POINT('',(1.615207636948E1,-2.593986051448E0,
-9.267232331429E1));
#10020=CARTESIAN_POINT('',(1.676287366006E1,-1.707151158295E0,
-9.261619528866E1));
#10021=CARTESIAN_POINT('',(1.710262594615E1,-6.853303119670E-1,
-9.256006726303E1));
#10022=CARTESIAN_POINT('',(1.714446871375E1,3.906802087492E-1,
-9.250393923739E1));
#10023=CARTESIAN_POINT('',(1.688509341821E1,1.435799299548E0,
-9.244781121176E1));
#10024=CARTESIAN_POINT('',(1.634500909371E1,2.367388468832E0,
-9.239168318612E1));
#10025=CARTESIAN_POINT('',(1.556692068586E1,3.111786136386E0,
-9.233555516049E1));
#10026=CARTESIAN_POINT('',(1.461235233379E1,3.610132119734E0,
-9.227942713486E1));
#10027=CARTESIAN_POINT('',(1.355678260203E1,3.823021760859E0,
-9.222329910922E1));
#10028=CARTESIAN_POINT('',(1.248367632363E1,3.733621687399E0,
-9.216717108359E1));
#10029=CARTESIAN_POINT('',(1.147788496186E1,3.349000842293E0,
-9.211104305795E1));
#10030=CARTESIAN_POINT('',(1.061893732999E1,2.699571536214E0,
-9.205491503232E1));
#10031=CARTESIAN_POINT('',(9.974751177562E0,1.836684719235E0,
-9.199878700669E1));
#10032=CARTESIAN_POINT('',(9.596262873857E0,8.285696157622E-1,
-9.194265898105E1));
#10033=CARTESIAN_POINT('',(9.513399824065E0,-2.450612206393E-1,
-9.188653095542E1));
#10034=CARTESIAN_POINT('',(9.732714082881E0,-1.299314849408E0,
-9.183040292978E1));
#10035=CARTESIAN_POINT('',(1.023686427773E1,-2.250830502944E0,
-9.177427490415E1));
#10036=CARTESIAN_POINT('',(1.098598680647E1,-3.024370996285E0,
-9.171814687852E1));
#10037=CARTESIAN_POINT('',(1.192084788764E1,-3.558771797922E0,
-9.166201885288E1));
#10038=CARTESIAN_POINT('',(1.296752722809E1,-3.811777363445E0,
-9.160589082725E1));
#10039=CARTESIAN_POINT('',(1.404326296587E1,-3.763382318838E0,
-9.154976280161E1));
#10040=CARTESIAN_POINT('',(1.506299572403E1,-3.417413303116E0,
-9.149363477598E1));
#10041=CARTESIAN_POINT('',(1.594609433074E1,-2.801226392587E0,
-9.143750675035E1));
#10042=CARTESIAN_POINT('',(1.662273139751E1,-1.963544031685E0,
-9.138137872471E1));
#10043=CARTESIAN_POINT('',(1.703940463254E1,-9.706025061641E-1,
-9.132525069908E1));
#10044=CARTESIAN_POINT('',(1.716316731431E1,9.908541865017E-2,
-9.126912267344E1));
#10045=CARTESIAN_POINT('',(1.698423341803E1,1.160938571706E0,
-9.121299464781E1));
#10046=CARTESIAN_POINT('',(1.651675140526E1,2.130995284290E0,
-9.115686662218E1));
#10047=CARTESIAN_POINT('',(1.579768549255E1,2.932552313492E0,
-9.110073859654E1));
#10048=CARTESIAN_POINT('',(1.488389285808E1,3.502229835511E0,
-9.104461057091E1));
#10049=CARTESIAN_POINT('',(1.384762789433E1,3.794982944431E0,
-9.098848254527E1));
#10050=CARTESIAN_POINT('',(1.277082898921E1,3.787663392800E0,
-9.093235451964E1));
#10051=CARTESIAN_POINT('',(1.173863958530E1,3.480849944040E0,
-9.087622649401E1));
#10052=CARTESIAN_POINT('',(1.083267581240E1,2.898802609135E0,
-9.082009846837E1));
#10053=CARTESIAN_POINT('',(1.012457302791E1,2.087544386005E0,
-9.076397044274E1));
#10054=CARTESIAN_POINT('',(9.670321546007E0,1.111222180633E0,
-9.070784241711E1));
#10055=CARTESIAN_POINT('',(9.505839432538E0,4.703465326306E-2,
-9.065171439147E1));
#10056=CARTESIAN_POINT('',(9.644132437216E0,-1.020871943626E0,
-9.059558636584E1));
#10057=CARTESIAN_POINT('',(1.007426559703E1,-2.008057300320E0,
-9.053945834020E1));
#10058=CARTESIAN_POINT('',(1.076222794978E1,-2.836463758931E0,
-9.048333031457E1));
#10059=CARTESIAN_POINT('',(1.165362152606E1,-3.440588629057E0,
-9.042720228894E1));
#10060=CARTESIAN_POINT('',(1.267796370818E1,-3.772662694210E0,
-9.037107426330E1));
#10061=CARTESIAN_POINT('',(1.375425638476E1,-3.806430535636E0,
-9.031494623767E1));
#10062=CARTESIAN_POINT('',(1.479740535309E1,-3.539214742442E0,
-9.025881821203E1));
#10063=CARTESIAN_POINT('',(1.541573079876E1,-3.174519423166E0,
-9.022139952828E1));
#10064=CARTESIAN_POINT('',(1.569341522078E1,-2.952726014562E0,
-9.020269018640E1));
#10065=CARTESIAN_POINT('',(1.686042594804E1,-3.665899438466E-1,
-9.365946716031E1));
#10066=CARTESIAN_POINT('',(1.689490131628E1,-3.504686741523E-2,
-9.364075781843E1));
#10067=CARTESIAN_POINT('',(1.686968740123E1,6.377897056545E-1,
-9.360333913467E1));
#10068=CARTESIAN_POINT('',(1.655237903339E1,1.596646341752E0,
-9.354721110904E1));
#10069=CARTESIAN_POINT('',(1.598066875553E1,2.429246063998E0,
-9.349108308341E1));
#10070=CARTESIAN_POINT('',(1.519976334903E1,3.069765473993E0,
-9.343495505777E1));
#10071=CARTESIAN_POINT('',(1.427140938916E1,3.467555187962E0,
-9.337882703214E1));
#10072=CARTESIAN_POINT('',(1.326901272738E1,3.591162410781E0,
-9.332269900650E1));
#10073=CARTESIAN_POINT('',(1.227183373301E1,3.430813198343E0,
-9.326657098087E1));
#10074=CARTESIAN_POINT('',(1.135872023768E1,2.999186561501E0,
-9.321044295524E1));
#10075=CARTESIAN_POINT('',(1.060187293213E1,2.330411585296E0,
-9.315431492960E1));
#10076=CARTESIAN_POINT('',(1.006113640315E1,1.477368903134E0,
-9.309818690397E1));
#10077=CARTESIAN_POINT('',(9.779267166624E0,5.075093538750E-1,
-9.304205887833E1));
#10078=CARTESIAN_POINT('',(9.778552872600E0,-5.024794091562E-1,
-9.298593085270E1));
#10079=CARTESIAN_POINT('',(1.005905000093E1,-1.472736680551E0,
-9.292980282707E1));
#10080=CARTESIAN_POINT('',(1.059857939541E1,-2.326543359015E0,
-9.287367480143E1));
#10081=CARTESIAN_POINT('',(1.135447998923E1,-2.996388194739E0,
-9.281754677580E1));
#10082=CARTESIAN_POINT('',(1.226698205337E1,-3.429305963646E0,
-9.276141875016E1));
#10083=CARTESIAN_POINT('',(1.326393324191E1,-3.591065474551E0,
-9.270529072453E1));
#10084=CARTESIAN_POINT('',(1.426650374191E1,-3.468876259746E0,
-9.264916269890E1));
#10085=CARTESIAN_POINT('',(1.519541941652E1,-3.072399928600E0,
-9.259303467326E1));
#10086=CARTESIAN_POINT('',(1.597723008111E1,-2.432986215559E0,
-9.253690664763E1));
#10087=CARTESIAN_POINT('',(1.655011727441E1,-1.601194128892E0,
-9.248077862199E1));
#10088=CARTESIAN_POINT('',(1.686878229896E1,-6.427942051538E-1,
-9.242465059636E1));
#10089=CARTESIAN_POINT('',(1.690802802920E1,3.664320253565E-1,
-9.236852257073E1));
#10090=CARTESIAN_POINT('',(1.666475127049E1,1.346684151274E0,
-9.231239454509E1));
#10091=CARTESIAN_POINT('',(1.615818813149E1,2.220452769330E0,
-9.225626651946E1));
#10092=CARTESIAN_POINT('',(1.542839300799E1,2.918648221478E0,
-9.220013849382E1));
#10093=CARTESIAN_POINT('',(1.453307144637E1,3.386063575306E0,
-9.214401046819E1));
#10094=CARTESIAN_POINT('',(1.354301731501E1,3.585739885055E0,
-9.208788244256E1));
#10095=CARTESIAN_POINT('',(1.253651507043E1,3.501888568169E0,
-9.203175441692E1));
#10096=CARTESIAN_POINT('',(1.159314973601E1,3.141139822494E0,
-9.197562639129E1));
#10097=CARTESIAN_POINT('',(1.078751404376E1,2.532018370669E0,
-9.191949836565E1));
#10098=CARTESIAN_POINT('',(1.018331032099E1,1.722687985055E0,
-9.186337034002E1));
#10099=CARTESIAN_POINT('',(9.828313490861E0,7.771431356215E-1,
-9.180724231439E1));
#10100=CARTESIAN_POINT('',(9.750593466958E0,-2.298511094347E-1,
-9.175111428875E1));
#10101=CARTESIAN_POINT('',(9.956295640367E0,-1.218670823815E0,
-9.169498626312E1));
#10102=CARTESIAN_POINT('',(1.042915495816E1,-2.111129157447E0,
-9.163885823748E1));
#10103=CARTESIAN_POINT('',(1.113178201552E1,-2.836658639930E0,
-9.158273021185E1));
#10104=CARTESIAN_POINT('',(1.200861946910E1,-3.337891012881E0,
-9.152660218622E1));
#10105=CARTESIAN_POINT('',(1.299033500531E1,-3.575193388903E0,
-9.147047416058E1));
#10106=CARTESIAN_POINT('',(1.399930350772E1,-3.529802059075E0,
-9.141434613495E1));
#10107=CARTESIAN_POINT('',(1.495574494377E1,-3.205306156025E0,
-9.135821810931E1));
#10108=CARTESIAN_POINT('',(1.578403264252E1,-2.627363858036E0,
-9.130209008368E1));
#10109=CARTESIAN_POINT('',(1.641867316245E1,-1.841673574177E0,
-9.124596205805E1));
#10110=CARTESIAN_POINT('',(1.680948491591E1,-9.103605306461E-1,
-9.118983403241E1));
#10111=CARTESIAN_POINT('',(1.692556607162E1,9.293552584997E-2,
-9.113370600678E1));
#10112=CARTESIAN_POINT('',(1.675773798985E1,1.088883088055E0,
-9.107757798114E1));
#10113=CARTESIAN_POINT('',(1.631927098558E1,1.998731700661E0,
-9.102144995551E1));
#10114=CARTESIAN_POINT('',(1.564483503295E1,2.750538828514E0,
-9.096532192988E1));
#10115=CARTESIAN_POINT('',(1.478775837971E1,3.284858416553E0,
-9.090919390424E1));
#10116=CARTESIAN_POINT('',(1.381581083548E1,3.559441341996E0,
-9.085306587861E1));
#10117=CARTESIAN_POINT('',(1.280584515289E1,3.552576089882E0,
-9.079693785297E1));
#10118=CARTESIAN_POINT('',(1.183772021244E1,3.264805501769E0,
-9.074080982734E1));
#10119=CARTESIAN_POINT('',(1.098798651013E1,2.718883852794E0,
-9.068468180171E1));
#10120=CARTESIAN_POINT('',(1.032383324188E1,1.957977650914E0,
-9.062855377607E1));
#10121=CARTESIAN_POINT('',(9.897775594709E0,1.042252423214E0,
-9.057242575044E1));
#10122=CARTESIAN_POINT('',(9.743502323057E0,4.411537331851E-2,
-9.051629772480E1));
#10123=CARTESIAN_POINT('',(9.873211954264E0,-9.575099161794E-1,
-9.046016969917E1));
#10124=CARTESIAN_POINT('',(1.027664822104E1,-1.883424056581E0,
-9.040404167354E1));
#10125=CARTESIAN_POINT('',(1.092191110522E1,-2.660414161657E0,
-9.034791364790E1));
#10126=CARTESIAN_POINT('',(1.175797893316E1,-3.227043068806E0,
-9.029178562227E1));
#10127=CARTESIAN_POINT('',(1.271874370200E1,-3.538506433312E0,
-9.023565759663E1));
#10128=CARTESIAN_POINT('',(1.372823457593E1,-3.570178420395E0,
-9.017952957100E1));
#10129=CARTESIAN_POINT('',(1.470663885814E1,-3.319547796897E0,
-9.012340154537E1));
#10130=CARTESIAN_POINT('',(1.528658695971E1,-2.977487867862E0,
-9.008598286161E1));
#10131=CARTESIAN_POINT('',(1.554703646007E1,-2.769460417007E0,
-9.006727351973E1));
#10132=CARTESIAN_POINT('',(1.662713527198E1,-3.423313103943E-1,
-9.352405049364E1));
#10133=CARTESIAN_POINT('',(1.665932927562E1,-3.272768456653E-2,
-9.350534115176E1));
#10134=CARTESIAN_POINT('',(1.663578386003E1,5.955847653696E-1,
-9.346792246801E1));
#10135=CARTESIAN_POINT('',(1.633947297866E1,1.490990256506E0,
-9.341179444237E1));
#10136=CARTESIAN_POINT('',(1.580559491716E1,2.268493727986E0,
-9.335566641674E1));
#10137=CARTESIAN_POINT('',(1.507636495439E1,2.866627562907E0,
-9.329953839110E1));
#10138=CARTESIAN_POINT('',(1.420944366284E1,3.238094037452E0,
-9.324341036547E1));
#10139=CARTESIAN_POINT('',(1.327337935305E1,3.353521706084E0,
-9.318728233984E1));
#10140=CARTESIAN_POINT('',(1.234218743802E1,3.203783403285E0,
-9.313115431420E1));
#10141=CARTESIAN_POINT('',(1.148949809222E1,2.800719122141E0,
-9.307502628857E1));
#10142=CARTESIAN_POINT('',(1.078273421551E1,2.176199497950E0,
-9.301889826293E1));
#10143=CARTESIAN_POINT('',(1.027778025360E1,1.379605853993E0,
-9.296277023730E1));
#10144=CARTESIAN_POINT('',(1.001456336312E1,4.739255537847E-1,
-9.290664221167E1));
#10145=CARTESIAN_POINT('',(1.001389633661E1,-4.692284593998E-1,
-9.285051418603E1));
#10146=CARTESIAN_POINT('',(1.027583191645E1,-1.375280162977E0,
-9.279438616040E1));
#10147=CARTESIAN_POINT('',(1.077965862448E1,-2.172587246731E0,
-9.273825813476E1));
#10148=CARTESIAN_POINT('',(1.148553843694E1,-2.798105933818E0,
-9.268213010913E1));
#10149=CARTESIAN_POINT('',(1.233765681225E1,-3.202375907969E0,
-9.262600208350E1));
#10150=CARTESIAN_POINT('',(1.326863599621E1,-3.353431184488E0,
-9.256987405786E1));
#10151=CARTESIAN_POINT('',(1.420486264069E1,-3.239327688954E0,
-9.251374603223E1));
#10152=CARTESIAN_POINT('',(1.507230847622E1,-2.869087685758E0,
-9.245761800660E1));
#10153=CARTESIAN_POINT('',(1.580238379274E1,-2.271986379671E0,
-9.240148998096E1));
#10154=CARTESIAN_POINT('',(1.633736088877E1,-1.495237099490E0,
-9.234536195533E1));
#10155=CARTESIAN_POINT('',(1.663493865177E1,-6.002580983407E-1,
-9.228923392969E1));
#10156=CARTESIAN_POINT('',(1.667158734464E1,3.421838419639E-1,
-9.223310590406E1));
#10157=CARTESIAN_POINT('',(1.644440912277E1,1.257569003E0,-9.217697787843E1));
#10158=CARTESIAN_POINT('',(1.597136716927E1,2.073517069829E0,
-9.212084985279E1));
#10159=CARTESIAN_POINT('',(1.528986533011E1,2.725510306569E0,
-9.206472182716E1));
#10160=CARTESIAN_POINT('',(1.445379055895E1,3.161995030879E0,
-9.200859380152E1));
#10161=CARTESIAN_POINT('',(1.352925202799E1,3.348458009251E0,
-9.195246577589E1));
#10162=CARTESIAN_POINT('',(1.258935381723E1,3.270155448939E0,
-9.189633775026E1));
#10163=CARTESIAN_POINT('',(1.170841451016E1,2.933278802694E0,
-9.184020972462E1));
#10164=CARTESIAN_POINT('',(1.095609075754E1,2.364465205124E0,
-9.178408169899E1));
#10165=CARTESIAN_POINT('',(1.039186946442E1,1.608691250874E0,
-9.172795367335E1));
#10166=CARTESIAN_POINT('',(1.006036410787E1,7.257166554809E-1,
-9.167182564772E1));
#10167=CARTESIAN_POINT('',(9.987787109852E0,-2.146409982302E-1,
-9.161569762209E1));
#10168=CARTESIAN_POINT('',(1.017987719785E1,-1.138026798221E0,
-9.155956959645E1));
#10169=CARTESIAN_POINT('',(1.062144563858E1,-1.971427811951E0,
-9.150344157082E1));
#10170=CARTESIAN_POINT('',(1.127757722458E1,-2.648946283576E0,
-9.144731354518E1));
#10171=CARTESIAN_POINT('',(1.209639105056E1,-3.117010227840E0,
-9.139118551955E1));
#10172=CARTESIAN_POINT('',(1.301314278252E1,-3.338609414361E0,
-9.133505749392E1));
#10173=CARTESIAN_POINT('',(1.395534404957E1,-3.296221799312E0,
-9.127892946828E1));
#10174=CARTESIAN_POINT('',(1.484849416352E1,-2.993199008935E0,
-9.122280144265E1));
#10175=CARTESIAN_POINT('',(1.562197095429E1,-2.453501323486E0,
-9.116667341701E1));
#10176=CARTESIAN_POINT('',(1.621461492738E1,-1.719803116668E0,
-9.111054539138E1));
#10177=CARTESIAN_POINT('',(1.657956519927E1,-8.501185551281E-1,
-9.105441736575E1));
#10178=CARTESIAN_POINT('',(1.668796482892E1,8.678563304977E-2,
-9.099828934011E1));
#10179=CARTESIAN_POINT('',(1.653124256167E1,1.016827604404E0,
-9.094216131448E1));
#10180=CARTESIAN_POINT('',(1.612179056590E1,1.866468117031E0,
-9.088603328884E1));
#10181=CARTESIAN_POINT('',(1.549198457336E1,2.568525343537E0,
-9.082990526321E1));
#10182=CARTESIAN_POINT('',(1.469162390134E1,3.067486997594E0,
-9.077377723758E1));
#10183=CARTESIAN_POINT('',(1.378399377662E1,3.323899739560E0,
-9.071764921194E1));
#10184=CARTESIAN_POINT('',(1.284086131656E1,3.317488786964E0,
-9.066152118631E1));
#10185=CARTESIAN_POINT('',(1.193680083959E1,3.048761059499E0,
-9.060539316067E1));
#10186=CARTESIAN_POINT('',(1.114329720786E1,2.538965096452E0,
-9.054926513504E1));
#10187=CARTESIAN_POINT('',(1.052309345584E1,1.828410915823E0,
-9.049313710941E1));
#10188=CARTESIAN_POINT('',(1.012522964341E1,9.732826657944E-1,
-9.043700908377E1));
#10189=CARTESIAN_POINT('',(9.981165213576E0,4.119609337397E-2,
-9.038088105814E1));
#10190=CARTESIAN_POINT('',(1.010229147131E1,-8.941478887332E-1,
-9.032475303250E1));
#10191=CARTESIAN_POINT('',(1.047903084506E1,-1.758790812842E0,
-9.026862500687E1));
#10192=CARTESIAN_POINT('',(1.108159426066E1,-2.484364564383E0,
-9.021249698124E1));
#10193=CARTESIAN_POINT('',(1.186233634025E1,-3.013497508556E0,
-9.015636895560E1));
#10194=CARTESIAN_POINT('',(1.275952369582E1,-3.304350172413E0,
-9.010024092997E1));
#10195=CARTESIAN_POINT('',(1.370221276709E1,-3.333926305155E0,
-9.004411290433E1));
#10196=CARTESIAN_POINT('',(1.461587236318E1,-3.099880851352E0,
-8.998798487870E1));
#10197=CARTESIAN_POINT('',(1.515744312066E1,-2.780456312557E0,
-8.995056619494E1));
#10198=CARTESIAN_POINT('',(1.540065769936E1,-2.586194819451E0,
-8.993185685307E1));
#10199=B_SPLINE_SURFACE_WITH_KNOTS('',3,3,((#9931,#9932,#9933,#9934,#9935,#9936,
#9937,#9938,#9939,#9940,#9941,#9942,#9943,#9944,#9945,#9946,#9947,#9948,#9949,
#9950,#9951,#9952,#9953,#9954,#9955,#9956,#9957,#9958,#9959,#9960,#9961,#9962,
#9963,#9964,#9965,#9966,#9967,#9968,#9969,#9970,#9971,#9972,#9973,#9974,#9975,
#9976,#9977,#9978,#9979,#9980,#9981,#9982,#9983,#9984,#9985,#9986,#9987,#9988,
#9989,#9990,#9991,#9992,#9993,#9994,#9995,#9996,#9997),(#9998,#9999,#10000,
#10001,#10002,#10003,#10004,#10005,#10006,#10007,#10008,#10009,#10010,#10011,
#10012,#10013,#10014,#10015,#10016,#10017,#10018,#10019,#10020,#10021,#10022,
#10023,#10024,#10025,#10026,#10027,#10028,#10029,#10030,#10031,#10032,#10033,
#10034,#10035,#10036,#10037,#10038,#10039,#10040,#10041,#10042,#10043,#10044,
#10045,#10046,#10047,#10048,#10049,#10050,#10051,#10052,#10053,#10054,#10055,
#10056,#10057,#10058,#10059,#10060,#10061,#10062,#10063,#10064),(#10065,#10066,
#10067,#10068,#10069,#10070,#10071,#10072,#10073,#10074,#10075,#10076,#10077,
#10078,#10079,#10080,#10081,#10082,#10083,#10084,#10085,#10086,#10087,#10088,
#10089,#10090,#10091,#10092,#10093,#10094,#10095,#10096,#10097,#10098,#10099,
#10100,#10101,#10102,#10103,#10104,#10105,#10106,#10107,#10108,#10109,#10110,
#10111,#10112,#10113,#10114,#10115,#10116,#10117,#10118,#10119,#10120,#10121,
#10122,#10123,#10124,#10125,#10126,#10127,#10128,#10129,#10130,#10131),(#10132,
#10133,#10134,#10135,#10136,#10137,#10138,#10139,#10140,#10141,#10142,#10143,
#10144,#10145,#10146,#10147,#10148,#10149,#10150,#10151,#10152,#10153,#10154,
#10155,#10156,#10157,#10158,#10159,#10160,#10161,#10162,#10163,#10164,#10165,
#10166,#10167,#10168,#10169,#10170,#10171,#10172,#10173,#10174,#10175,#10176,
#10177,#10178,#10179,#10180,#10181,#10182,#10183,#10184,#10185,#10186,#10187,
#10188,#10189,#10190,#10191,#10192,#10193,#10194,#10195,#10196,#10197,#10198)),
.UNSPECIFIED.,.F.,.F.,.F.,(4,4),(4,1,1,1,1,1,1,1,1,1,1,1,1,1,1,1,1,1,1,1,1,1,1,
1,1,1,1,1,1,1,1,1,1,1,1,1,1,1,1,1,1,1,1,1,1,1,1,1,1,1,1,1,1,1,1,1,1,1,1,1,1,1,1,
1,4),(-2.000000000001E-2,1.02E0),(1.464293171070E-1,1.600278696531E-1,
1.736264221992E-1,1.872249747453E-1,2.008235272914E-1,2.144220798375E-1,
2.280206323836E-1,2.416191849297E-1,2.552177374757E-1,2.688162900218E-1,
2.824148425679E-1,2.960133951140E-1,3.096119476601E-1,3.232105002062E-1,
3.368090527523E-1,3.504076052984E-1,3.640061578445E-1,3.776047103905E-1,
3.912032629366E-1,4.048018154827E-1,4.184003680288E-1,4.319989205749E-1,
4.455974731210E-1,4.591960256671E-1,4.727945782132E-1,4.863931307593E-1,
4.999916833053E-1,5.135902358514E-1,5.271887883975E-1,5.407873409436E-1,
5.543858934897E-1,5.679844460358E-1,5.815829985819E-1,5.951815511280E-1,
6.087801036741E-1,6.223786562201E-1,6.359772087662E-1,6.495757613123E-1,
6.631743138584E-1,6.767728664045E-1,6.903714189506E-1,7.039699714967E-1,
7.175685240428E-1,7.311670765889E-1,7.447656291349E-1,7.583641816810E-1,
7.719627342271E-1,7.855612867732E-1,7.991598393193E-1,8.127583918654E-1,
8.263569444115E-1,8.399554969576E-1,8.535540495037E-1,8.671526020497E-1,
8.807511545958E-1,8.943497071419E-1,9.079482596880E-1,9.215468122341E-1,
9.351453647802E-1,9.487439173263E-1,9.623424698724E-1,9.759410224185E-1,
9.895395749645E-1,1.003138127511E0,1.016736680057E0),.UNSPECIFIED.);
#10200=ORIENTED_EDGE('',*,*,#9582,.F.);
#10201=ORIENTED_EDGE('',*,*,#9521,.T.);
#10203=ORIENTED_EDGE('',*,*,#10202,.T.);
#10204=ORIENTED_EDGE('',*,*,#9514,.T.);
#10206=ORIENTED_EDGE('',*,*,#10205,.T.);
#10207=ORIENTED_EDGE('',*,*,#9924,.F.);
#10208=ORIENTED_EDGE('',*,*,#9625,.T.);
#10209=ORIENTED_EDGE('',*,*,#9569,.T.);
#10210=ORIENTED_EDGE('',*,*,#9640,.T.);
#10211=EDGE_LOOP('',(#10200,#10201,#10203,#10204,#10206,#10207,#10208,#10209,
#10210));
#10212=FACE_OUTER_BOUND('',#10211,.F.);
#10214=CARTESIAN_POINT('',(1.3335E1,0.E0,-9.343957921184E1));
#10215=DIRECTION('',(0.E0,0.E0,1.E0));
#10216=DIRECTION('',(0.E0,-1.E0,0.E0));
#10217=AXIS2_PLACEMENT_3D('',#10214,#10215,#10216);
#10218=CONICAL_SURFACE('',#10217,3.346620788160E0,4.5E1);
#10219=ORIENTED_EDGE('',*,*,#9519,.F.);
#10220=ORIENTED_EDGE('',*,*,#9488,.T.);
#10221=ORIENTED_EDGE('',*,*,#9516,.T.);
#10222=ORIENTED_EDGE('',*,*,#10202,.F.);
#10223=EDGE_LOOP('',(#10219,#10220,#10221,#10222));
#10224=FACE_OUTER_BOUND('',#10223,.F.);
#10226=CARTESIAN_POINT('',(1.288760753576E1,-3.293166391358E0,
-9.386261347366E1));
#10227=CARTESIAN_POINT('',(1.322532797229E1,-3.339047334002E0,
-9.384221142345E1));
#10228=CARTESIAN_POINT('',(1.391493717575E1,-3.326077510363E0,
-9.380140732303E1));
#10229=CARTESIAN_POINT('',(1.489493696523E1,-2.994284554520E0,
-9.374020117239E1));
#10230=CARTESIAN_POINT('',(1.572843405400E1,-2.381303291227E0,
-9.367899502176E1));
#10231=CARTESIAN_POINT('',(1.633717241281E1,-1.544699579995E0,
-9.361778887112E1));
#10232=CARTESIAN_POINT('',(1.666398253271E1,-5.630364406987E-1,
-9.355658272049E1));
#10233=CARTESIAN_POINT('',(1.667817553790E1,4.715001674267E-1,
-9.349537656986E1));
#10234=CARTESIAN_POINT('',(1.637841829024E1,1.461759250926E0,
-9.343417041922E1));
#10235=CARTESIAN_POINT('',(1.579286040860E1,2.314747767867E0,
-9.337296426859E1));
#10236=CARTESIAN_POINT('',(1.497649031107E1,2.950363464357E0,
-9.331175811795E1));
#10237=CARTESIAN_POINT('',(1.400597150594E1,3.308917081448E0,
-9.325055196732E1));
#10238=CARTESIAN_POINT('',(1.297244325680E1,3.356737645637E0,
-9.318934581669E1));
#10239=CARTESIAN_POINT('',(1.197296190615E1,3.089334433909E0,
-9.312813966605E1));
#10240=CARTESIAN_POINT('',(1.110138652734E1,2.531818687903E0,
-9.306693351542E1));
#10241=CARTESIAN_POINT('',(1.043956482818E1,1.736545472901E0,
-9.300572736478E1));
#10242=CARTESIAN_POINT('',(1.004964701431E1,7.781971299658E-1,
-9.294452121415E1));
#10243=CARTESIAN_POINT('',(9.968249401501E0,-2.532299768176E-1,
-9.288331506352E1));
#10244=CARTESIAN_POINT('',(1.020301585876E1,-1.260876818983E0,
-9.282210891288E1));
#10245=CARTESIAN_POINT('',(1.073189998957E1,-2.150117519892E0,
-9.276090276225E1));
#10246=CARTESIAN_POINT('',(1.150523546004E1,-2.837445460612E0,
-9.269969661161E1));
#10247=CARTESIAN_POINT('',(1.245040005396E1,-3.258315201007E0,
-9.263849046098E1));
#10248=CARTESIAN_POINT('',(1.347863546383E1,-3.373203798644E0,
-9.257728431035E1));
#10249=CARTESIAN_POINT('',(1.449338238635E1,-3.171322320523E0,
-9.251607815971E1));
#10250=CARTESIAN_POINT('',(1.539934819211E1,-2.671629007811E0,
-9.245487200908E1));
#10251=CARTESIAN_POINT('',(1.611145564474E1,-1.921048949524E0,
-9.239366585844E1));
#10252=CARTESIAN_POINT('',(1.656283231517E1,-9.900674516566E-1,
-9.233245970781E1));
#10253=CARTESIAN_POINT('',(1.671109042293E1,3.388908133695E-2,
-9.227125355718E1));
#10254=CARTESIAN_POINT('',(1.654230737847E1,1.054663165981E0,
-9.221004740654E1));
#10255=CARTESIAN_POINT('',(1.607233322256E1,1.976396175454E0,
-9.214884125591E1));
#10256=CARTESIAN_POINT('',(1.534530218421E1,2.712530210303E0,
-9.208763510527E1));
#10257=CARTESIAN_POINT('',(1.442948813328E1,3.193936558507E0,
-9.202642895464E1));
#10258=CARTESIAN_POINT('',(1.341089313296E1,3.375407419264E0,
-9.196522280401E1));
#10259=CARTESIAN_POINT('',(1.238517117711E1,3.239901267146E0,
-9.190401665337E1));
#10260=CARTESIAN_POINT('',(1.144864553614E1,2.800143183895E0,
-9.184281050274E1));
#10261=CARTESIAN_POINT('',(1.068926325267E1,2.097429874265E0,
-9.178160435210E1));
#10262=CARTESIAN_POINT('',(1.017833623010E1,1.197751584211E0,
-9.172039820147E1));
#10263=CARTESIAN_POINT('',(9.963844490205E0,1.855951034760E-1,
-9.165919205084E1));
#10264=CARTESIAN_POINT('',(1.006593047581E1,-8.439902011600E-1,
-9.159798590020E1));
#10265=CARTESIAN_POINT('',(1.047500751877E1,-1.794318260779E0,
-9.153677974957E1));
#10266=CARTESIAN_POINT('',(1.115266010268E1,-2.576145878288E0,
-9.147557359893E1));
#10267=CARTESIAN_POINT('',(1.203525137867E1,-3.116053358817E0,
-9.141436744830E1));
#10268=CARTESIAN_POINT('',(1.303989916052E1,-3.363339190179E0,
-9.135316129767E1));
#10269=CARTESIAN_POINT('',(1.407225920670E1,-3.294781309251E0,
-9.129195514703E1));
#10270=CARTESIAN_POINT('',(1.503538487846E1,-2.916817834343E0,
-9.123074899640E1));
#10271=CARTESIAN_POINT('',(1.583883118340E1,-2.264942475805E0,
-9.116954284576E1));
#10272=CARTESIAN_POINT('',(1.640714826371E1,-1.400371400530E0,
-9.110833669513E1));
#10273=CARTESIAN_POINT('',(1.668696672481E1,-4.042945577087E-1,
-9.104713054450E1));
#10274=CARTESIAN_POINT('',(1.665200943659E1,6.297486889589E-1,
-9.098592439386E1));
#10275=CARTESIAN_POINT('',(1.630555916032E1,1.604653635121E0,
-9.092471824323E1));
#10276=CARTESIAN_POINT('',(1.568015027187E1,2.428869122862E0,
-9.086351209259E1));
#10277=CARTESIAN_POINT('',(1.483451353073E1,3.024994906576E0,
-9.080230594196E1));
#10278=CARTESIAN_POINT('',(1.384806080482E1,3.337050138104E0,
-9.074109979133E1));
#10279=CARTESIAN_POINT('',(1.281342767840E1,3.335730403822E0,
-9.067989364069E1));
#10280=CARTESIAN_POINT('',(1.182777425014E1,3.021159637065E0,
-9.061868749006E1));
#10281=CARTESIAN_POINT('',(1.098366104394E1,2.422878479702E0,
-9.055748133942E1));
#10282=CARTESIAN_POINT('',(1.036035685628E1,1.597070186522E0,
-9.049627518879E1));
#10283=CARTESIAN_POINT('',(1.001639479766E1,6.212845789232E-1,
-9.043506903816E1));
#10284=CARTESIAN_POINT('',(9.984075585446E0,-4.128444803856E-1,
-9.037386288752E1));
#10285=CARTESIAN_POINT('',(1.026643422827E1,-1.408204242885E0,
-9.031265673689E1));
#10286=CARTESIAN_POINT('',(1.083695511589E1,-2.271322630902E0,
-9.025145058626E1));
#10287=CARTESIAN_POINT('',(1.164206166507E1,-2.921146313144E0,
-9.019024443562E1));
#10288=CARTESIAN_POINT('',(1.260614898148E1,-3.296651047422E0,
-9.012903828499E1));
#10289=CARTESIAN_POINT('',(1.363867850751E1,-3.362576793622E0,
-9.006783213435E1));
#10290=CARTESIAN_POINT('',(1.464269985277E1,-3.112722253564E0,
-9.000662598372E1));
#10291=CARTESIAN_POINT('',(1.523015475559E1,-2.751300329798E0,
-8.996582188330E1));
#10292=CARTESIAN_POINT('',(1.548964563226E1,-2.530337348577E0,
-8.994541983309E1));
#10293=CARTESIAN_POINT('',(1.288760753576E1,-3.293166391358E0,
-9.375044648698E1));
#10294=CARTESIAN_POINT('',(1.322532797229E1,-3.339047334002E0,
-9.373004443677E1));
#10295=CARTESIAN_POINT('',(1.391493717575E1,-3.326077510363E0,
-9.368924033635E1));
#10296=CARTESIAN_POINT('',(1.489493696523E1,-2.994284554520E0,
-9.362803418571E1));
#10297=CARTESIAN_POINT('',(1.572843405400E1,-2.381303291227E0,
-9.356682803508E1));
#10298=CARTESIAN_POINT('',(1.633717241281E1,-1.544699579995E0,
-9.350562188444E1));
#10299=CARTESIAN_POINT('',(1.666398253271E1,-5.630364406987E-1,
-9.344441573381E1));
#10300=CARTESIAN_POINT('',(1.667817553790E1,4.715001674267E-1,
-9.338320958318E1));
#10301=CARTESIAN_POINT('',(1.637841829024E1,1.461759250926E0,
-9.332200343254E1));
#10302=CARTESIAN_POINT('',(1.579286040860E1,2.314747767867E0,
-9.326079728191E1));
#10303=CARTESIAN_POINT('',(1.497649031107E1,2.950363464357E0,
-9.319959113127E1));
#10304=CARTESIAN_POINT('',(1.400597150594E1,3.308917081448E0,
-9.313838498064E1));
#10305=CARTESIAN_POINT('',(1.297244325680E1,3.356737645637E0,
-9.307717883001E1));
#10306=CARTESIAN_POINT('',(1.197296190615E1,3.089334433909E0,
-9.301597267937E1));
#10307=CARTESIAN_POINT('',(1.110138652734E1,2.531818687903E0,
-9.295476652874E1));
#10308=CARTESIAN_POINT('',(1.043956482818E1,1.736545472901E0,
-9.289356037810E1));
#10309=CARTESIAN_POINT('',(1.004964701431E1,7.781971299658E-1,
-9.283235422747E1));
#10310=CARTESIAN_POINT('',(9.968249401501E0,-2.532299768176E-1,
-9.277114807684E1));
#10311=CARTESIAN_POINT('',(1.020301585876E1,-1.260876818983E0,
-9.270994192620E1));
#10312=CARTESIAN_POINT('',(1.073189998957E1,-2.150117519892E0,
-9.264873577557E1));
#10313=CARTESIAN_POINT('',(1.150523546004E1,-2.837445460612E0,
-9.258752962493E1));
#10314=CARTESIAN_POINT('',(1.245040005396E1,-3.258315201007E0,
-9.252632347430E1));
#10315=CARTESIAN_POINT('',(1.347863546383E1,-3.373203798644E0,
-9.246511732367E1));
#10316=CARTESIAN_POINT('',(1.449338238635E1,-3.171322320523E0,
-9.240391117303E1));
#10317=CARTESIAN_POINT('',(1.539934819211E1,-2.671629007811E0,
-9.234270502240E1));
#10318=CARTESIAN_POINT('',(1.611145564474E1,-1.921048949524E0,
-9.228149887176E1));
#10319=CARTESIAN_POINT('',(1.656283231517E1,-9.900674516566E-1,
-9.222029272113E1));
#10320=CARTESIAN_POINT('',(1.671109042293E1,3.388908133695E-2,
-9.215908657050E1));
#10321=CARTESIAN_POINT('',(1.654230737847E1,1.054663165981E0,
-9.209788041986E1));
#10322=CARTESIAN_POINT('',(1.607233322256E1,1.976396175454E0,
-9.203667426923E1));
#10323=CARTESIAN_POINT('',(1.534530218421E1,2.712530210303E0,
-9.197546811859E1));
#10324=CARTESIAN_POINT('',(1.442948813328E1,3.193936558507E0,
-9.191426196796E1));
#10325=CARTESIAN_POINT('',(1.341089313296E1,3.375407419264E0,
-9.185305581733E1));
#10326=CARTESIAN_POINT('',(1.238517117711E1,3.239901267146E0,
-9.179184966669E1));
#10327=CARTESIAN_POINT('',(1.144864553614E1,2.800143183895E0,
-9.173064351606E1));
#10328=CARTESIAN_POINT('',(1.068926325267E1,2.097429874265E0,
-9.166943736543E1));
#10329=CARTESIAN_POINT('',(1.017833623010E1,1.197751584211E0,
-9.160823121479E1));
#10330=CARTESIAN_POINT('',(9.963844490205E0,1.855951034760E-1,
-9.154702506416E1));
#10331=CARTESIAN_POINT('',(1.006593047581E1,-8.439902011600E-1,
-9.148581891352E1));
#10332=CARTESIAN_POINT('',(1.047500751877E1,-1.794318260779E0,
-9.142461276289E1));
#10333=CARTESIAN_POINT('',(1.115266010268E1,-2.576145878288E0,
-9.136340661226E1));
#10334=CARTESIAN_POINT('',(1.203525137867E1,-3.116053358817E0,
-9.130220046162E1));
#10335=CARTESIAN_POINT('',(1.303989916052E1,-3.363339190179E0,
-9.124099431099E1));
#10336=CARTESIAN_POINT('',(1.407225920670E1,-3.294781309251E0,
-9.117978816035E1));
#10337=CARTESIAN_POINT('',(1.503538487846E1,-2.916817834343E0,
-9.111858200972E1));
#10338=CARTESIAN_POINT('',(1.583883118340E1,-2.264942475805E0,
-9.105737585909E1));
#10339=CARTESIAN_POINT('',(1.640714826371E1,-1.400371400530E0,
-9.099616970845E1));
#10340=CARTESIAN_POINT('',(1.668696672481E1,-4.042945577087E-1,
-9.093496355782E1));
#10341=CARTESIAN_POINT('',(1.665200943659E1,6.297486889589E-1,
-9.087375740718E1));
#10342=CARTESIAN_POINT('',(1.630555916032E1,1.604653635121E0,
-9.081255125655E1));
#10343=CARTESIAN_POINT('',(1.568015027187E1,2.428869122862E0,
-9.075134510592E1));
#10344=CARTESIAN_POINT('',(1.483451353073E1,3.024994906576E0,
-9.069013895528E1));
#10345=CARTESIAN_POINT('',(1.384806080482E1,3.337050138104E0,
-9.062893280465E1));
#10346=CARTESIAN_POINT('',(1.281342767840E1,3.335730403822E0,
-9.056772665401E1));
#10347=CARTESIAN_POINT('',(1.182777425014E1,3.021159637065E0,
-9.050652050338E1));
#10348=CARTESIAN_POINT('',(1.098366104394E1,2.422878479702E0,
-9.044531435275E1));
#10349=CARTESIAN_POINT('',(1.036035685628E1,1.597070186522E0,
-9.038410820211E1));
#10350=CARTESIAN_POINT('',(1.001639479766E1,6.212845789232E-1,
-9.032290205148E1));
#10351=CARTESIAN_POINT('',(9.984075585446E0,-4.128444803856E-1,
-9.026169590084E1));
#10352=CARTESIAN_POINT('',(1.026643422827E1,-1.408204242885E0,
-9.020048975021E1));
#10353=CARTESIAN_POINT('',(1.083695511589E1,-2.271322630902E0,
-9.013928359958E1));
#10354=CARTESIAN_POINT('',(1.164206166507E1,-2.921146313144E0,
-9.007807744894E1));
#10355=CARTESIAN_POINT('',(1.260614898148E1,-3.296651047422E0,
-9.001687129831E1));
#10356=CARTESIAN_POINT('',(1.363867850751E1,-3.362576793622E0,
-8.995566514767E1));
#10357=CARTESIAN_POINT('',(1.464269985277E1,-3.112722253564E0,
-8.989445899704E1));
#10358=CARTESIAN_POINT('',(1.523015475559E1,-2.751300329798E0,
-8.985365489662E1));
#10359=CARTESIAN_POINT('',(1.548964563226E1,-2.530337348577E0,
-8.983325284641E1));
#10360=CARTESIAN_POINT('',(1.288760753576E1,-3.293166391358E0,
-9.363827950030E1));
#10361=CARTESIAN_POINT('',(1.322532797229E1,-3.339047334002E0,
-9.361787745009E1));
#10362=CARTESIAN_POINT('',(1.391493717575E1,-3.326077510363E0,
-9.357707334967E1));
#10363=CARTESIAN_POINT('',(1.489493696523E1,-2.994284554520E0,
-9.351586719903E1));
#10364=CARTESIAN_POINT('',(1.572843405400E1,-2.381303291227E0,
-9.345466104840E1));
#10365=CARTESIAN_POINT('',(1.633717241281E1,-1.544699579995E0,
-9.339345489777E1));
#10366=CARTESIAN_POINT('',(1.666398253271E1,-5.630364406987E-1,
-9.333224874713E1));
#10367=CARTESIAN_POINT('',(1.667817553790E1,4.715001674267E-1,
-9.327104259650E1));
#10368=CARTESIAN_POINT('',(1.637841829024E1,1.461759250926E0,
-9.320983644586E1));
#10369=CARTESIAN_POINT('',(1.579286040860E1,2.314747767867E0,
-9.314863029523E1));
#10370=CARTESIAN_POINT('',(1.497649031107E1,2.950363464357E0,
-9.308742414460E1));
#10371=CARTESIAN_POINT('',(1.400597150594E1,3.308917081448E0,
-9.302621799396E1));
#10372=CARTESIAN_POINT('',(1.297244325680E1,3.356737645637E0,
-9.296501184333E1));
#10373=CARTESIAN_POINT('',(1.197296190615E1,3.089334433909E0,
-9.290380569269E1));
#10374=CARTESIAN_POINT('',(1.110138652734E1,2.531818687903E0,
-9.284259954206E1));
#10375=CARTESIAN_POINT('',(1.043956482818E1,1.736545472901E0,
-9.278139339143E1));
#10376=CARTESIAN_POINT('',(1.004964701431E1,7.781971299658E-1,
-9.272018724079E1));
#10377=CARTESIAN_POINT('',(9.968249401501E0,-2.532299768176E-1,
-9.265898109016E1));
#10378=CARTESIAN_POINT('',(1.020301585876E1,-1.260876818983E0,
-9.259777493952E1));
#10379=CARTESIAN_POINT('',(1.073189998957E1,-2.150117519892E0,
-9.253656878889E1));
#10380=CARTESIAN_POINT('',(1.150523546004E1,-2.837445460612E0,
-9.247536263826E1));
#10381=CARTESIAN_POINT('',(1.245040005396E1,-3.258315201007E0,
-9.241415648762E1));
#10382=CARTESIAN_POINT('',(1.347863546383E1,-3.373203798644E0,
-9.235295033699E1));
#10383=CARTESIAN_POINT('',(1.449338238635E1,-3.171322320523E0,
-9.229174418635E1));
#10384=CARTESIAN_POINT('',(1.539934819211E1,-2.671629007811E0,
-9.223053803572E1));
#10385=CARTESIAN_POINT('',(1.611145564474E1,-1.921048949524E0,
-9.216933188509E1));
#10386=CARTESIAN_POINT('',(1.656283231517E1,-9.900674516566E-1,
-9.210812573445E1));
#10387=CARTESIAN_POINT('',(1.671109042293E1,3.388908133695E-2,
-9.204691958382E1));
#10388=CARTESIAN_POINT('',(1.654230737847E1,1.054663165981E0,
-9.198571343318E1));
#10389=CARTESIAN_POINT('',(1.607233322256E1,1.976396175454E0,
-9.192450728255E1));
#10390=CARTESIAN_POINT('',(1.534530218421E1,2.712530210303E0,
-9.186330113192E1));
#10391=CARTESIAN_POINT('',(1.442948813328E1,3.193936558507E0,
-9.180209498128E1));
#10392=CARTESIAN_POINT('',(1.341089313296E1,3.375407419264E0,
-9.174088883065E1));
#10393=CARTESIAN_POINT('',(1.238517117711E1,3.239901267146E0,
-9.167968268001E1));
#10394=CARTESIAN_POINT('',(1.144864553614E1,2.800143183895E0,
-9.161847652938E1));
#10395=CARTESIAN_POINT('',(1.068926325267E1,2.097429874265E0,
-9.155727037875E1));
#10396=CARTESIAN_POINT('',(1.017833623010E1,1.197751584211E0,
-9.149606422811E1));
#10397=CARTESIAN_POINT('',(9.963844490205E0,1.855951034760E-1,
-9.143485807748E1));
#10398=CARTESIAN_POINT('',(1.006593047581E1,-8.439902011600E-1,
-9.137365192684E1));
#10399=CARTESIAN_POINT('',(1.047500751877E1,-1.794318260779E0,
-9.131244577621E1));
#10400=CARTESIAN_POINT('',(1.115266010268E1,-2.576145878288E0,
-9.125123962558E1));
#10401=CARTESIAN_POINT('',(1.203525137867E1,-3.116053358817E0,
-9.119003347494E1));
#10402=CARTESIAN_POINT('',(1.303989916052E1,-3.363339190179E0,
-9.112882732431E1));
#10403=CARTESIAN_POINT('',(1.407225920670E1,-3.294781309251E0,
-9.106762117367E1));
#10404=CARTESIAN_POINT('',(1.503538487846E1,-2.916817834343E0,
-9.100641502304E1));
#10405=CARTESIAN_POINT('',(1.583883118340E1,-2.264942475805E0,
-9.094520887241E1));
#10406=CARTESIAN_POINT('',(1.640714826371E1,-1.400371400530E0,
-9.088400272177E1));
#10407=CARTESIAN_POINT('',(1.668696672481E1,-4.042945577087E-1,
-9.082279657114E1));
#10408=CARTESIAN_POINT('',(1.665200943659E1,6.297486889589E-1,
-9.076159042050E1));
#10409=CARTESIAN_POINT('',(1.630555916032E1,1.604653635121E0,
-9.070038426987E1));
#10410=CARTESIAN_POINT('',(1.568015027187E1,2.428869122862E0,
-9.063917811924E1));
#10411=CARTESIAN_POINT('',(1.483451353073E1,3.024994906576E0,
-9.057797196860E1));
#10412=CARTESIAN_POINT('',(1.384806080482E1,3.337050138104E0,
-9.051676581797E1));
#10413=CARTESIAN_POINT('',(1.281342767840E1,3.335730403822E0,
-9.045555966733E1));
#10414=CARTESIAN_POINT('',(1.182777425014E1,3.021159637065E0,
-9.039435351670E1));
#10415=CARTESIAN_POINT('',(1.098366104394E1,2.422878479702E0,
-9.033314736607E1));
#10416=CARTESIAN_POINT('',(1.036035685628E1,1.597070186522E0,
-9.027194121543E1));
#10417=CARTESIAN_POINT('',(1.001639479766E1,6.212845789232E-1,
-9.021073506480E1));
#10418=CARTESIAN_POINT('',(9.984075585446E0,-4.128444803856E-1,
-9.014952891416E1));
#10419=CARTESIAN_POINT('',(1.026643422827E1,-1.408204242885E0,
-9.008832276353E1));
#10420=CARTESIAN_POINT('',(1.083695511589E1,-2.271322630902E0,
-9.002711661290E1));
#10421=CARTESIAN_POINT('',(1.164206166507E1,-2.921146313144E0,
-8.996591046226E1));
#10422=CARTESIAN_POINT('',(1.260614898148E1,-3.296651047422E0,
-8.990470431163E1));
#10423=CARTESIAN_POINT('',(1.363867850751E1,-3.362576793622E0,
-8.984349816099E1));
#10424=CARTESIAN_POINT('',(1.464269985277E1,-3.112722253564E0,
-8.978229201036E1));
#10425=CARTESIAN_POINT('',(1.523015475559E1,-2.751300329798E0,
-8.974148790994E1));
#10426=CARTESIAN_POINT('',(1.548964563226E1,-2.530337348577E0,
-8.972108585973E1));
#10427=CARTESIAN_POINT('',(1.288760753576E1,-3.293166391358E0,
-9.352611251362E1));
#10428=CARTESIAN_POINT('',(1.322532797229E1,-3.339047334002E0,
-9.350571046341E1));
#10429=CARTESIAN_POINT('',(1.391493717575E1,-3.326077510363E0,
-9.346490636299E1));
#10430=CARTESIAN_POINT('',(1.489493696523E1,-2.994284554520E0,
-9.340370021235E1));
#10431=CARTESIAN_POINT('',(1.572843405400E1,-2.381303291227E0,
-9.334249406172E1));
#10432=CARTESIAN_POINT('',(1.633717241281E1,-1.544699579995E0,
-9.328128791109E1));
#10433=CARTESIAN_POINT('',(1.666398253271E1,-5.630364406987E-1,
-9.322008176045E1));
#10434=CARTESIAN_POINT('',(1.667817553790E1,4.715001674267E-1,
-9.315887560982E1));
#10435=CARTESIAN_POINT('',(1.637841829024E1,1.461759250926E0,
-9.309766945918E1));
#10436=CARTESIAN_POINT('',(1.579286040860E1,2.314747767867E0,
-9.303646330855E1));
#10437=CARTESIAN_POINT('',(1.497649031107E1,2.950363464357E0,
-9.297525715792E1));
#10438=CARTESIAN_POINT('',(1.400597150594E1,3.308917081448E0,
-9.291405100728E1));
#10439=CARTESIAN_POINT('',(1.297244325680E1,3.356737645637E0,
-9.285284485665E1));
#10440=CARTESIAN_POINT('',(1.197296190615E1,3.089334433909E0,
-9.279163870601E1));
#10441=CARTESIAN_POINT('',(1.110138652734E1,2.531818687903E0,
-9.273043255538E1));
#10442=CARTESIAN_POINT('',(1.043956482818E1,1.736545472901E0,
-9.266922640475E1));
#10443=CARTESIAN_POINT('',(1.004964701431E1,7.781971299658E-1,
-9.260802025411E1));
#10444=CARTESIAN_POINT('',(9.968249401501E0,-2.532299768176E-1,
-9.254681410348E1));
#10445=CARTESIAN_POINT('',(1.020301585876E1,-1.260876818983E0,
-9.248560795284E1));
#10446=CARTESIAN_POINT('',(1.073189998957E1,-2.150117519892E0,
-9.242440180221E1));
#10447=CARTESIAN_POINT('',(1.150523546004E1,-2.837445460612E0,
-9.236319565158E1));
#10448=CARTESIAN_POINT('',(1.245040005396E1,-3.258315201007E0,
-9.230198950094E1));
#10449=CARTESIAN_POINT('',(1.347863546383E1,-3.373203798644E0,
-9.224078335031E1));
#10450=CARTESIAN_POINT('',(1.449338238635E1,-3.171322320523E0,
-9.217957719967E1));
#10451=CARTESIAN_POINT('',(1.539934819211E1,-2.671629007811E0,
-9.211837104904E1));
#10452=CARTESIAN_POINT('',(1.611145564474E1,-1.921048949524E0,
-9.205716489841E1));
#10453=CARTESIAN_POINT('',(1.656283231517E1,-9.900674516566E-1,
-9.199595874777E1));
#10454=CARTESIAN_POINT('',(1.671109042293E1,3.388908133695E-2,
-9.193475259714E1));
#10455=CARTESIAN_POINT('',(1.654230737847E1,1.054663165981E0,
-9.187354644650E1));
#10456=CARTESIAN_POINT('',(1.607233322256E1,1.976396175454E0,
-9.181234029587E1));
#10457=CARTESIAN_POINT('',(1.534530218421E1,2.712530210303E0,
-9.175113414524E1));
#10458=CARTESIAN_POINT('',(1.442948813328E1,3.193936558507E0,
-9.168992799460E1));
#10459=CARTESIAN_POINT('',(1.341089313296E1,3.375407419264E0,
-9.162872184397E1));
#10460=CARTESIAN_POINT('',(1.238517117711E1,3.239901267146E0,
-9.156751569333E1));
#10461=CARTESIAN_POINT('',(1.144864553614E1,2.800143183895E0,
-9.150630954270E1));
#10462=CARTESIAN_POINT('',(1.068926325267E1,2.097429874265E0,
-9.144510339207E1));
#10463=CARTESIAN_POINT('',(1.017833623010E1,1.197751584211E0,
-9.138389724143E1));
#10464=CARTESIAN_POINT('',(9.963844490205E0,1.855951034760E-1,
-9.132269109080E1));
#10465=CARTESIAN_POINT('',(1.006593047581E1,-8.439902011600E-1,
-9.126148494016E1));
#10466=CARTESIAN_POINT('',(1.047500751877E1,-1.794318260779E0,
-9.120027878953E1));
#10467=CARTESIAN_POINT('',(1.115266010268E1,-2.576145878288E0,
-9.113907263890E1));
#10468=CARTESIAN_POINT('',(1.203525137867E1,-3.116053358817E0,
-9.107786648826E1));
#10469=CARTESIAN_POINT('',(1.303989916052E1,-3.363339190179E0,
-9.101666033763E1));
#10470=CARTESIAN_POINT('',(1.407225920670E1,-3.294781309251E0,
-9.095545418699E1));
#10471=CARTESIAN_POINT('',(1.503538487846E1,-2.916817834343E0,
-9.089424803636E1));
#10472=CARTESIAN_POINT('',(1.583883118340E1,-2.264942475805E0,
-9.083304188573E1));
#10473=CARTESIAN_POINT('',(1.640714826371E1,-1.400371400530E0,
-9.077183573509E1));
#10474=CARTESIAN_POINT('',(1.668696672481E1,-4.042945577087E-1,
-9.071062958446E1));
#10475=CARTESIAN_POINT('',(1.665200943659E1,6.297486889589E-1,
-9.064942343382E1));
#10476=CARTESIAN_POINT('',(1.630555916032E1,1.604653635121E0,
-9.058821728319E1));
#10477=CARTESIAN_POINT('',(1.568015027187E1,2.428869122862E0,
-9.052701113256E1));
#10478=CARTESIAN_POINT('',(1.483451353073E1,3.024994906576E0,
-9.046580498192E1));
#10479=CARTESIAN_POINT('',(1.384806080482E1,3.337050138104E0,
-9.040459883129E1));
#10480=CARTESIAN_POINT('',(1.281342767840E1,3.335730403822E0,
-9.034339268065E1));
#10481=CARTESIAN_POINT('',(1.182777425014E1,3.021159637065E0,
-9.028218653002E1));
#10482=CARTESIAN_POINT('',(1.098366104394E1,2.422878479702E0,
-9.022098037939E1));
#10483=CARTESIAN_POINT('',(1.036035685628E1,1.597070186522E0,
-9.015977422875E1));
#10484=CARTESIAN_POINT('',(1.001639479766E1,6.212845789232E-1,
-9.009856807812E1));
#10485=CARTESIAN_POINT('',(9.984075585446E0,-4.128444803856E-1,
-9.003736192748E1));
#10486=CARTESIAN_POINT('',(1.026643422827E1,-1.408204242885E0,
-8.997615577685E1));
#10487=CARTESIAN_POINT('',(1.083695511589E1,-2.271322630902E0,
-8.991494962622E1));
#10488=CARTESIAN_POINT('',(1.164206166507E1,-2.921146313144E0,
-8.985374347558E1));
#10489=CARTESIAN_POINT('',(1.260614898148E1,-3.296651047422E0,
-8.979253732495E1));
#10490=CARTESIAN_POINT('',(1.363867850751E1,-3.362576793622E0,
-8.973133117431E1));
#10491=CARTESIAN_POINT('',(1.464269985277E1,-3.112722253564E0,
-8.967012502368E1));
#10492=CARTESIAN_POINT('',(1.523015475559E1,-2.751300329798E0,
-8.962932092326E1));
#10493=CARTESIAN_POINT('',(1.548964563226E1,-2.530337348577E0,
-8.960891887305E1));
#10494=B_SPLINE_SURFACE_WITH_KNOTS('',3,3,((#10226,#10227,#10228,#10229,#10230,
#10231,#10232,#10233,#10234,#10235,#10236,#10237,#10238,#10239,#10240,#10241,
#10242,#10243,#10244,#10245,#10246,#10247,#10248,#10249,#10250,#10251,#10252,
#10253,#10254,#10255,#10256,#10257,#10258,#10259,#10260,#10261,#10262,#10263,
#10264,#10265,#10266,#10267,#10268,#10269,#10270,#10271,#10272,#10273,#10274,
#10275,#10276,#10277,#10278,#10279,#10280,#10281,#10282,#10283,#10284,#10285,
#10286,#10287,#10288,#10289,#10290,#10291,#10292),(#10293,#10294,#10295,#10296,
#10297,#10298,#10299,#10300,#10301,#10302,#10303,#10304,#10305,#10306,#10307,
#10308,#10309,#10310,#10311,#10312,#10313,#10314,#10315,#10316,#10317,#10318,
#10319,#10320,#10321,#10322,#10323,#10324,#10325,#10326,#10327,#10328,#10329,
#10330,#10331,#10332,#10333,#10334,#10335,#10336,#10337,#10338,#10339,#10340,
#10341,#10342,#10343,#10344,#10345,#10346,#10347,#10348,#10349,#10350,#10351,
#10352,#10353,#10354,#10355,#10356,#10357,#10358,#10359),(#10360,#10361,#10362,
#10363,#10364,#10365,#10366,#10367,#10368,#10369,#10370,#10371,#10372,#10373,
#10374,#10375,#10376,#10377,#10378,#10379,#10380,#10381,#10382,#10383,#10384,
#10385,#10386,#10387,#10388,#10389,#10390,#10391,#10392,#10393,#10394,#10395,
#10396,#10397,#10398,#10399,#10400,#10401,#10402,#10403,#10404,#10405,#10406,
#10407,#10408,#10409,#10410,#10411,#10412,#10413,#10414,#10415,#10416,#10417,
#10418,#10419,#10420,#10421,#10422,#10423,#10424,#10425,#10426),(#10427,#10428,
#10429,#10430,#10431,#10432,#10433,#10434,#10435,#10436,#10437,#10438,#10439,
#10440,#10441,#10442,#10443,#10444,#10445,#10446,#10447,#10448,#10449,#10450,
#10451,#10452,#10453,#10454,#10455,#10456,#10457,#10458,#10459,#10460,#10461,
#10462,#10463,#10464,#10465,#10466,#10467,#10468,#10469,#10470,#10471,#10472,
#10473,#10474,#10475,#10476,#10477,#10478,#10479,#10480,#10481,#10482,#10483,
#10484,#10485,#10486,#10487,#10488,#10489,#10490,#10491,#10492,#10493)),
.UNSPECIFIED.,.F.,.F.,.F.,(4,4),(4,1,1,1,1,1,1,1,1,1,1,1,1,1,1,1,1,1,1,1,1,1,1,
1,1,1,1,1,1,1,1,1,1,1,1,1,1,1,1,1,1,1,1,1,1,1,1,1,1,1,1,1,1,1,1,1,1,1,1,1,1,1,1,
1,4),(-3.840153606149E-2,1.038401536061E0),(6.920339342442E-2,8.403226093114E-2,
9.886112843786E-2,1.136899959446E-1,1.285188634513E-1,1.433477309580E-1,
1.581765984647E-1,1.730054659714E-1,1.878343334782E-1,2.026632009849E-1,
2.174920684916E-1,2.323209359983E-1,2.471498035050E-1,2.619786710118E-1,
2.768075385185E-1,2.916364060252E-1,3.064652735319E-1,3.212941410386E-1,
3.361230085454E-1,3.509518760521E-1,3.657807435588E-1,3.806096110655E-1,
3.954384785722E-1,4.102673460790E-1,4.250962135857E-1,4.399250810924E-1,
4.547539485991E-1,4.695828161058E-1,4.844116836125E-1,4.992405511193E-1,
5.140694186260E-1,5.288982861327E-1,5.437271536394E-1,5.585560211461E-1,
5.733848886529E-1,5.882137561596E-1,6.030426236663E-1,6.178714911730E-1,
6.327003586797E-1,6.475292261865E-1,6.623580936932E-1,6.771869611999E-1,
6.920158287066E-1,7.068446962133E-1,7.216735637200E-1,7.365024312268E-1,
7.513312987335E-1,7.661601662402E-1,7.809890337469E-1,7.958179012536E-1,
8.106467687604E-1,8.254756362671E-1,8.403045037738E-1,8.551333712805E-1,
8.699622387872E-1,8.847911062940E-1,8.996199738007E-1,9.144488413074E-1,
9.292777088141E-1,9.441065763208E-1,9.589354438275E-1,9.737643113343E-1,
9.885931788410E-1,1.003422046348E0,1.018250913854E0),.UNSPECIFIED.);
#10495=ORIENTED_EDGE('',*,*,#9512,.T.);
#10497=ORIENTED_EDGE('',*,*,#10496,.T.);
#10499=ORIENTED_EDGE('',*,*,#10498,.F.);
#10500=ORIENTED_EDGE('',*,*,#10205,.F.);
#10501=EDGE_LOOP('',(#10495,#10497,#10499,#10500));
#10502=FACE_OUTER_BOUND('',#10501,.F.);
#10504=CARTESIAN_POINT('',(1.288942914156E1,-3.279757915640E0,
-9.354592549364E1));
#10505=CARTESIAN_POINT('',(1.322577451357E1,-3.325452049168E0,
-9.352552344343E1));
#10506=CARTESIAN_POINT('',(1.391257590012E1,-3.312535033540E0,
-9.348471934301E1));
#10507=CARTESIAN_POINT('',(1.488858551667E1,-2.982093007853E0,
-9.342351319237E1));
#10508=CARTESIAN_POINT('',(1.571868893378E1,-2.371607562691E0,
-9.336230704174E1));
#10509=CARTESIAN_POINT('',(1.632494874989E1,-1.538410172067E0,
-9.330110089110E1));
#10510=CARTESIAN_POINT('',(1.665042822778E1,-5.607439782033E-1,
-9.323989474047E1));
#10511=CARTESIAN_POINT('',(1.666456344465E1,4.695804045619E-1,
-9.317868858984E1));
#10512=CARTESIAN_POINT('',(1.636602669037E1,1.455807543332E0,
-9.311748243920E1));
#10513=CARTESIAN_POINT('',(1.578285296965E1,2.305323027193E0,
-9.305627628857E1));
#10514=CARTESIAN_POINT('',(1.496980680943E1,2.938350747060E0,
-9.299507013793E1));
#10515=CARTESIAN_POINT('',(1.400323957439E1,3.295444475128E0,
-9.293386398730E1));
#10516=CARTESIAN_POINT('',(1.297391944497E1,3.343070332826E0,
-9.287265783667E1));
#10517=CARTESIAN_POINT('',(1.197850758849E1,3.076755881593E0,
-9.281145168603E1));
#10518=CARTESIAN_POINT('',(1.111048092114E1,2.521510119989E0,
-9.275024553540E1));
#10519=CARTESIAN_POINT('',(1.045135389912E1,1.729474944103E0,
-9.268903938476E1));
#10520=CARTESIAN_POINT('',(1.006302367692E1,7.750286179380E-1,
-9.262783323413E1));
#10521=CARTESIAN_POINT('',(9.981957483110E0,-2.521989241493E-1,
-9.256662708350E1));
#10522=CARTESIAN_POINT('',(1.021576806387E1,-1.255743025485E0,
-9.250542093286E1));
#10523=CARTESIAN_POINT('',(1.074249878694E1,-2.141363088707E0,
-9.244421478223E1));
#10524=CARTESIAN_POINT('',(1.151268554014E1,-2.825892500927E0,
-9.238300863160E1));
#10525=CARTESIAN_POINT('',(1.245400179632E1,-3.245048625602E0,
-9.232180248096E1));
#10526=CARTESIAN_POINT('',(1.347805063683E1,-3.359469442146E0,
-9.226059633033E1));
#10527=CARTESIAN_POINT('',(1.448866590979E1,-3.158409945843E0,
-9.219939017969E1));
#10528=CARTESIAN_POINT('',(1.539094297983E1,-2.660751187373E0,
-9.213818402906E1));
#10529=CARTESIAN_POINT('',(1.610015101154E1,-1.913227195282E0,
-9.207697787843E1));
#10530=CARTESIAN_POINT('',(1.654968985406E1,-9.860362871764E-1,
-9.201577172779E1));
#10531=CARTESIAN_POINT('',(1.669734431324E1,3.375109835338E-2,
-9.195456557716E1));
#10532=CARTESIAN_POINT('',(1.652924848681E1,1.050368993209E0,
-9.189335942652E1));
#10533=CARTESIAN_POINT('',(1.606118788045E1,1.968349069120E0,
-9.183215327589E1));
#10534=CARTESIAN_POINT('',(1.533711702597E1,2.701485856288E0,
-9.177094712526E1));
#10535=CARTESIAN_POINT('',(1.442503180893E1,3.180932107563E0,
-9.170974097462E1));
#10536=CARTESIAN_POINT('',(1.341058412603E1,3.361664090492E0,
-9.164853482399E1));
#10537=CARTESIAN_POINT('',(1.238903850575E1,3.226709666023E0,
-9.158732867335E1));
#10538=CARTESIAN_POINT('',(1.145632602811E1,2.788742104379E0,
-9.152612252272E1));
#10539=CARTESIAN_POINT('',(1.070003565002E1,2.088889966409E0,
-9.146491637209E1));
#10540=CARTESIAN_POINT('',(1.019118892094E1,1.192874811791E0,
-9.140371022145E1));
#10541=CARTESIAN_POINT('',(9.977570506878E0,1.848394333572E-1,
-9.134250407082E1));
#10542=CARTESIAN_POINT('',(1.007924083858E1,-8.405538056752E-1,
-9.128129792018E1));
#10543=CARTESIAN_POINT('',(1.048665228104E1,-1.787012503958E0,
-9.122009176955E1));
#10544=CARTESIAN_POINT('',(1.116154573069E1,-2.565656827524E0,
-9.115888561892E1));
#10545=CARTESIAN_POINT('',(1.204054344283E1,-3.103366017569E0,
-9.109767946828E1));
#10546=CARTESIAN_POINT('',(1.304110069484E1,-3.349644998480E0,
-9.103647331765E1));
#10547=CARTESIAN_POINT('',(1.406925737776E1,-3.281366258225E0,
-9.097526716701E1));
#10548=CARTESIAN_POINT('',(1.502846158136E1,-2.904941701632E0,
-9.091406101638E1));
#10549=CARTESIAN_POINT('',(1.582863656957E1,-2.255720522651E0,
-9.085285486575E1));
#10550=CARTESIAN_POINT('',(1.639463968671E1,-1.394669640070E0,
-9.079164871511E1));
#10551=CARTESIAN_POINT('',(1.667331883731E1,-4.026484296012E-1,
-9.073044256448E1));
#10552=CARTESIAN_POINT('',(1.663850388139E1,6.271846004797E-1,
-9.066923641384E1));
#10553=CARTESIAN_POINT('',(1.629346421411E1,1.598120117909E0,
-9.060803026321E1));
#10554=CARTESIAN_POINT('',(1.567060174418E1,2.418979725005E0,
-9.054682411258E1));
#10555=CARTESIAN_POINT('',(1.482840810259E1,3.012678319459E0,
-9.048561796194E1));
#10556=CARTESIAN_POINT('',(1.384597182342E1,3.323462985064E0,
-9.042441181131E1));
#10557=CARTESIAN_POINT('',(1.281555131534E1,3.322148624220E0,
-9.036320566067E1));
#10558=CARTESIAN_POINT('',(1.183391107940E1,3.008858665653E0,
-9.030199951004E1));
#10559=CARTESIAN_POINT('',(1.099323476951E1,2.413013473383E0,
-9.024079335941E1));
#10560=CARTESIAN_POINT('',(1.037246843087E1,1.590567546124E0,
-9.017958720877E1));
#10561=CARTESIAN_POINT('',(1.002990685019E1,6.187549529645E-1,
-9.011838105814E1));
#10562=CARTESIAN_POINT('',(9.997719229071E0,-4.111635403624E-1,
-9.005717490750E1));
#10563=CARTESIAN_POINT('',(1.027892821878E1,-1.402470590178E0,
-8.999596875687E1));
#10564=CARTESIAN_POINT('',(1.084712617019E1,-2.262074700271E0,
-8.993476260624E1));
#10565=CARTESIAN_POINT('',(1.164895464278E1,-2.909252556572E0,
-8.987355645560E1));
#10566=CARTESIAN_POINT('',(1.260911657559E1,-3.283228383558E0,
-8.981235030497E1));
#10567=CARTESIAN_POINT('',(1.363744204831E1,-3.348885706101E0,
-8.975114415433E1));
#10568=CARTESIAN_POINT('',(1.463737541433E1,-3.100048475263E0,
-8.968993800370E1));
#10569=CARTESIAN_POINT('',(1.522243843230E1,-2.740098119135E0,
-8.964913390328E1));
#10570=CARTESIAN_POINT('',(1.548087276439E1,-2.520034812093E0,
-8.962873185307E1));
#10571=CARTESIAN_POINT('',(1.285785464106E1,-3.512171494743E0,
-9.341050882697E1));
#10572=CARTESIAN_POINT('',(1.321803446479E1,-3.561103652963E0,
-9.339010677676E1));
#10573=CARTESIAN_POINT('',(1.395350467768E1,-3.547271298487E0,
-9.334930267634E1));
#10574=CARTESIAN_POINT('',(1.499867729163E1,-3.193413150071E0,
-9.328809652571E1));
#10575=CARTESIAN_POINT('',(1.588760435096E1,-2.539666857325E0,
-9.322689037507E1));
#10576=CARTESIAN_POINT('',(1.653682557379E1,-1.647426576148E0,
-9.316568422444E1));
#10577=CARTESIAN_POINT('',(1.688536951324E1,-6.004799947895E-1,
-9.310447807380E1));
#10578=CARTESIAN_POINT('',(1.690050639438E1,5.028562942184E-1,
-9.304327192317E1));
#10579=CARTESIAN_POINT('',(1.658081442153E1,1.558970474967E0,
-9.298206577254E1));
#10580=CARTESIAN_POINT('',(1.595631524474E1,2.468685198889E0,
-9.292085962190E1));
#10581=CARTESIAN_POINT('',(1.508565417118E1,3.146571180199E0,
-9.285965347127E1));
#10582=CARTESIAN_POINT('',(1.405059305449E1,3.528969651345E0,
-9.279844732063E1));
#10583=CARTESIAN_POINT('',(1.294833218326E1,3.579970421561E0,-9.273724117E1));
#10584=CARTESIAN_POINT('',(1.188238242789E1,3.294784121743E0,
-9.267603501937E1));
#10585=CARTESIAN_POINT('',(1.095284476195E1,2.700191963834E0,
-9.261482886873E1));
#10586=CARTESIAN_POINT('',(1.024701000289E1,1.852030776596E0,
-9.255362271810E1));
#10587=CARTESIAN_POINT('',(9.831161525035E0,8.299494930865E-1,
-9.249241656746E1));
#10588=CARTESIAN_POINT('',(9.744350735210E0,-2.700705037338E-1,
-9.243121041683E1));
#10589=CARTESIAN_POINT('',(9.994729841853E0,-1.344728779462E0,
-9.237000426620E1));
#10590=CARTESIAN_POINT('',(1.055878629923E1,-2.293106562587E0,
-9.230879811556E1));
#10591=CARTESIAN_POINT('',(1.138355081838E1,-3.026143802149E0,
-9.224759196493E1));
#10592=CARTESIAN_POINT('',(1.239157159538E1,-3.475002599291E0,
-9.218638581429E1));
#10593=CARTESIAN_POINT('',(1.348818763820E1,-3.597531621435E0,
-9.212517966366E1));
#10594=CARTESIAN_POINT('',(1.457041817019E1,-3.382224440287E0,
-9.206397351303E1));
#10595=CARTESIAN_POINT('',(1.553663332609E1,-2.849300074963E0,
-9.200276736239E1));
#10596=CARTESIAN_POINT('',(1.629609798687E1,-2.048804268813E0,
-9.194156121176E1));
#10597=CARTESIAN_POINT('',(1.677749251325E1,-1.055909804833E0,
-9.188035506112E1));
#10598=CARTESIAN_POINT('',(1.693561021460E1,3.614280340257E-2,
-9.181914891049E1));
#10599=CARTESIAN_POINT('',(1.675560260881E1,1.124801321255E0,
-9.175794275986E1));
#10600=CARTESIAN_POINT('',(1.625437381029E1,2.107832245575E0,
-9.169673660922E1));
#10601=CARTESIAN_POINT('',(1.547899310212E1,2.892921325888E0,
-9.163553045859E1));
#10602=CARTESIAN_POINT('',(1.450227476423E1,3.406342590598E0,
-9.157432430795E1));
#10603=CARTESIAN_POINT('',(1.341594024612E1,3.599881789209E0,
-9.151311815732E1));
#10604=CARTESIAN_POINT('',(1.232200480929E1,3.455364085494E0,
-9.145191200669E1));
#10605=CARTESIAN_POINT('',(1.132319750063E1,2.986360815987E0,
-9.139070585605E1));
#10606=CARTESIAN_POINT('',(1.051331409583E1,2.236915035921E0,
-9.132949970542E1));
#10607=CARTESIAN_POINT('',(9.968408946413E0,1.277405533741E0,
-9.126829355478E1));
#10608=CARTESIAN_POINT('',(9.739652884555E0,1.979377154167E-1,
-9.120708740415E1));
#10609=CARTESIAN_POINT('',(9.848527883884E0,-9.001179940788E-1,
-9.114588125352E1));
#10610=CARTESIAN_POINT('',(1.028480973506E1,-1.913645622203E0,
-9.108467510288E1));
#10611=CARTESIAN_POINT('',(1.100752817856E1,-2.747467040769E0,
-9.102346895225E1));
#10612=CARTESIAN_POINT('',(1.194881433074E1,-3.323279932547E0,
-9.096226280161E1));
#10613=CARTESIAN_POINT('',(1.302027409996E1,-3.587010987935E0,
-9.090105665098E1));
#10614=CARTESIAN_POINT('',(1.412128907935E1,-3.513893809354E0,
-9.083985050035E1));
#10615=CARTESIAN_POINT('',(1.514846539789E1,-3.110794668627E0,
-9.077864434971E1));
#10616=CARTESIAN_POINT('',(1.600534320921E1,-2.415567710648E0,
-9.071743819908E1));
#10617=CARTESIAN_POINT('',(1.661145502145E1,-1.493500154715E0,
-9.065623204844E1));
#10618=CARTESIAN_POINT('',(1.690988222068E1,-4.311813167992E-1,
-9.059502589781E1));
#10619=CARTESIAN_POINT('',(1.687260017154E1,6.716288007851E-1,
-9.053381974718E1));
#10620=CARTESIAN_POINT('',(1.650310994844E1,1.711367749592E0,
-9.047261359654E1));
#10621=CARTESIAN_POINT('',(1.583610955747E1,2.590395954533E0,
-9.041140744591E1));
#10622=CARTESIAN_POINT('',(1.493423552373E1,3.226165829489E0,
-9.035020129527E1));
#10623=CARTESIAN_POINT('',(1.388218083437E1,3.558973637753E0,
-9.028899514464E1));
#10624=CARTESIAN_POINT('',(1.277874160832E1,3.557566137319E0,
-9.022778899401E1));
#10625=CARTESIAN_POINT('',(1.172753937223E1,3.222075503446E0,
-9.016658284337E1));
#10626=CARTESIAN_POINT('',(1.082729019292E1,2.584006916252E0,
-9.010537669274E1));
#10627=CARTESIAN_POINT('',(1.016253447144E1,1.703279979696E0,
-9.004417054211E1));
#10628=CARTESIAN_POINT('',(9.795697939663E0,6.626018029165E-1,
-8.998296439147E1));
#10629=CARTESIAN_POINT('',(9.761229406227E0,-4.402998340982E-1,
-8.992175824084E1));
#10630=CARTESIAN_POINT('',(1.006236571662E1,-1.501853903774E0,
-8.986055209020E1));
#10631=CARTESIAN_POINT('',(1.067082789574E1,-2.422372164539E0,
-8.979934593957E1));
#10632=CARTESIAN_POINT('',(1.152947636235E1,-3.115411003805E0,
-8.973813978894E1));
#10633=CARTESIAN_POINT('',(1.255767827770E1,-3.515887890529E0,
-8.967693363830E1));
#10634=CARTESIAN_POINT('',(1.365887400784E1,-3.586197889798E0,
-8.961572748767E1));
#10635=CARTESIAN_POINT('',(1.472966568061E1,-3.319727299145E0,
-8.955452133703E1));
#10636=CARTESIAN_POINT('',(1.535618803598E1,-2.934269770623E0,
-8.951371723661E1));
#10637=CARTESIAN_POINT('',(1.563293580754E1,-2.698612111152E0,
-8.949331518640E1));
#10638=CARTESIAN_POINT('',(1.282628014056E1,-3.744585073846E0,
-9.327509216031E1));
#10639=CARTESIAN_POINT('',(1.321029441602E1,-3.796755256759E0,
-9.325469011010E1));
#10640=CARTESIAN_POINT('',(1.399443345523E1,-3.782007563434E0,
-9.321388600967E1));
#10641=CARTESIAN_POINT('',(1.510876906660E1,-3.404733292289E0,
-9.315267985904E1));
#10642=CARTESIAN_POINT('',(1.605651976814E1,-2.707726151959E0,
-9.309147370841E1));
#10643=CARTESIAN_POINT('',(1.674870239768E1,-1.756442980229E0,
-9.303026755777E1));
#10644=CARTESIAN_POINT('',(1.712031079869E1,-6.402160113757E-1,
-9.296906140714E1));
#10645=CARTESIAN_POINT('',(1.713644934411E1,5.361321838749E-1,
-9.290785525650E1));
#10646=CARTESIAN_POINT('',(1.679560215269E1,1.662133406602E0,
-9.284664910587E1));
#10647=CARTESIAN_POINT('',(1.612977751983E1,2.632047370586E0,
-9.278544295524E1));
#10648=CARTESIAN_POINT('',(1.520150153294E1,3.354791613337E0,
-9.272423680460E1));
#10649=CARTESIAN_POINT('',(1.409794653459E1,3.762494827562E0,
-9.266303065397E1));
#10650=CARTESIAN_POINT('',(1.292274492155E1,3.816870510296E0,
-9.260182450333E1));
#10651=CARTESIAN_POINT('',(1.178625726728E1,3.512812361894E0,
-9.254061835270E1));
#10652=CARTESIAN_POINT('',(1.079520860276E1,2.878873807678E0,
-9.247941220207E1));
#10653=CARTESIAN_POINT('',(1.004266610666E1,1.974586609090E0,
-9.241820605143E1));
#10654=CARTESIAN_POINT('',(9.599299373148E0,8.848703682350E-1,
-9.235699990080E1));
#10655=CARTESIAN_POINT('',(9.506743987310E0,-2.879420833184E-1,
-9.229579375016E1));
#10656=CARTESIAN_POINT('',(9.773691619834E0,-1.433714533439E0,
-9.223458759953E1));
#10657=CARTESIAN_POINT('',(1.037507381152E1,-2.444850036467E0,
-9.217338144890E1));
#10658=CARTESIAN_POINT('',(1.125441609662E1,-3.226395103371E0,
-9.211217529826E1));
#10659=CARTESIAN_POINT('',(1.232914139444E1,-3.704956572980E0,
-9.205096914763E1));
#10660=CARTESIAN_POINT('',(1.349832463957E1,-3.835593800723E0,
-9.198976299699E1));
#10661=CARTESIAN_POINT('',(1.465217043060E1,-3.606038934731E0,
-9.192855684636E1));
#10662=CARTESIAN_POINT('',(1.568232367235E1,-3.037848962553E0,
-9.186735069573E1));
#10663=CARTESIAN_POINT('',(1.649204496219E1,-2.184381342344E0,
-9.180614454509E1));
#10664=CARTESIAN_POINT('',(1.700529517244E1,-1.125783322490E0,
-9.174493839446E1));
#10665=CARTESIAN_POINT('',(1.717387611596E1,3.853450845176E-2,
-9.168373224382E1));
#10666=CARTESIAN_POINT('',(1.698195673081E1,1.199233649302E0,
-9.162252609319E1));
#10667=CARTESIAN_POINT('',(1.644755974014E1,2.247315422031E0,
-9.156131994256E1));
#10668=CARTESIAN_POINT('',(1.562086917827E1,3.084356795489E0,
-9.150011379192E1));
#10669=CARTESIAN_POINT('',(1.457951771952E1,3.631753073633E0,
-9.143890764129E1));
#10670=CARTESIAN_POINT('',(1.342129636621E1,3.838099487926E0,
-9.137770149065E1));
#10671=CARTESIAN_POINT('',(1.225497111283E1,3.684018504965E0,
-9.131649534002E1));
#10672=CARTESIAN_POINT('',(1.119006897316E1,3.183979527595E0,
-9.125528918939E1));
#10673=CARTESIAN_POINT('',(1.032659254164E1,2.384940105433E0,
-9.119408303875E1));
#10674=CARTESIAN_POINT('',(9.745628971885E0,1.361936255691E0,
-9.113287688812E1));
#10675=CARTESIAN_POINT('',(9.501735262233E0,2.110359974762E-1,
-9.107167073748E1));
#10676=CARTESIAN_POINT('',(9.617814929188E0,-9.596821824824E-1,
-9.101046458685E1));
#10677=CARTESIAN_POINT('',(1.008296718908E1,-2.040278740448E0,
-9.094925843622E1));
#10678=CARTESIAN_POINT('',(1.085351062643E1,-2.929277254014E0,
-9.088805228558E1));
#10679=CARTESIAN_POINT('',(1.185708521866E1,-3.543193847525E0,
-9.082684613495E1));
#10680=CARTESIAN_POINT('',(1.299944750509E1,-3.824376977391E0,
-9.076563998431E1));
#10681=CARTESIAN_POINT('',(1.417332078094E1,-3.746421360484E0,
-9.070443383368E1));
#10682=CARTESIAN_POINT('',(1.526846921443E1,-3.316647635623E0,
-9.064322768305E1));
#10683=CARTESIAN_POINT('',(1.618204984886E1,-2.575414898644E0,
-9.058202153241E1));
#10684=CARTESIAN_POINT('',(1.682827035619E1,-1.592330669361E0,
-9.052081538178E1));
#10685=CARTESIAN_POINT('',(1.714644560406E1,-4.597142039972E-1,
-9.045960923114E1));
#10686=CARTESIAN_POINT('',(1.710669646169E1,7.160730010904E-1,
-9.039840308051E1));
#10687=CARTESIAN_POINT('',(1.671275568277E1,1.824615381274E0,
-9.033719692988E1));
#10688=CARTESIAN_POINT('',(1.600161737075E1,2.761812184062E0,
-9.027599077924E1));
#10689=CARTESIAN_POINT('',(1.504006294487E1,3.439653339519E0,
-9.021478462861E1));
#10690=CARTESIAN_POINT('',(1.391838984533E1,3.794484290442E0,
-9.015357847797E1));
#10691=CARTESIAN_POINT('',(1.274193190131E1,3.792983650417E0,
-9.009237232734E1));
#10692=CARTESIAN_POINT('',(1.162116766506E1,3.435292341239E0,
-9.003116617671E1));
#10693=CARTESIAN_POINT('',(1.066134561633E1,2.755000359121E0,
-8.996996002607E1));
#10694=CARTESIAN_POINT('',(9.952600512015E0,1.815992413268E0,
-8.990875387544E1));
#10695=CARTESIAN_POINT('',(9.561489029135E0,7.064486528685E-1,
-8.984754772480E1));
#10696=CARTESIAN_POINT('',(9.524739583382E0,-4.694361278339E-1,
-8.978634157417E1));
#10697=CARTESIAN_POINT('',(9.845803214470E0,-1.601237217370E0,
-8.972513542354E1));
#10698=CARTESIAN_POINT('',(1.049452962129E1,-2.582669628806E0,
-8.966392927290E1));
#10699=CARTESIAN_POINT('',(1.140999808191E1,-3.321569451038E0,
-8.960272312227E1));
#10700=CARTESIAN_POINT('',(1.250623997980E1,-3.748547397499E0,
-8.954151697163E1));
#10701=CARTESIAN_POINT('',(1.368030596737E1,-3.823510073496E0,
-8.948031082100E1));
#10702=CARTESIAN_POINT('',(1.482195594690E1,-3.539406123028E0,
-8.941910467037E1));
#10703=CARTESIAN_POINT('',(1.548993763966E1,-3.128441422111E0,
-8.937830056994E1));
#10704=CARTESIAN_POINT('',(1.578499885070E1,-2.877189410211E0,
-8.935789851973E1));
#10705=CARTESIAN_POINT('',(1.279470564006E1,-3.976998652949E0,
-9.313967549364E1));
#10706=CARTESIAN_POINT('',(1.320255436725E1,-4.032406860555E0,
-9.311927344343E1));
#10707=CARTESIAN_POINT('',(1.403536223278E1,-4.016743828381E0,
-9.307846934301E1));
#10708=CARTESIAN_POINT('',(1.521886084156E1,-3.616053434506E0,
-9.301726319237E1));
#10709=CARTESIAN_POINT('',(1.622543518532E1,-2.875785446592E0,
-9.295605704174E1));
#10710=CARTESIAN_POINT('',(1.696057922157E1,-1.865459384309E0,
-9.289485089110E1));
#10711=CARTESIAN_POINT('',(1.735525208414E1,-6.799520279619E-1,
-9.283364474047E1));
#10712=CARTESIAN_POINT('',(1.737239229384E1,5.694080735314E-1,
-9.277243858984E1));
#10713=CARTESIAN_POINT('',(1.701038988385E1,1.765296338237E0,
-9.271123243920E1));
#10714=CARTESIAN_POINT('',(1.630323979492E1,2.795409542282E0,
-9.265002628857E1));
#10715=CARTESIAN_POINT('',(1.531734889469E1,3.563012046475E0,
-9.258882013793E1));
#10716=CARTESIAN_POINT('',(1.414530001469E1,3.996020003779E0,
-9.252761398730E1));
#10717=CARTESIAN_POINT('',(1.289715765984E1,4.053770599031E0,
-9.246640783667E1));
#10718=CARTESIAN_POINT('',(1.169013210668E1,3.730840602044E0,
-9.240520168603E1));
#10719=CARTESIAN_POINT('',(1.063757244356E1,3.057555651523E0,
-9.234399553540E1));
#10720=CARTESIAN_POINT('',(9.838322210429E0,2.097142441583E0,
-9.228278938476E1));
#10721=CARTESIAN_POINT('',(9.367437221262E0,9.397912433835E-1,
-9.222158323413E1));
#10722=CARTESIAN_POINT('',(9.269137239411E0,-3.058136629029E-1,
-9.216037708350E1));
#10723=CARTESIAN_POINT('',(9.552653397814E0,-1.522700287417E0,
-9.209917093286E1));
#10724=CARTESIAN_POINT('',(1.019136132382E1,-2.596593510347E0,
-9.203796478223E1));
#10725=CARTESIAN_POINT('',(1.112528137487E1,-3.426646404593E0,
-9.197675863160E1));
#10726=CARTESIAN_POINT('',(1.226671119351E1,-3.934910546669E0,
-9.191555248096E1));
#10727=CARTESIAN_POINT('',(1.350846164095E1,-4.073655980012E0,
-9.185434633033E1));
#10728=CARTESIAN_POINT('',(1.473392269100E1,-3.829853429175E0,
-9.179314017969E1));
#10729=CARTESIAN_POINT('',(1.582801401860E1,-3.226397850143E0,
-9.173193402906E1));
#10730=CARTESIAN_POINT('',(1.668799193751E1,-2.319958415875E0,
-9.167072787843E1));
#10731=CARTESIAN_POINT('',(1.723309783163E1,-1.195656840146E0,
-9.160952172779E1));
#10732=CARTESIAN_POINT('',(1.741214201732E1,4.092621350095E-2,
-9.154831557716E1));
#10733=CARTESIAN_POINT('',(1.720831085281E1,1.273665977349E0,
-9.148710942652E1));
#10734=CARTESIAN_POINT('',(1.664074566999E1,2.386798598486E0,
-9.142590327589E1));
#10735=CARTESIAN_POINT('',(1.576274525442E1,3.275792265089E0,
-9.136469712526E1));
#10736=CARTESIAN_POINT('',(1.465676067481E1,3.857163556668E0,
-9.130349097462E1));
#10737=CARTESIAN_POINT('',(1.342665248629E1,4.076317186643E0,
-9.124228482399E1));
#10738=CARTESIAN_POINT('',(1.218793741637E1,3.912672924436E0,
-9.118107867335E1));
#10739=CARTESIAN_POINT('',(1.105694044569E1,3.381598239202E0,
-9.111987252272E1));
#10740=CARTESIAN_POINT('',(1.013987098744E1,2.532965174945E0,
-9.105866637209E1));
#10741=CARTESIAN_POINT('',(9.522848997356E0,1.446466977641E0,
-9.099746022145E1));
#10742=CARTESIAN_POINT('',(9.263817639911E0,2.241342795357E-1,
-9.093625407082E1));
#10743=CARTESIAN_POINT('',(9.387101974493E0,-1.019246370886E0,
-9.087504792018E1));
#10744=CARTESIAN_POINT('',(9.881124643097E0,-2.166911858693E0,
-9.081384176955E1));
#10745=CARTESIAN_POINT('',(1.069949307430E1,-3.111087467259E0,
-9.075263561892E1));
#10746=CARTESIAN_POINT('',(1.176535610658E1,-3.763107762503E0,
-9.069142946828E1));
#10747=CARTESIAN_POINT('',(1.297862091021E1,-4.061742966846E0,
-9.063022331765E1));
#10748=CARTESIAN_POINT('',(1.422535248253E1,-3.978948911613E0,
-9.056901716701E1));
#10749=CARTESIAN_POINT('',(1.538847303097E1,-3.522500602618E0,
-9.050781101638E1));
#10750=CARTESIAN_POINT('',(1.635875648850E1,-2.735262086641E0,
-9.044660486575E1));
#10751=CARTESIAN_POINT('',(1.704508569093E1,-1.691161184006E0,
-9.038539871511E1));
#10752=CARTESIAN_POINT('',(1.738300898743E1,-4.882470911952E-1,
-9.032419256448E1));
#10753=CARTESIAN_POINT('',(1.734079275185E1,7.605172013957E-1,
-9.026298641384E1));
#10754=CARTESIAN_POINT('',(1.692240141710E1,1.937863012957E0,
-9.020178026321E1));
#10755=CARTESIAN_POINT('',(1.616712518404E1,2.933228413591E0,
-9.014057411258E1));
#10756=CARTESIAN_POINT('',(1.514589036601E1,3.653140849549E0,
-9.007936796194E1));
#10757=CARTESIAN_POINT('',(1.395459885629E1,4.029994943131E0,
-9.001816181131E1));
#10758=CARTESIAN_POINT('',(1.270512219429E1,4.028401163516E0,
-8.995695566067E1));
#10759=CARTESIAN_POINT('',(1.151479595789E1,3.648509179032E0,
-8.989574951004E1));
#10760=CARTESIAN_POINT('',(1.049540103974E1,2.925993801990E0,
-8.983454335941E1));
#10761=CARTESIAN_POINT('',(9.742666552590E0,1.928704846840E0,
-8.977333720877E1));
#10762=CARTESIAN_POINT('',(9.327280118608E0,7.502955028206E-1,
-8.971213105814E1));
#10763=CARTESIAN_POINT('',(9.288249760538E0,-4.985724215697E-1,
-8.965092490750E1));
#10764=CARTESIAN_POINT('',(9.629240712317E0,-1.700620530966E0,
-8.958971875687E1));
#10765=CARTESIAN_POINT('',(1.031823134684E1,-2.742967093073E0,
-8.952851260624E1));
#10766=CARTESIAN_POINT('',(1.129051980148E1,-3.527727898270E0,
-8.946730645560E1));
#10767=CARTESIAN_POINT('',(1.245480168191E1,-3.981206904469E0,
-8.940610030497E1));
#10768=CARTESIAN_POINT('',(1.370173792690E1,-4.060822257194E0,
-8.934489415433E1));
#10769=CARTESIAN_POINT('',(1.491424621318E1,-3.759084946911E0,
-8.928368800370E1));
#10770=CARTESIAN_POINT('',(1.562368724334E1,-3.322613073600E0,
-8.924288390328E1));
#10771=CARTESIAN_POINT('',(1.593706189386E1,-3.055766709270E0,
-8.922248185307E1));
#10772=B_SPLINE_SURFACE_WITH_KNOTS('',3,3,((#10504,#10505,#10506,#10507,#10508,
#10509,#10510,#10511,#10512,#10513,#10514,#10515,#10516,#10517,#10518,#10519,
#10520,#10521,#10522,#10523,#10524,#10525,#10526,#10527,#10528,#10529,#10530,
#10531,#10532,#10533,#10534,#10535,#10536,#10537,#10538,#10539,#10540,#10541,
#10542,#10543,#10544,#10545,#10546,#10547,#10548,#10549,#10550,#10551,#10552,
#10553,#10554,#10555,#10556,#10557,#10558,#10559,#10560,#10561,#10562,#10563,
#10564,#10565,#10566,#10567,#10568,#10569,#10570),(#10571,#10572,#10573,#10574,
#10575,#10576,#10577,#10578,#10579,#10580,#10581,#10582,#10583,#10584,#10585,
#10586,#10587,#10588,#10589,#10590,#10591,#10592,#10593,#10594,#10595,#10596,
#10597,#10598,#10599,#10600,#10601,#10602,#10603,#10604,#10605,#10606,#10607,
#10608,#10609,#10610,#10611,#10612,#10613,#10614,#10615,#10616,#10617,#10618,
#10619,#10620,#10621,#10622,#10623,#10624,#10625,#10626,#10627,#10628,#10629,
#10630,#10631,#10632,#10633,#10634,#10635,#10636,#10637),(#10638,#10639,#10640,
#10641,#10642,#10643,#10644,#10645,#10646,#10647,#10648,#10649,#10650,#10651,
#10652,#10653,#10654,#10655,#10656,#10657,#10658,#10659,#10660,#10661,#10662,
#10663,#10664,#10665,#10666,#10667,#10668,#10669,#10670,#10671,#10672,#10673,
#10674,#10675,#10676,#10677,#10678,#10679,#10680,#10681,#10682,#10683,#10684,
#10685,#10686,#10687,#10688,#10689,#10690,#10691,#10692,#10693,#10694,#10695,
#10696,#10697,#10698,#10699,#10700,#10701,#10702,#10703,#10704),(#10705,#10706,
#10707,#10708,#10709,#10710,#10711,#10712,#10713,#10714,#10715,#10716,#10717,
#10718,#10719,#10720,#10721,#10722,#10723,#10724,#10725,#10726,#10727,#10728,
#10729,#10730,#10731,#10732,#10733,#10734,#10735,#10736,#10737,#10738,#10739,
#10740,#10741,#10742,#10743,#10744,#10745,#10746,#10747,#10748,#10749,#10750,
#10751,#10752,#10753,#10754,#10755,#10756,#10757,#10758,#10759,#10760,#10761,
#10762,#10763,#10764,#10765,#10766,#10767,#10768,#10769,#10770,#10771)),
.UNSPECIFIED.,.F.,.F.,.F.,(4,4),(4,1,1,1,1,1,1,1,1,1,1,1,1,1,1,1,1,1,1,1,1,1,1,
1,1,1,1,1,1,1,1,1,1,1,1,1,1,1,1,1,1,1,1,1,1,1,1,1,1,1,1,1,1,1,1,1,1,1,1,1,1,1,1,
1,4),(-2.E-2,1.02E0),(6.920339342442E-2,8.403226093114E-2,9.886112843786E-2,
1.136899959446E-1,1.285188634513E-1,1.433477309580E-1,1.581765984647E-1,
1.730054659715E-1,1.878343334782E-1,2.026632009849E-1,2.174920684916E-1,
2.323209359983E-1,2.471498035050E-1,2.619786710118E-1,2.768075385185E-1,
2.916364060252E-1,3.064652735319E-1,3.212941410386E-1,3.361230085454E-1,
3.509518760521E-1,3.657807435588E-1,3.806096110655E-1,3.954384785722E-1,
4.102673460790E-1,4.250962135857E-1,4.399250810924E-1,4.547539485991E-1,
4.695828161058E-1,4.844116836125E-1,4.992405511193E-1,5.140694186260E-1,
5.288982861327E-1,5.437271536394E-1,5.585560211461E-1,5.733848886529E-1,
5.882137561596E-1,6.030426236663E-1,6.178714911730E-1,6.327003586797E-1,
6.475292261865E-1,6.623580936932E-1,6.771869611999E-1,6.920158287066E-1,
7.068446962133E-1,7.216735637200E-1,7.365024312268E-1,7.513312987335E-1,
7.661601662402E-1,7.809890337469E-1,7.958179012536E-1,8.106467687604E-1,
8.254756362671E-1,8.403045037738E-1,8.551333712805E-1,8.699622387872E-1,
8.847911062940E-1,8.996199738007E-1,9.144488413074E-1,9.292777088141E-1,
9.441065763208E-1,9.589354438275E-1,9.737643113343E-1,9.885931788410E-1,
1.003422046348E0,1.018250913854E0),.UNSPECIFIED.);
#10773=ORIENTED_EDGE('',*,*,#9579,.F.);
#10774=ORIENTED_EDGE('',*,*,#9643,.T.);
#10775=ORIENTED_EDGE('',*,*,#9565,.T.);
#10776=ORIENTED_EDGE('',*,*,#9630,.T.);
#10777=ORIENTED_EDGE('',*,*,#9549,.T.);
#10778=ORIENTED_EDGE('',*,*,#9614,.T.);
#10780=ORIENTED_EDGE('',*,*,#10779,.F.);
#10781=ORIENTED_EDGE('',*,*,#10496,.F.);
#10782=ORIENTED_EDGE('',*,*,#9510,.T.);
#10783=EDGE_LOOP('',(#10773,#10774,#10775,#10776,#10777,#10778,#10780,#10781,
#10782));
#10784=FACE_OUTER_BOUND('',#10783,.F.);
#10786=CARTESIAN_POINT('',(1.350742079459E1,-3.305392025870E0,-8.97586943E1));
#10787=CARTESIAN_POINT('',(1.399908710488E1,-3.279744993619E0,
-8.972910207500E1));
#10788=CARTESIAN_POINT('',(1.497039963898E1,-3.005405229608E0,
-8.966991762500E1));
#10789=CARTESIAN_POINT('',(1.610737777555E1,-2.005277998689E0,-8.958114095E1));
#10790=CARTESIAN_POINT('',(1.670131177405E1,-6.124256601531E-1,
-8.949236427500E1));
#10791=CARTESIAN_POINT('',(1.663598246897E1,9.003700151571E-1,-8.94035876E1));
#10792=CARTESIAN_POINT('',(1.592415726380E1,2.236829904480E0,
-8.931481092500E1));
#10793=CARTESIAN_POINT('',(1.470525284605E1,3.135211659544E0,-8.922603425E1));
#10794=CARTESIAN_POINT('',(1.321798701102E1,3.419569088675E0,
-8.913725757500E1));
#10795=CARTESIAN_POINT('',(1.175363802297E1,3.034211442405E0,-8.90484809E1));
#10796=CARTESIAN_POINT('',(1.059899526866E1,2.054610160454E0,
-8.895970422500E1));
#10797=CARTESIAN_POINT('',(9.980193028280E0,6.726180002143E-1,-8.887092755E1));
#10798=CARTESIAN_POINT('',(1.001842234884E1,-8.411049153652E-1,
-8.878215087500E1));
#10799=CARTESIAN_POINT('',(1.070619610474E1,-2.190099284113E0,-8.86933742E1));
#10800=CARTESIAN_POINT('',(1.190881531862E1,-3.110167527445E0,
-8.860459752500E1));
#10801=CARTESIAN_POINT('',(1.339074966404E1,-3.421116304528E0,-8.851582085E1));
#10802=CARTESIAN_POINT('',(1.486176556042E1,-3.062046981622E0,
-8.842704417500E1));
#10803=CARTESIAN_POINT('',(1.603376778148E1,-2.103282495479E0,-8.83382675E1));
#10804=CARTESIAN_POINT('',(1.667722227125E1,-7.325947609215E-1,
-8.824949082500E1));
#10805=CARTESIAN_POINT('',(1.666610988383E1,7.815700454659E-1,-8.816071415E1));
#10806=CARTESIAN_POINT('',(1.600260695586E1,2.142666078324E0,
-8.807193747500E1));
#10807=CARTESIAN_POINT('',(1.481665907573E1,3.084125674694E0,-8.79831608E1));
#10808=CARTESIAN_POINT('',(1.334053152602E1,3.421566044522E0,
-8.789438412500E1));
#10809=CARTESIAN_POINT('',(1.186332063921E1,3.088900233214E0,-8.780560745E1));
#10810=CARTESIAN_POINT('',(1.067433491634E1,2.151280110524E0,
-8.771683077500E1));
#10811=CARTESIAN_POINT('',(1.000643459678E1,7.923365043351E-1,-8.76280541E1));
#10812=CARTESIAN_POINT('',(9.990426481108E0,-7.217844335640E-1,
-8.753927742500E1));
#10813=CARTESIAN_POINT('',(1.062944575071E1,-2.094545587083E0,-8.745050075E1));
#10814=CARTESIAN_POINT('',(1.179834178647E1,-3.057094191066E0,
-8.736172407500E1));
#10815=CARTESIAN_POINT('',(1.326818925016E1,-3.420919137939E0,-8.72729474E1));
#10816=CARTESIAN_POINT('',(1.475112033906E1,-3.114758952889E0,
-8.718417072500E1));
#10817=CARTESIAN_POINT('',(1.595671153E1,-2.198601154333E0,-8.709539405E1));
#10818=CARTESIAN_POINT('',(1.664883078311E1,-8.517735111105E-1,
-8.700661737500E1));
#10819=CARTESIAN_POINT('',(1.667761121476E1,1.571278873291E-1,
-8.694743292500E1));
#10820=CARTESIAN_POINT('',(1.658238855001E1,6.401663692883E-1,-8.69178407E1));
#10821=CARTESIAN_POINT('',(1.351963905429E1,-3.539622115661E0,
-8.962327763333E1));
#10822=CARTESIAN_POINT('',(1.404614632841E1,-3.512157657028E0,
-8.959368540833E1));
#10823=CARTESIAN_POINT('',(1.508628901043E1,-3.218377346464E0,
-8.953450095833E1));
#10824=CARTESIAN_POINT('',(1.630383686125E1,-2.147378070938E0,
-8.944572428333E1));
#10825=CARTESIAN_POINT('',(1.693985882170E1,-6.558239972474E-1,
-8.935694760833E1));
#10826=CARTESIAN_POINT('',(1.686990008420E1,9.641729613263E-1,
-8.926817093333E1));
#10827=CARTESIAN_POINT('',(1.610763278913E1,2.395338446060E0,
-8.917939425833E1));
#10828=CARTESIAN_POINT('',(1.480235311272E1,3.357382253162E0,
-8.909061758333E1));
#10829=CARTESIAN_POINT('',(1.320969511623E1,3.661890110936E0,
-8.900184090833E1));
#10830=CARTESIAN_POINT('',(1.164157792390E1,3.249224854743E0,
-8.891306423333E1));
#10831=CARTESIAN_POINT('',(1.040511368703E1,2.200206059095E0,
-8.882428755833E1));
#10832=CARTESIAN_POINT('',(9.742461245767E0,7.202817488262E-1,
-8.873551088333E1));
#10833=CARTESIAN_POINT('',(9.783399611768E0,-9.007081570706E-1,
-8.864673420833E1));
#10834=CARTESIAN_POINT('',(1.051991109903E1,-2.345296352404E0,
-8.855795753333E1));
#10835=CARTESIAN_POINT('',(1.180775155270E1,-3.330563418013E0,
-8.846918085833E1));
#10836=CARTESIAN_POINT('',(1.339470025408E1,-3.663546967191E0,
-8.838040418333E1));
#10837=CARTESIAN_POINT('',(1.496995679205E1,-3.279032904573E0,
-8.829162750833E1));
#10838=CARTESIAN_POINT('',(1.622501064007E1,-2.252327463190E0,
-8.820285083333E1));
#10839=CARTESIAN_POINT('',(1.691406226377E1,-7.845086444449E-1,
-8.811407415833E1));
#10840=CARTESIAN_POINT('',(1.690216241893E1,8.369544659807E-1,
-8.802529748333E1));
#10841=CARTESIAN_POINT('',(1.619164166397E1,2.294501885995E0,
-8.793652080833E1));
#10842=CARTESIAN_POINT('',(1.492165392525E1,3.302676160704E0,
-8.784774413333E1));
#10843=CARTESIAN_POINT('',(1.334092350670E1,3.664028577123E0,
-8.775896745833E1));
#10844=CARTESIAN_POINT('',(1.175903298252E1,3.307789058901E0,
-8.767019078333E1));
#10845=CARTESIAN_POINT('',(1.048579213032E1,2.303726334605E0,
-8.758141410833E1));
#10846=CARTESIAN_POINT('',(9.770562371287E0,8.484838687330E-1,
-8.749263743333E1));
#10847=CARTESIAN_POINT('',(9.753419872056E0,-7.729322645503E-1,
-8.740386075833E1));
#10848=CARTESIAN_POINT('',(1.043772198246E1,-2.242971431004E0,
-8.731508408333E1));
#10849=CARTESIAN_POINT('',(1.168944953148E1,-3.273729144278E0,
-8.722630740833E1));
#10850=CARTESIAN_POINT('',(1.326345483808E1,-3.663335828780E0,
-8.713753073333E1));
#10851=CARTESIAN_POINT('',(1.485147091520E1,-3.335480205769E0,
-8.704875405833E1));
#10852=CARTESIAN_POINT('',(1.614249394923E1,-2.354400690897E0,
-8.695997738333E1));
#10853=CARTESIAN_POINT('',(1.688365886880E1,-9.121327618217E-1,
-8.687120070833E1));
#10854=CARTESIAN_POINT('',(1.691447876900E1,1.682624453088E-1,
-8.681201625833E1));
#10855=CARTESIAN_POINT('',(1.681250833783E1,6.855304970485E-1,
-8.678242403333E1));
#10856=CARTESIAN_POINT('',(1.353185731400E1,-3.773852205451E0,
-8.948786096667E1));
#10857=CARTESIAN_POINT('',(1.409320555194E1,-3.744570320437E0,
-8.945826874167E1));
#10858=CARTESIAN_POINT('',(1.520217838188E1,-3.431349463319E0,
-8.939908429167E1));
#10859=CARTESIAN_POINT('',(1.650029594696E1,-2.289478143186E0,
-8.931030761667E1));
#10860=CARTESIAN_POINT('',(1.717840586935E1,-6.992223343417E-1,
-8.922153094167E1));
#10861=CARTESIAN_POINT('',(1.710381769943E1,1.027975907495E0,
-8.913275426667E1));
#10862=CARTESIAN_POINT('',(1.629110831447E1,2.553846987640E0,
-8.904397759167E1));
#10863=CARTESIAN_POINT('',(1.489945337939E1,3.579552846779E0,
-8.895520091667E1));
#10864=CARTESIAN_POINT('',(1.320140322144E1,3.904211133198E0,
-8.886642424167E1));
#10865=CARTESIAN_POINT('',(1.152951782484E1,3.464238267081E0,
-8.877764756667E1));
#10866=CARTESIAN_POINT('',(1.021123210540E1,2.345801957736E0,
-8.868887089167E1));
#10867=CARTESIAN_POINT('',(9.504729463254E0,7.679454974380E-1,
-8.860009421667E1));
#10868=CARTESIAN_POINT('',(9.548376874692E0,-9.603113987760E-1,
-8.851131754167E1));
#10869=CARTESIAN_POINT('',(1.033362609331E1,-2.500493420695E0,
-8.842254086667E1));
#10870=CARTESIAN_POINT('',(1.170668778678E1,-3.550959308580E0,
-8.833376419167E1));
#10871=CARTESIAN_POINT('',(1.339865084412E1,-3.905977629853E0,
-8.824498751667E1));
#10872=CARTESIAN_POINT('',(1.507814802368E1,-3.496018827524E0,
-8.815621084167E1));
#10873=CARTESIAN_POINT('',(1.641625349866E1,-2.401372430902E0,
-8.806743416667E1));
#10874=CARTESIAN_POINT('',(1.715090225629E1,-8.364225279684E-1,
-8.797865749167E1));
#10875=CARTESIAN_POINT('',(1.713821495403E1,8.923388864954E-1,
-8.788988081667E1));
#10876=CARTESIAN_POINT('',(1.638067637208E1,2.446337693666E0,
-8.780110414167E1));
#10877=CARTESIAN_POINT('',(1.502664877476E1,3.521226646714E0,
-8.771232746667E1));
#10878=CARTESIAN_POINT('',(1.334131548739E1,3.906491109724E0,
-8.762355079167E1));
#10879=CARTESIAN_POINT('',(1.165474532583E1,3.526677884588E0,
-8.753477411667E1));
#10880=CARTESIAN_POINT('',(1.029724934430E1,2.456172558686E0,
-8.744599744167E1));
#10881=CARTESIAN_POINT('',(9.534690145794E0,9.046312331309E-1,
-8.735722076667E1));
#10882=CARTESIAN_POINT('',(9.516413263004E0,-8.240800955367E-1,
-8.726844409167E1));
#10883=CARTESIAN_POINT('',(1.024599821421E1,-2.391397274926E0,
-8.717966741667E1));
#10884=CARTESIAN_POINT('',(1.158055727648E1,-3.490364097490E0,
-8.709089074167E1));
#10885=CARTESIAN_POINT('',(1.325872042600E1,-3.905752519621E0,
-8.700211406667E1));
#10886=CARTESIAN_POINT('',(1.495182149134E1,-3.556201458649E0,
-8.691333739167E1));
#10887=CARTESIAN_POINT('',(1.632827636847E1,-2.510200227461E0,
-8.682456071667E1));
#10888=CARTESIAN_POINT('',(1.711848695448E1,-9.724920125329E-1,
-8.673578404167E1));
#10889=CARTESIAN_POINT('',(1.715134632324E1,1.793970032885E-1,
-8.667659959167E1));
#10890=CARTESIAN_POINT('',(1.704262812565E1,7.308946248087E-1,
-8.664700736667E1));
#10891=CARTESIAN_POINT('',(1.354407557370E1,-4.008082295241E0,-8.93524443E1));
#10892=CARTESIAN_POINT('',(1.414026477547E1,-3.976982983847E0,
-8.932285207500E1));
#10893=CARTESIAN_POINT('',(1.531806775333E1,-3.644321580175E0,
-8.926366762500E1));
#10894=CARTESIAN_POINT('',(1.669675503266E1,-2.431578215435E0,-8.917489095E1));
#10895=CARTESIAN_POINT('',(1.741695291700E1,-7.426206714360E-1,
-8.908611427500E1));
#10896=CARTESIAN_POINT('',(1.733773531466E1,1.091778853665E0,-8.89973376E1));
#10897=CARTESIAN_POINT('',(1.647458383980E1,2.712355529221E0,
-8.890856092500E1));
#10898=CARTESIAN_POINT('',(1.499655364606E1,3.801723440397E0,-8.881978425E1));
#10899=CARTESIAN_POINT('',(1.319311132666E1,4.146532155459E0,
-8.873100757500E1));
#10900=CARTESIAN_POINT('',(1.141745772577E1,3.679251679418E0,-8.86422309E1));
#10901=CARTESIAN_POINT('',(1.001735052377E1,2.491397856377E0,
-8.855345422500E1));
#10902=CARTESIAN_POINT('',(9.266997680741E0,8.156092460499E-1,-8.846467755E1));
#10903=CARTESIAN_POINT('',(9.313354137617E0,-1.019914640481E0,
-8.837590087500E1));
#10904=CARTESIAN_POINT('',(1.014734108760E1,-2.655690488986E0,-8.82871242E1));
#10905=CARTESIAN_POINT('',(1.160562402086E1,-3.771355199148E0,
-8.819834752500E1));
#10906=CARTESIAN_POINT('',(1.340260143416E1,-4.148408292516E0,-8.810957085E1));
#10907=CARTESIAN_POINT('',(1.518633925532E1,-3.713004750474E0,
-8.802079417500E1));
#10908=CARTESIAN_POINT('',(1.660749635724E1,-2.550417398614E0,-8.79320175E1));
#10909=CARTESIAN_POINT('',(1.738774224882E1,-8.883364114919E-1,
-8.784324082500E1));
#10910=CARTESIAN_POINT('',(1.737426748912E1,9.477233070101E-1,-8.775446415E1));
#10911=CARTESIAN_POINT('',(1.656971108019E1,2.598173501337E0,
-8.766568747500E1));
#10912=CARTESIAN_POINT('',(1.513164362428E1,3.739777132724E0,-8.75769108E1));
#10913=CARTESIAN_POINT('',(1.334170746807E1,4.148953642325E0,
-8.748813412500E1));
#10914=CARTESIAN_POINT('',(1.155045766914E1,3.745566710275E0,-8.739935745E1));
#10915=CARTESIAN_POINT('',(1.010870655828E1,2.608618782767E0,
-8.731058077500E1));
#10916=CARTESIAN_POINT('',(9.298817920301E0,9.607785975288E-1,-8.72218041E1));
#10917=CARTESIAN_POINT('',(9.279406653951E0,-8.752279265230E-1,
-8.713302742500E1));
#10918=CARTESIAN_POINT('',(1.005427444596E1,-2.539823118848E0,-8.704425075E1));
#10919=CARTESIAN_POINT('',(1.147166502149E1,-3.706999050701E0,
-8.695547407500E1));
#10920=CARTESIAN_POINT('',(1.325398601392E1,-4.148169210462E0,-8.68666974E1));
#10921=CARTESIAN_POINT('',(1.505217206749E1,-3.776922711529E0,
-8.677792072500E1));
#10922=CARTESIAN_POINT('',(1.651405878770E1,-2.665999764025E0,-8.668914405E1));
#10923=CARTESIAN_POINT('',(1.735331504017E1,-1.032851263244E0,
-8.660036737500E1));
#10924=CARTESIAN_POINT('',(1.738821387748E1,1.905315612682E-1,
-8.654118292500E1));
#10925=CARTESIAN_POINT('',(1.727274791347E1,7.762587525689E-1,-8.65115907E1));
#10926=B_SPLINE_SURFACE_WITH_KNOTS('',3,3,((#10786,#10787,#10788,#10789,#10790,
#10791,#10792,#10793,#10794,#10795,#10796,#10797,#10798,#10799,#10800,#10801,
#10802,#10803,#10804,#10805,#10806,#10807,#10808,#10809,#10810,#10811,#10812,
#10813,#10814,#10815,#10816,#10817,#10818,#10819,#10820),(#10821,#10822,#10823,
#10824,#10825,#10826,#10827,#10828,#10829,#10830,#10831,#10832,#10833,#10834,
#10835,#10836,#10837,#10838,#10839,#10840,#10841,#10842,#10843,#10844,#10845,
#10846,#10847,#10848,#10849,#10850,#10851,#10852,#10853,#10854,#10855),(#10856,
#10857,#10858,#10859,#10860,#10861,#10862,#10863,#10864,#10865,#10866,#10867,
#10868,#10869,#10870,#10871,#10872,#10873,#10874,#10875,#10876,#10877,#10878,
#10879,#10880,#10881,#10882,#10883,#10884,#10885,#10886,#10887,#10888,#10889,
#10890),(#10891,#10892,#10893,#10894,#10895,#10896,#10897,#10898,#10899,#10900,
#10901,#10902,#10903,#10904,#10905,#10906,#10907,#10908,#10909,#10910,#10911,
#10912,#10913,#10914,#10915,#10916,#10917,#10918,#10919,#10920,#10921,#10922,
#10923,#10924,#10925)),.UNSPECIFIED.,.F.,.F.,.F.,(4,4),(4,1,1,1,1,1,1,1,1,1,1,1,
1,1,1,1,1,1,1,1,1,1,1,1,1,1,1,1,1,1,1,1,4),(-2.000000000001E-2,1.02E0),(
-1.323605087826E-2,8.272531798910E-3,2.978111447608E-2,5.128969715324E-2,
7.279827983041E-2,9.430686250757E-2,1.158154451847E-1,1.373240278619E-1,
1.588326105391E-1,1.803411932162E-1,2.018497758934E-1,2.233583585706E-1,
2.448669412477E-1,2.663755239249E-1,2.878841066021E-1,3.093926892792E-1,
3.309012719564E-1,3.524098546336E-1,3.739184373107E-1,3.954270199879E-1,
4.169356026651E-1,4.384441853422E-1,4.599527680194E-1,4.814613506965E-1,
5.029699333737E-1,5.244785160509E-1,5.459870987280E-1,5.674956814052E-1,
5.890042640824E-1,6.105128467595E-1,6.320214294367E-1,6.535300121139E-1,
6.750385947910E-1),.UNSPECIFIED.);
#10927=ORIENTED_EDGE('',*,*,#7812,.T.);
#10929=ORIENTED_EDGE('',*,*,#10928,.F.);
#10930=ORIENTED_EDGE('',*,*,#10779,.T.);
#10931=ORIENTED_EDGE('',*,*,#9612,.T.);
#10932=ORIENTED_EDGE('',*,*,#9533,.T.);
#10933=ORIENTED_EDGE('',*,*,#9597,.F.);
#10934=EDGE_LOOP('',(#10927,#10929,#10930,#10931,#10932,#10933));
#10935=FACE_OUTER_BOUND('',#10934,.F.);
#10937=CARTESIAN_POINT('',(1.340379093232E1,-3.322705630334E0,
-9.008163228002E1));
#10938=CARTESIAN_POINT('',(1.395457493443E1,-3.311302590395E0,
-9.004865463835E1));
#10939=CARTESIAN_POINT('',(1.504968689963E1,-3.008920442904E0,
-8.998269935502E1));
#10940=CARTESIAN_POINT('',(1.627749738217E1,-1.826443915189E0,
-8.988376643002E1));
#10941=CARTESIAN_POINT('',(1.679236781108E1,-2.015253340569E-1,
-8.978483350502E1));
#10942=CARTESIAN_POINT('',(1.646974892739E1,1.472212296889E0,
-8.968590058002E1));
#10943=CARTESIAN_POINT('',(1.538774630816E1,2.789315263709E0,
-8.958696765502E1));
#10944=CARTESIAN_POINT('',(1.380848105743E1,3.430723657620E0,
-8.948803473002E1));
#10945=CARTESIAN_POINT('',(1.211451719405E1,3.241060133489E0,
-8.938910180502E1));
#10946=CARTESIAN_POINT('',(1.071620804484E1,2.266269543127E0,
-8.929016888002E1));
#10947=CARTESIAN_POINT('',(9.952285239895E0,7.424889628325E-1,
-8.919123595502E1));
#10948=CARTESIAN_POINT('',(1.000780448904E1,-9.611550445816E-1,
-8.909230303002E1));
#10949=CARTESIAN_POINT('',(1.086931657508E1,-2.431965098656E0,
-8.899337010502E1));
#10950=CARTESIAN_POINT('',(1.232812544885E1,-3.313646425059E0,
-8.889443718002E1));
#10951=CARTESIAN_POINT('',(1.403084354768E1,-3.392617094411E0,
-8.879550425502E1));
#10952=CARTESIAN_POINT('',(1.556499778680E1,-2.649746943209E0,
-8.869657133002E1));
#10953=CARTESIAN_POINT('',(1.655894864900E1,-1.264991739416E0,
-8.859763840502E1));
#10954=CARTESIAN_POINT('',(1.677191759388E1,4.262000058971E-1,
-8.849870548002E1));
#10955=CARTESIAN_POINT('',(1.615231419213E1,2.014147396537E0,
-8.839977255502E1));
#10956=CARTESIAN_POINT('',(1.485023359270E1,3.114179852182E0,
-8.830083963002E1));
#10957=CARTESIAN_POINT('',(1.318109688744E1,3.459821212734E0,
-8.820190670502E1));
#10958=CARTESIAN_POINT('',(1.154924227357E1,2.967341964547E0,
-8.810297378002E1));
#10959=CARTESIAN_POINT('',(1.034997658839E1,1.756042204837E0,
-8.800404085502E1));
#10960=CARTESIAN_POINT('',(9.873814638454E0,1.193519204551E-1,
-8.790510793002E1));
#10961=CARTESIAN_POINT('',(1.023610375044E1,-1.546250640291E0,
-8.780617500502E1));
#10962=CARTESIAN_POINT('',(1.134908161123E1,-2.837283401368E0,
-8.770724208002E1));
#10963=CARTESIAN_POINT('',(1.294313605210E1,-3.441001556939E0,
-8.760830915502E1));
#10964=CARTESIAN_POINT('',(1.463211733259E1,-3.211158007978E0,
-8.750937623002E1));
#10965=CARTESIAN_POINT('',(1.600687914897E1,-2.203431156019E0,
-8.741044330502E1));
#10966=CARTESIAN_POINT('',(1.673439710844E1,-6.619359364777E-1,
-8.731151038002E1));
#10967=CARTESIAN_POINT('',(1.663842217296E1,1.039907009601E0,
-8.721257745502E1));
#10968=CARTESIAN_POINT('',(1.574224938477E1,2.489847107536E0,
-8.711364453002E1));
#10969=CARTESIAN_POINT('',(1.426280059102E1,3.336605978951E0,
-8.701471160502E1));
#10970=CARTESIAN_POINT('',(1.312700003133E1,3.362340547530E0,
-8.694875632169E1));
#10971=CARTESIAN_POINT('',(1.259011369130E1,3.238865431804E0,
-8.691577868002E1));
#10972=CARTESIAN_POINT('',(1.340379093232E1,-3.322705630334E0,
-8.996946529334E1));
#10973=CARTESIAN_POINT('',(1.395457493443E1,-3.311302590395E0,
-8.993648765167E1));
#10974=CARTESIAN_POINT('',(1.504968689963E1,-3.008920442904E0,
-8.987053236834E1));
#10975=CARTESIAN_POINT('',(1.627749738217E1,-1.826443915189E0,
-8.977159944334E1));
#10976=CARTESIAN_POINT('',(1.679236781108E1,-2.015253340569E-1,
-8.967266651834E1));
#10977=CARTESIAN_POINT('',(1.646974892739E1,1.472212296889E0,
-8.957373359334E1));
#10978=CARTESIAN_POINT('',(1.538774630816E1,2.789315263709E0,
-8.947480066834E1));
#10979=CARTESIAN_POINT('',(1.380848105743E1,3.430723657620E0,
-8.937586774334E1));
#10980=CARTESIAN_POINT('',(1.211451719405E1,3.241060133489E0,
-8.927693481834E1));
#10981=CARTESIAN_POINT('',(1.071620804484E1,2.266269543127E0,
-8.917800189334E1));
#10982=CARTESIAN_POINT('',(9.952285239895E0,7.424889628325E-1,
-8.907906896834E1));
#10983=CARTESIAN_POINT('',(1.000780448904E1,-9.611550445816E-1,
-8.898013604334E1));
#10984=CARTESIAN_POINT('',(1.086931657508E1,-2.431965098656E0,
-8.888120311834E1));
#10985=CARTESIAN_POINT('',(1.232812544885E1,-3.313646425059E0,
-8.878227019334E1));
#10986=CARTESIAN_POINT('',(1.403084354768E1,-3.392617094411E0,
-8.868333726834E1));
#10987=CARTESIAN_POINT('',(1.556499778680E1,-2.649746943209E0,
-8.858440434334E1));
#10988=CARTESIAN_POINT('',(1.655894864900E1,-1.264991739416E0,
-8.848547141834E1));
#10989=CARTESIAN_POINT('',(1.677191759388E1,4.262000058971E-1,
-8.838653849334E1));
#10990=CARTESIAN_POINT('',(1.615231419213E1,2.014147396537E0,
-8.828760556834E1));
#10991=CARTESIAN_POINT('',(1.485023359270E1,3.114179852182E0,
-8.818867264334E1));
#10992=CARTESIAN_POINT('',(1.318109688744E1,3.459821212734E0,
-8.808973971834E1));
#10993=CARTESIAN_POINT('',(1.154924227357E1,2.967341964547E0,
-8.799080679334E1));
#10994=CARTESIAN_POINT('',(1.034997658839E1,1.756042204837E0,
-8.789187386834E1));
#10995=CARTESIAN_POINT('',(9.873814638454E0,1.193519204551E-1,
-8.779294094334E1));
#10996=CARTESIAN_POINT('',(1.023610375044E1,-1.546250640291E0,
-8.769400801834E1));
#10997=CARTESIAN_POINT('',(1.134908161123E1,-2.837283401368E0,
-8.759507509334E1));
#10998=CARTESIAN_POINT('',(1.294313605210E1,-3.441001556939E0,
-8.749614216834E1));
#10999=CARTESIAN_POINT('',(1.463211733259E1,-3.211158007978E0,
-8.739720924334E1));
#11000=CARTESIAN_POINT('',(1.600687914897E1,-2.203431156019E0,
-8.729827631834E1));
#11001=CARTESIAN_POINT('',(1.673439710844E1,-6.619359364777E-1,
-8.719934339334E1));
#11002=CARTESIAN_POINT('',(1.663842217296E1,1.039907009601E0,
-8.710041046834E1));
#11003=CARTESIAN_POINT('',(1.574224938477E1,2.489847107536E0,
-8.700147754334E1));
#11004=CARTESIAN_POINT('',(1.426280059102E1,3.336605978951E0,
-8.690254461834E1));
#11005=CARTESIAN_POINT('',(1.312700003133E1,3.362340547530E0,
-8.683658933501E1));
#11006=CARTESIAN_POINT('',(1.259011369130E1,3.238865431804E0,
-8.680361169334E1));
#11007=CARTESIAN_POINT('',(1.340379093232E1,-3.322705630334E0,
-8.985729830666E1));
#11008=CARTESIAN_POINT('',(1.395457493443E1,-3.311302590395E0,
-8.982432066499E1));
#11009=CARTESIAN_POINT('',(1.504968689963E1,-3.008920442904E0,
-8.975836538166E1));
#11010=CARTESIAN_POINT('',(1.627749738217E1,-1.826443915189E0,
-8.965943245666E1));
#11011=CARTESIAN_POINT('',(1.679236781108E1,-2.015253340569E-1,
-8.956049953166E1));
#11012=CARTESIAN_POINT('',(1.646974892739E1,1.472212296889E0,
-8.946156660666E1));
#11013=CARTESIAN_POINT('',(1.538774630816E1,2.789315263709E0,
-8.936263368166E1));
#11014=CARTESIAN_POINT('',(1.380848105743E1,3.430723657620E0,
-8.926370075666E1));
#11015=CARTESIAN_POINT('',(1.211451719405E1,3.241060133489E0,
-8.916476783166E1));
#11016=CARTESIAN_POINT('',(1.071620804484E1,2.266269543127E0,
-8.906583490666E1));
#11017=CARTESIAN_POINT('',(9.952285239895E0,7.424889628325E-1,
-8.896690198166E1));
#11018=CARTESIAN_POINT('',(1.000780448904E1,-9.611550445816E-1,
-8.886796905666E1));
#11019=CARTESIAN_POINT('',(1.086931657508E1,-2.431965098656E0,
-8.876903613166E1));
#11020=CARTESIAN_POINT('',(1.232812544885E1,-3.313646425059E0,
-8.867010320666E1));
#11021=CARTESIAN_POINT('',(1.403084354768E1,-3.392617094411E0,
-8.857117028166E1));
#11022=CARTESIAN_POINT('',(1.556499778680E1,-2.649746943209E0,
-8.847223735666E1));
#11023=CARTESIAN_POINT('',(1.655894864900E1,-1.264991739416E0,
-8.837330443166E1));
#11024=CARTESIAN_POINT('',(1.677191759388E1,4.262000058971E-1,
-8.827437150666E1));
#11025=CARTESIAN_POINT('',(1.615231419213E1,2.014147396537E0,
-8.817543858166E1));
#11026=CARTESIAN_POINT('',(1.485023359270E1,3.114179852182E0,
-8.807650565666E1));
#11027=CARTESIAN_POINT('',(1.318109688744E1,3.459821212734E0,
-8.797757273166E1));
#11028=CARTESIAN_POINT('',(1.154924227357E1,2.967341964547E0,
-8.787863980666E1));
#11029=CARTESIAN_POINT('',(1.034997658839E1,1.756042204837E0,
-8.777970688166E1));
#11030=CARTESIAN_POINT('',(9.873814638454E0,1.193519204551E-1,
-8.768077395666E1));
#11031=CARTESIAN_POINT('',(1.023610375044E1,-1.546250640291E0,
-8.758184103166E1));
#11032=CARTESIAN_POINT('',(1.134908161123E1,-2.837283401368E0,
-8.748290810666E1));
#11033=CARTESIAN_POINT('',(1.294313605210E1,-3.441001556939E0,
-8.738397518166E1));
#11034=CARTESIAN_POINT('',(1.463211733259E1,-3.211158007978E0,
-8.728504225666E1));
#11035=CARTESIAN_POINT('',(1.600687914897E1,-2.203431156019E0,
-8.718610933166E1));
#11036=CARTESIAN_POINT('',(1.673439710844E1,-6.619359364777E-1,
-8.708717640666E1));
#11037=CARTESIAN_POINT('',(1.663842217296E1,1.039907009601E0,
-8.698824348166E1));
#11038=CARTESIAN_POINT('',(1.574224938477E1,2.489847107536E0,
-8.688931055666E1));
#11039=CARTESIAN_POINT('',(1.426280059102E1,3.336605978951E0,
-8.679037763166E1));
#11040=CARTESIAN_POINT('',(1.312700003133E1,3.362340547530E0,
-8.672442234833E1));
#11041=CARTESIAN_POINT('',(1.259011369130E1,3.238865431804E0,
-8.669144470666E1));
#11042=CARTESIAN_POINT('',(1.340379093232E1,-3.322705630334E0,
-8.974513131998E1));
#11043=CARTESIAN_POINT('',(1.395457493443E1,-3.311302590395E0,
-8.971215367831E1));
#11044=CARTESIAN_POINT('',(1.504968689963E1,-3.008920442904E0,
-8.964619839498E1));
#11045=CARTESIAN_POINT('',(1.627749738217E1,-1.826443915189E0,
-8.954726546998E1));
#11046=CARTESIAN_POINT('',(1.679236781108E1,-2.015253340569E-1,
-8.944833254498E1));
#11047=CARTESIAN_POINT('',(1.646974892739E1,1.472212296889E0,
-8.934939961998E1));
#11048=CARTESIAN_POINT('',(1.538774630816E1,2.789315263709E0,
-8.925046669498E1));
#11049=CARTESIAN_POINT('',(1.380848105743E1,3.430723657620E0,
-8.915153376998E1));
#11050=CARTESIAN_POINT('',(1.211451719405E1,3.241060133489E0,
-8.905260084498E1));
#11051=CARTESIAN_POINT('',(1.071620804484E1,2.266269543127E0,
-8.895366791998E1));
#11052=CARTESIAN_POINT('',(9.952285239895E0,7.424889628325E-1,
-8.885473499498E1));
#11053=CARTESIAN_POINT('',(1.000780448904E1,-9.611550445816E-1,
-8.875580206998E1));
#11054=CARTESIAN_POINT('',(1.086931657508E1,-2.431965098656E0,
-8.865686914498E1));
#11055=CARTESIAN_POINT('',(1.232812544885E1,-3.313646425059E0,
-8.855793621998E1));
#11056=CARTESIAN_POINT('',(1.403084354768E1,-3.392617094411E0,
-8.845900329498E1));
#11057=CARTESIAN_POINT('',(1.556499778680E1,-2.649746943209E0,
-8.836007036998E1));
#11058=CARTESIAN_POINT('',(1.655894864900E1,-1.264991739416E0,
-8.826113744498E1));
#11059=CARTESIAN_POINT('',(1.677191759388E1,4.262000058971E-1,
-8.816220451998E1));
#11060=CARTESIAN_POINT('',(1.615231419213E1,2.014147396537E0,
-8.806327159498E1));
#11061=CARTESIAN_POINT('',(1.485023359270E1,3.114179852182E0,
-8.796433866998E1));
#11062=CARTESIAN_POINT('',(1.318109688744E1,3.459821212734E0,
-8.786540574498E1));
#11063=CARTESIAN_POINT('',(1.154924227357E1,2.967341964547E0,
-8.776647281998E1));
#11064=CARTESIAN_POINT('',(1.034997658839E1,1.756042204837E0,
-8.766753989498E1));
#11065=CARTESIAN_POINT('',(9.873814638454E0,1.193519204551E-1,
-8.756860696998E1));
#11066=CARTESIAN_POINT('',(1.023610375044E1,-1.546250640291E0,
-8.746967404498E1));
#11067=CARTESIAN_POINT('',(1.134908161123E1,-2.837283401368E0,
-8.737074111998E1));
#11068=CARTESIAN_POINT('',(1.294313605210E1,-3.441001556939E0,
-8.727180819498E1));
#11069=CARTESIAN_POINT('',(1.463211733259E1,-3.211158007978E0,
-8.717287526998E1));
#11070=CARTESIAN_POINT('',(1.600687914897E1,-2.203431156019E0,
-8.707394234498E1));
#11071=CARTESIAN_POINT('',(1.673439710844E1,-6.619359364777E-1,
-8.697500941998E1));
#11072=CARTESIAN_POINT('',(1.663842217296E1,1.039907009601E0,
-8.687607649498E1));
#11073=CARTESIAN_POINT('',(1.574224938477E1,2.489847107536E0,
-8.677714356998E1));
#11074=CARTESIAN_POINT('',(1.426280059102E1,3.336605978951E0,
-8.667821064498E1));
#11075=CARTESIAN_POINT('',(1.312700003133E1,3.362340547530E0,
-8.661225536165E1));
#11076=CARTESIAN_POINT('',(1.259011369130E1,3.238865431804E0,
-8.657927771998E1));
#11077=B_SPLINE_SURFACE_WITH_KNOTS('',3,3,((#10937,#10938,#10939,#10940,#10941,
#10942,#10943,#10944,#10945,#10946,#10947,#10948,#10949,#10950,#10951,#10952,
#10953,#10954,#10955,#10956,#10957,#10958,#10959,#10960,#10961,#10962,#10963,
#10964,#10965,#10966,#10967,#10968,#10969,#10970,#10971),(#10972,#10973,#10974,
#10975,#10976,#10977,#10978,#10979,#10980,#10981,#10982,#10983,#10984,#10985,
#10986,#10987,#10988,#10989,#10990,#10991,#10992,#10993,#10994,#10995,#10996,
#10997,#10998,#10999,#11000,#11001,#11002,#11003,#11004,#11005,#11006),(#11007,
#11008,#11009,#11010,#11011,#11012,#11013,#11014,#11015,#11016,#11017,#11018,
#11019,#11020,#11021,#11022,#11023,#11024,#11025,#11026,#11027,#11028,#11029,
#11030,#11031,#11032,#11033,#11034,#11035,#11036,#11037,#11038,#11039,#11040,
#11041),(#11042,#11043,#11044,#11045,#11046,#11047,#11048,#11049,#11050,#11051,
#11052,#11053,#11054,#11055,#11056,#11057,#11058,#11059,#11060,#11061,#11062,
#11063,#11064,#11065,#11066,#11067,#11068,#11069,#11070,#11071,#11072,#11073,
#11074,#11075,#11076)),.UNSPECIFIED.,.F.,.F.,.F.,(4,4),(4,1,1,1,1,1,1,1,1,1,1,1,
1,1,1,1,1,1,1,1,1,1,1,1,1,1,1,1,1,1,1,1,4),(-3.840153606148E-2,
1.038401536061E0),(-1.475028467595E-2,9.218927922471E-3,3.318814052090E-2,
5.715735311932E-2,8.112656571775E-2,1.050957783162E-1,1.290649909146E-1,
1.530342035130E-1,1.770034161114E-1,2.009726287099E-1,2.249418413083E-1,
2.489110539067E-1,2.728802665051E-1,2.968494791036E-1,3.208186917020E-1,
3.447879043004E-1,3.687571168988E-1,3.927263294973E-1,4.166955420957E-1,
4.406647546941E-1,4.646339672926E-1,4.886031798910E-1,5.125723924894E-1,
5.365416050878E-1,5.605108176863E-1,5.844800302847E-1,6.084492428831E-1,
6.324184554815E-1,6.563876680800E-1,6.803568806784E-1,7.043260932768E-1,
7.282953058752E-1,7.522645184737E-1),.UNSPECIFIED.);
#11078=ORIENTED_EDGE('',*,*,#7810,.T.);
#11079=ORIENTED_EDGE('',*,*,#9926,.F.);
#11080=ORIENTED_EDGE('',*,*,#10498,.T.);
#11081=ORIENTED_EDGE('',*,*,#10928,.T.);
#11082=EDGE_LOOP('',(#11078,#11079,#11080,#11081));
#11083=FACE_OUTER_BOUND('',#11082,.F.);
#11085=CARTESIAN_POINT('',(-1.3335E1,-1.665334536938E-14,-7.747E1));
#11086=DIRECTION('',(0.E0,0.E0,-1.E0));
#11087=DIRECTION('',(1.E0,0.E0,0.E0));
#11088=AXIS2_PLACEMENT_3D('',#11085,#11086,#11087);
#11089=CYLINDRICAL_SURFACE('',#11088,7.7724E0);
#11090=ORIENTED_EDGE('',*,*,#7554,.T.);
#11091=ORIENTED_EDGE('',*,*,#7537,.F.);
#11092=ORIENTED_EDGE('',*,*,#7496,.F.);
#11093=ORIENTED_EDGE('',*,*,#7534,.T.);
#11094=EDGE_LOOP('',(#11090,#11091,#11092,#11093));
#11095=FACE_OUTER_BOUND('',#11094,.F.);
#11097=CARTESIAN_POINT('',(1.3335E1,0.E0,-7.747E1));
#11098=DIRECTION('',(0.E0,0.E0,-1.E0));
#11099=DIRECTION('',(1.E0,0.E0,0.E0));
#11100=AXIS2_PLACEMENT_3D('',#11097,#11098,#11099);
#11101=CYLINDRICAL_SURFACE('',#11100,7.7724E0);
#11102=ORIENTED_EDGE('',*,*,#7570,.T.);
#11104=ORIENTED_EDGE('',*,*,#11103,.F.);
#11105=ORIENTED_EDGE('',*,*,#7476,.F.);
#11107=ORIENTED_EDGE('',*,*,#11106,.T.);
#11108=EDGE_LOOP('',(#11102,#11104,#11105,#11107));
#11109=FACE_OUTER_BOUND('',#11108,.F.);
#11111=CARTESIAN_POINT('',(1.3335E1,0.E0,-7.747E1));
#11112=DIRECTION('',(0.E0,0.E0,-1.E0));
#11113=DIRECTION('',(1.E0,0.E0,0.E0));
#11114=AXIS2_PLACEMENT_3D('',#11111,#11112,#11113);
#11115=CYLINDRICAL_SURFACE('',#11114,7.7724E0);
#11116=ORIENTED_EDGE('',*,*,#7572,.T.);
#11117=ORIENTED_EDGE('',*,*,#11106,.F.);
#11118=ORIENTED_EDGE('',*,*,#7478,.F.);
#11119=ORIENTED_EDGE('',*,*,#11103,.T.);
#11120=EDGE_LOOP('',(#11116,#11117,#11118,#11119));
#11121=FACE_OUTER_BOUND('',#11120,.F.);
#11123=CARTESIAN_POINT('',(-1.295128016941E0,3.106399089387E1,
-9.618199065257E1));
#11124=CARTESIAN_POINT('',(-1.295128019117E0,3.100495173E1,-9.613300384091E1));
#11125=CARTESIAN_POINT('',(-1.295128028097E0,3.000276909906E1,
-9.529626728748E1));
#11126=CARTESIAN_POINT('',(-1.295128004103E0,2.813259404776E1,
-9.355531631634E1));
#11127=CARTESIAN_POINT('',(-1.295128039512E0,2.573201493566E1,
-9.074142467152E1));
#11128=CARTESIAN_POINT('',(-1.295127951683E0,2.365772542302E1,
-8.749113934078E1));
#11129=CARTESIAN_POINT('',(-1.295128254432E0,2.208365527255E1,
-8.383259845298E1));
#11130=CARTESIAN_POINT('',(-1.295127723806E0,2.115846743642E1,
-7.996194773709E1));
#11131=CARTESIAN_POINT('',(-1.295129105730E0,2.095316516993E1,
-7.727224239935E1));
#11132=CARTESIAN_POINT('',(-1.295128308056E0,2.094704772515E1,
-7.595642947556E1));
#11133=CARTESIAN_POINT('',(-1.685135045777E0,3.107965906638E1,
-9.616310730900E1));
#11134=CARTESIAN_POINT('',(-1.685135026669E0,3.102065834660E1,
-9.611415239664E1));
#11135=CARTESIAN_POINT('',(-1.685134947811E0,3.001913197903E1,
-9.527796375474E1));
#11136=CARTESIAN_POINT('',(-1.685135158513E0,2.815030676067E1,
-9.353825837743E1));
#11137=CARTESIAN_POINT('',(-1.685134847570E0,2.575176489270E1,
-9.072673201076E1));
#11138=CARTESIAN_POINT('',(-1.685135618840E0,2.367948905474E1,
-8.747957267667E1));
#11139=CARTESIAN_POINT('',(-1.685132960262E0,2.210706390163E1,
-8.382483899781E1));
#11140=CARTESIAN_POINT('',(-1.685137619941E0,2.118281854947E1,
-7.995817588726E1));
#11141=CARTESIAN_POINT('',(-1.685125484597E0,2.097769639370E1,
-7.727098589416E1));
#11142=CARTESIAN_POINT('',(-1.685132489359E0,2.097158452767E1,
-7.595631509584E1));
#11143=CARTESIAN_POINT('',(-1.970000050286E0,3.090884343643E1,
-9.636897498274E1));
#11144=CARTESIAN_POINT('',(-1.970000015633E0,3.084942359623E1,
-9.631967230180E1));
#11145=CARTESIAN_POINT('',(-1.969999872617E0,2.984074259457E1,
-9.547751028596E1));
#11146=CARTESIAN_POINT('',(-1.970000254743E0,2.795720139294E1,
-9.372422534821E1));
#11147=CARTESIAN_POINT('',(-1.969999690821E0,2.553644933180E1,
-9.088691253603E1));
#11148=CARTESIAN_POINT('',(-1.970001089587E0,2.344222025659E1,
-8.760567334447E1));
#11149=CARTESIAN_POINT('',(-1.969996268025E0,2.185186121478E1,
-8.390943317900E1));
#11150=CARTESIAN_POINT('',(-1.970004718755E0,2.091734082943E1,
-7.999929688615E1));
#11151=CARTESIAN_POINT('',(-1.969982710263E0,2.071025509269E1,
-7.728468441109E1));
#11152=CARTESIAN_POINT('',(-1.969995414003E0,2.070408240665E1,
-7.595756207238E1));
#11153=CARTESIAN_POINT('',(-1.970000050286E0,3.065931257366E1,
-9.666971056682E1));
#11154=CARTESIAN_POINT('',(-1.970000015633E0,3.059928047402E1,
-9.661989985865E1));
#11155=CARTESIAN_POINT('',(-1.969999872617E0,2.958014784088E1,
-9.576901181959E1));
#11156=CARTESIAN_POINT('',(-1.970000254743E0,2.767510923880E1,
-9.399588959040E1));
#11157=CARTESIAN_POINT('',(-1.969999690821E0,2.522191208662E1,
-9.112090742677E1));
#11158=CARTESIAN_POINT('',(-1.970001089587E0,2.309561328667E1,
-8.778988370297E1));
#11159=CARTESIAN_POINT('',(-1.969996268025E0,2.147905606427E1,
-8.403301003800E1));
#11160=CARTESIAN_POINT('',(-1.970004718755E0,2.052952570649E1,
-8.005936725755E1));
#11161=CARTESIAN_POINT('',(-1.969982710263E0,2.031957153169E1,
-7.730469547654E1));
#11162=CARTESIAN_POINT('',(-1.969995414003E0,2.031330999859E1,
-7.595938368046E1));
#11163=CARTESIAN_POINT('',(-1.970000050286E0,3.040978171088E1,
-9.697044615091E1));
#11164=CARTESIAN_POINT('',(-1.970000015633E0,3.034913735182E1,
-9.692012741551E1));
#11165=CARTESIAN_POINT('',(-1.969999872617E0,2.931955308718E1,
-9.606051335321E1));
#11166=CARTESIAN_POINT('',(-1.970000254743E0,2.739301708466E1,
-9.426755383260E1));
#11167=CARTESIAN_POINT('',(-1.969999690821E0,2.490737484143E1,
-9.135490231752E1));
#11168=CARTESIAN_POINT('',(-1.970001089587E0,2.274900631676E1,
-8.797409406148E1));
#11169=CARTESIAN_POINT('',(-1.969996268025E0,2.110625091377E1,
-8.415658689701E1));
#11170=CARTESIAN_POINT('',(-1.970004718755E0,2.014171058355E1,
-8.011943762894E1));
#11171=CARTESIAN_POINT('',(-1.969982710263E0,1.992888797069E1,
-7.732470654198E1));
#11172=CARTESIAN_POINT('',(-1.969995414003E0,1.992253759053E1,
-7.596120528854E1));
#11173=CARTESIAN_POINT('',(-1.685135045777E0,3.023896608093E1,
-9.717631382465E1));
#11174=CARTESIAN_POINT('',(-1.685135026669E0,3.017790260144E1,
-9.712564732067E1));
#11175=CARTESIAN_POINT('',(-1.685134947811E0,2.914116370272E1,
-9.626005988443E1));
#11176=CARTESIAN_POINT('',(-1.685135158513E0,2.719991171693E1,
-9.445352080337E1));
#11177=CARTESIAN_POINT('',(-1.685134847570E0,2.469205928053E1,
-9.151508284278E1));
#11178=CARTESIAN_POINT('',(-1.685135618840E0,2.251173751861E1,
-8.810019472928E1));
#11179=CARTESIAN_POINT('',(-1.685132960262E0,2.085104822692E1,
-8.424118107820E1));
#11180=CARTESIAN_POINT('',(-1.685137619941E0,1.987623286350E1,
-8.016055862783E1));
#11181=CARTESIAN_POINT('',(-1.685125484597E0,1.966144666968E1,
-7.733840505891E1));
#11182=CARTESIAN_POINT('',(-1.685132489359E0,1.965503546951E1,
-7.596245226508E1));
#11183=CARTESIAN_POINT('',(-1.295128016941E0,3.025463425344E1,
-9.715743048108E1));
#11184=CARTESIAN_POINT('',(-1.295128019117E0,3.019360921804E1,
-9.710679587640E1));
#11185=CARTESIAN_POINT('',(-1.295128028097E0,2.915752658269E1,
-9.624175635169E1));
#11186=CARTESIAN_POINT('',(-1.295128004103E0,2.721762442984E1,
-9.443646286447E1));
#11187=CARTESIAN_POINT('',(-1.295128039512E0,2.471180923757E1,
-9.150039018202E1));
#11188=CARTESIAN_POINT('',(-1.295127951683E0,2.253350115032E1,
-8.808862806516E1));
#11189=CARTESIAN_POINT('',(-1.295128254432E0,2.087445685600E1,
-8.423342162302E1));
#11190=CARTESIAN_POINT('',(-1.295127723806E0,1.990058397656E1,
-8.015678677801E1));
#11191=CARTESIAN_POINT('',(-1.295129105730E0,1.968597789345E1,
-7.733714855372E1));
#11192=CARTESIAN_POINT('',(-1.295128308056E0,1.967957227203E1,
-7.596233788536E1));
#11193=(BOUNDED_SURFACE()B_SPLINE_SURFACE(3,3,((#11123,#11124,#11125,#11126,
#11127,#11128,#11129,#11130,#11131,#11132),(#11133,#11134,#11135,#11136,#11137,
#11138,#11139,#11140,#11141,#11142),(#11143,#11144,#11145,#11146,#11147,#11148,
#11149,#11150,#11151,#11152),(#11153,#11154,#11155,#11156,#11157,#11158,#11159,
#11160,#11161,#11162),(#11163,#11164,#11165,#11166,#11167,#11168,#11169,#11170,
#11171,#11172),(#11173,#11174,#11175,#11176,#11177,#11178,#11179,#11180,#11181,
#11182),(#11183,#11184,#11185,#11186,#11187,#11188,#11189,#11190,#11191,
#11192)),.UNSPECIFIED.,.F.,.F.,.F.)B_SPLINE_SURFACE_WITH_KNOTS((4,3,4),(4,1,1,1,
1,1,1,4),(0.E0,1.E0,2.E0),(-8.555272398898E-3,0.E0,1.373177767035E-1,
2.860787014657E-1,4.505661686480E-1,6.287609247622E-1,8.069556808763E-1,
9.690123588950E-1),.UNSPECIFIED.)GEOMETRIC_REPRESENTATION_ITEM()RATIONAL_B_SPLINE_SURFACE(((1.187262732494E0,1.187262732494E0,1.187262732494E0,1.187262732494E0,
1.187262732494E0,1.187262732494E0,1.187262732494E0,1.187262732494E0,
1.187262732494E0,1.187262732494E0),(9.375790891686E-1,9.375790891686E-1,
9.375790891686E-1,9.375790891686E-1,9.375790891686E-1,9.375790891686E-1,
9.375790891686E-1,9.375790891686E-1,9.375790891686E-1,9.375790891686E-1),(
9.375790891686E-1,9.375790891686E-1,9.375790891686E-1,9.375790891686E-1,
9.375790891686E-1,9.375790891686E-1,9.375790891686E-1,9.375790891686E-1,
9.375790891686E-1,9.375790891686E-1),(1.187262732494E0,1.187262732494E0,
1.187262732494E0,1.187262732494E0,1.187262732494E0,1.187262732494E0,
1.187262732494E0,1.187262732494E0,1.187262732494E0,1.187262732494E0),(
9.375790891686E-1,9.375790891686E-1,9.375790891686E-1,9.375790891686E-1,
9.375790891686E-1,9.375790891686E-1,9.375790891686E-1,9.375790891686E-1,
9.375790891686E-1,9.375790891686E-1),(9.375790891686E-1,9.375790891686E-1,
9.375790891686E-1,9.375790891686E-1,9.375790891686E-1,9.375790891686E-1,
9.375790891686E-1,9.375790891686E-1,9.375790891686E-1,9.375790891686E-1),(
1.187262732494E0,1.187262732494E0,1.187262732494E0,1.187262732494E0,
1.187262732494E0,1.187262732494E0,1.187262732494E0,1.187262732494E0,
1.187262732494E0,1.187262732494E0)))REPRESENTATION_ITEM('')SURFACE());
#11195=ORIENTED_EDGE('',*,*,#11194,.T.);
#11196=ORIENTED_EDGE('',*,*,#7236,.F.);
#11198=ORIENTED_EDGE('',*,*,#11197,.F.);
#11200=ORIENTED_EDGE('',*,*,#11199,.F.);
#11201=EDGE_LOOP('',(#11195,#11196,#11198,#11200));
#11202=FACE_OUTER_BOUND('',#11201,.F.);
#11204=CARTESIAN_POINT('',(-1.374871983059E0,3.025463425344E1,
-9.715743048108E1));
#11205=CARTESIAN_POINT('',(-1.374871980883E0,3.019360921804E1,
-9.710679587640E1));
#11206=CARTESIAN_POINT('',(-1.374871971903E0,2.915752658269E1,
-9.624175635169E1));
#11207=CARTESIAN_POINT('',(-1.374871995897E0,2.721762442984E1,
-9.443646286447E1));
#11208=CARTESIAN_POINT('',(-1.374871960488E0,2.471180923757E1,
-9.150039018202E1));
#11209=CARTESIAN_POINT('',(-1.374872048317E0,2.253350115032E1,
-8.808862806516E1));
#11210=CARTESIAN_POINT('',(-1.374871745568E0,2.087445685600E1,
-8.423342162302E1));
#11211=CARTESIAN_POINT('',(-1.374872276194E0,1.990058397656E1,
-8.015678677801E1));
#11212=CARTESIAN_POINT('',(-1.374870894270E0,1.968597789345E1,
-7.733714855372E1));
#11213=CARTESIAN_POINT('',(-1.374871691944E0,1.967957227203E1,
-7.596233788536E1));
#11214=CARTESIAN_POINT('',(-9.848649542234E-1,3.023896608093E1,
-9.717631382465E1));
#11215=CARTESIAN_POINT('',(-9.848649733313E-1,3.017790260144E1,
-9.712564732067E1));
#11216=CARTESIAN_POINT('',(-9.848650521890E-1,2.914116370272E1,
-9.626005988443E1));
#11217=CARTESIAN_POINT('',(-9.848648414875E-1,2.719991171693E1,
-9.445352080337E1));
#11218=CARTESIAN_POINT('',(-9.848651524304E-1,2.469205928053E1,
-9.151508284278E1));
#11219=CARTESIAN_POINT('',(-9.848643811598E-1,2.251173751861E1,
-8.810019472928E1));
#11220=CARTESIAN_POINT('',(-9.848670397385E-1,2.085104822692E1,
-8.424118107820E1));
#11221=CARTESIAN_POINT('',(-9.848623800593E-1,1.987623286350E1,
-8.016055862783E1));
#11222=CARTESIAN_POINT('',(-9.848745154033E-1,1.966144666968E1,
-7.733840505891E1));
#11223=CARTESIAN_POINT('',(-9.848675106409E-1,1.965503546951E1,
-7.596245226508E1));
#11224=CARTESIAN_POINT('',(-6.999999497136E-1,3.040978171088E1,
-9.697044615091E1));
#11225=CARTESIAN_POINT('',(-6.999999843673E-1,3.034913735182E1,
-9.692012741551E1));
#11226=CARTESIAN_POINT('',(-7.000001273826E-1,2.931955308718E1,
-9.606051335321E1));
#11227=CARTESIAN_POINT('',(-6.999997452572E-1,2.739301708466E1,
-9.426755383260E1));
#11228=CARTESIAN_POINT('',(-7.000003091790E-1,2.490737484143E1,
-9.135490231752E1));
#11229=CARTESIAN_POINT('',(-6.999989104133E-1,2.274900631676E1,
-8.797409406148E1));
#11230=CARTESIAN_POINT('',(-7.000037319747E-1,2.110625091377E1,
-8.415658689701E1));
#11231=CARTESIAN_POINT('',(-6.999952812453E-1,2.014171058355E1,
-8.011943762894E1));
#11232=CARTESIAN_POINT('',(-7.000172897365E-1,1.992888797069E1,
-7.732470654198E1));
#11233=CARTESIAN_POINT('',(-7.000045859966E-1,1.992253759053E1,
-7.596120528854E1));
#11234=CARTESIAN_POINT('',(-6.999999497136E-1,3.065931257366E1,
-9.666971056682E1));
#11235=CARTESIAN_POINT('',(-6.999999843673E-1,3.059928047402E1,
-9.661989985865E1));
#11236=CARTESIAN_POINT('',(-7.000001273826E-1,2.958014784088E1,
-9.576901181959E1));
#11237=CARTESIAN_POINT('',(-6.999997452572E-1,2.767510923880E1,
-9.399588959040E1));
#11238=CARTESIAN_POINT('',(-7.000003091790E-1,2.522191208662E1,
-9.112090742677E1));
#11239=CARTESIAN_POINT('',(-6.999989104133E-1,2.309561328667E1,
-8.778988370297E1));
#11240=CARTESIAN_POINT('',(-7.000037319747E-1,2.147905606427E1,
-8.403301003800E1));
#11241=CARTESIAN_POINT('',(-6.999952812453E-1,2.052952570649E1,
-8.005936725755E1));
#11242=CARTESIAN_POINT('',(-7.000172897365E-1,2.031957153169E1,
-7.730469547654E1));
#11243=CARTESIAN_POINT('',(-7.000045859966E-1,2.031330999859E1,
-7.595938368046E1));
#11244=CARTESIAN_POINT('',(-6.999999497136E-1,3.090884343643E1,
-9.636897498274E1));
#11245=CARTESIAN_POINT('',(-6.999999843673E-1,3.084942359623E1,
-9.631967230180E1));
#11246=CARTESIAN_POINT('',(-7.000001273826E-1,2.984074259457E1,
-9.547751028596E1));
#11247=CARTESIAN_POINT('',(-6.999997452572E-1,2.795720139294E1,
-9.372422534821E1));
#11248=CARTESIAN_POINT('',(-7.000003091790E-1,2.553644933180E1,
-9.088691253603E1));
#11249=CARTESIAN_POINT('',(-6.999989104133E-1,2.344222025659E1,
-8.760567334447E1));
#11250=CARTESIAN_POINT('',(-7.000037319747E-1,2.185186121478E1,
-8.390943317900E1));
#11251=CARTESIAN_POINT('',(-6.999952812453E-1,2.091734082943E1,
-7.999929688615E1));
#11252=CARTESIAN_POINT('',(-7.000172897365E-1,2.071025509269E1,
-7.728468441109E1));
#11253=CARTESIAN_POINT('',(-7.000045859966E-1,2.070408240665E1,
-7.595756207238E1));
#11254=CARTESIAN_POINT('',(-9.848649542234E-1,3.107965906638E1,
-9.616310730900E1));
#11255=CARTESIAN_POINT('',(-9.848649733313E-1,3.102065834660E1,
-9.611415239664E1));
#11256=CARTESIAN_POINT('',(-9.848650521890E-1,3.001913197903E1,
-9.527796375474E1));
#11257=CARTESIAN_POINT('',(-9.848648414875E-1,2.815030676067E1,
-9.353825837743E1));
#11258=CARTESIAN_POINT('',(-9.848651524304E-1,2.575176489270E1,
-9.072673201076E1));
#11259=CARTESIAN_POINT('',(-9.848643811598E-1,2.367948905474E1,
-8.747957267667E1));
#11260=CARTESIAN_POINT('',(-9.848670397385E-1,2.210706390163E1,
-8.382483899781E1));
#11261=CARTESIAN_POINT('',(-9.848623800593E-1,2.118281854947E1,
-7.995817588726E1));
#11262=CARTESIAN_POINT('',(-9.848745154033E-1,2.097769639370E1,
-7.727098589416E1));
#11263=CARTESIAN_POINT('',(-9.848675106409E-1,2.097158452767E1,
-7.595631509584E1));
#11264=CARTESIAN_POINT('',(-1.374871983059E0,3.106399089387E1,
-9.618199065257E1));
#11265=CARTESIAN_POINT('',(-1.374871980883E0,3.100495173E1,-9.613300384091E1));
#11266=CARTESIAN_POINT('',(-1.374871971903E0,3.000276909906E1,
-9.529626728748E1));
#11267=CARTESIAN_POINT('',(-1.374871995897E0,2.813259404776E1,
-9.355531631634E1));
#11268=CARTESIAN_POINT('',(-1.374871960488E0,2.573201493566E1,
-9.074142467152E1));
#11269=CARTESIAN_POINT('',(-1.374872048317E0,2.365772542302E1,
-8.749113934078E1));
#11270=CARTESIAN_POINT('',(-1.374871745568E0,2.208365527255E1,
-8.383259845298E1));
#11271=CARTESIAN_POINT('',(-1.374872276194E0,2.115846743642E1,
-7.996194773709E1));
#11272=CARTESIAN_POINT('',(-1.374870894270E0,2.095316516993E1,
-7.727224239935E1));
#11273=CARTESIAN_POINT('',(-1.374871691944E0,2.094704772515E1,
-7.595642947556E1));
#11274=(BOUNDED_SURFACE()B_SPLINE_SURFACE(3,3,((#11204,#11205,#11206,#11207,
#11208,#11209,#11210,#11211,#11212,#11213),(#11214,#11215,#11216,#11217,#11218,
#11219,#11220,#11221,#11222,#11223),(#11224,#11225,#11226,#11227,#11228,#11229,
#11230,#11231,#11232,#11233),(#11234,#11235,#11236,#11237,#11238,#11239,#11240,
#11241,#11242,#11243),(#11244,#11245,#11246,#11247,#11248,#11249,#11250,#11251,
#11252,#11253),(#11254,#11255,#11256,#11257,#11258,#11259,#11260,#11261,#11262,
#11263),(#11264,#11265,#11266,#11267,#11268,#11269,#11270,#11271,#11272,
#11273)),.UNSPECIFIED.,.F.,.F.,.F.)B_SPLINE_SURFACE_WITH_KNOTS((4,3,4),(4,1,1,1,
1,1,1,4),(0.E0,1.E0,2.E0),(-8.555272398898E-3,0.E0,1.373177767035E-1,
2.860787014657E-1,4.505661686480E-1,6.287609247622E-1,8.069556808763E-1,
9.690123588950E-1),.UNSPECIFIED.)GEOMETRIC_REPRESENTATION_ITEM()RATIONAL_B_SPLINE_SURFACE(((1.187262732494E0,1.187262732494E0,1.187262732494E0,1.187262732494E0,
1.187262732494E0,1.187262732494E0,1.187262732494E0,1.187262732494E0,
1.187262732494E0,1.187262732494E0),(9.375790891686E-1,9.375790891686E-1,
9.375790891686E-1,9.375790891686E-1,9.375790891686E-1,9.375790891686E-1,
9.375790891686E-1,9.375790891686E-1,9.375790891686E-1,9.375790891686E-1),(
9.375790891686E-1,9.375790891686E-1,9.375790891686E-1,9.375790891686E-1,
9.375790891686E-1,9.375790891686E-1,9.375790891686E-1,9.375790891686E-1,
9.375790891686E-1,9.375790891686E-1),(1.187262732494E0,1.187262732494E0,
1.187262732494E0,1.187262732494E0,1.187262732494E0,1.187262732494E0,
1.187262732494E0,1.187262732494E0,1.187262732494E0,1.187262732494E0),(
9.375790891686E-1,9.375790891686E-1,9.375790891686E-1,9.375790891686E-1,
9.375790891686E-1,9.375790891686E-1,9.375790891686E-1,9.375790891686E-1,
9.375790891686E-1,9.375790891686E-1),(9.375790891686E-1,9.375790891686E-1,
9.375790891686E-1,9.375790891686E-1,9.375790891686E-1,9.375790891686E-1,
9.375790891686E-1,9.375790891686E-1,9.375790891686E-1,9.375790891686E-1),(
1.187262732494E0,1.187262732494E0,1.187262732494E0,1.187262732494E0,
1.187262732494E0,1.187262732494E0,1.187262732494E0,1.187262732494E0,
1.187262732494E0,1.187262732494E0)))REPRESENTATION_ITEM('')SURFACE());
#11275=ORIENTED_EDGE('',*,*,#11194,.F.);
#11277=ORIENTED_EDGE('',*,*,#11276,.F.);
#11278=ORIENTED_EDGE('',*,*,#11197,.T.);
#11279=ORIENTED_EDGE('',*,*,#7238,.F.);
#11280=EDGE_LOOP('',(#11275,#11277,#11278,#11279));
#11281=FACE_OUTER_BOUND('',#11280,.F.);
#11283=CARTESIAN_POINT('',(-1.335E0,3.048E1,-9.652E1));
#11284=DIRECTION('',(0.E0,-7.656525305520E-1,6.432543839410E-1));
#11285=DIRECTION('',(0.E0,6.432543839410E-1,7.656525305520E-1));
#11286=AXIS2_PLACEMENT_3D('',#11283,#11284,#11285);
#11287=PLANE('',#11286);
#11288=ORIENTED_EDGE('',*,*,#11199,.T.);
#11289=ORIENTED_EDGE('',*,*,#11276,.T.);
#11290=EDGE_LOOP('',(#11288,#11289));
#11291=FACE_OUTER_BOUND('',#11290,.F.);
#11293=CARTESIAN_POINT('',(1.295128016662E0,3.024749278933E1,
-9.970485073993E1));
#11294=CARTESIAN_POINT('',(1.295128019023E0,3.018222482150E1,
-9.964597221187E1));
#11295=CARTESIAN_POINT('',(1.295128029002E0,2.906162876257E1,
-9.862874876601E1));
#11296=CARTESIAN_POINT('',(1.295128000316E0,2.697585892953E1,
-9.651375504150E1));
#11297=CARTESIAN_POINT('',(1.295128037475E0,2.435624812525E1,
-9.314008912071E1));
#11298=CARTESIAN_POINT('',(1.295127967274E0,2.215303818267E1,
-8.929604043175E1));
#11299=CARTESIAN_POINT('',(1.295128230143E0,2.054994426460E1,
-8.503574789885E1));
#11300=CARTESIAN_POINT('',(1.295127791809E0,1.968470749474E1,
-8.053357811740E1));
#11301=CARTESIAN_POINT('',(1.295128964860E0,1.958658906515E1,
-7.742673287876E1));
#11302=CARTESIAN_POINT('',(1.295128236748E0,1.964843438448E1,
-7.589687764404E1));
#11303=CARTESIAN_POINT('',(1.685135048226E0,3.023105711910E1,
-9.972306998916E1));
#11304=CARTESIAN_POINT('',(1.685135027497E0,3.016575150685E1,
-9.966415750090E1));
#11305=CARTESIAN_POINT('',(1.685134939863E0,2.904450556066E1,
-9.864634413085E1));
#11306=CARTESIAN_POINT('',(1.685135191774E0,2.695740354867E1,
-9.653001147916E1));
#11307=CARTESIAN_POINT('',(1.685134865461E0,2.433583267269E1,
-9.315384558342E1));
#11308=CARTESIAN_POINT('',(1.685135481927E0,2.213075369172E1,
-8.930656464063E1));
#11309=CARTESIAN_POINT('',(1.685133173552E0,2.052620843707E1,
-8.504242990866E1));
#11310=CARTESIAN_POINT('',(1.685137022772E0,1.966021190544E1,
-8.053625322193E1));
#11311=CARTESIAN_POINT('',(1.685126721648E0,1.956202570364E1,
-7.742689273354E1));
#11312=CARTESIAN_POINT('',(1.685133115551E0,1.962391731625E1,
-7.589588656419E1));
#11313=CARTESIAN_POINT('',(1.970000054728E0,3.041024006859E1,
-9.952444232323E1));
#11314=CARTESIAN_POINT('',(1.970000017135E0,3.034534485875E1,
-9.946590007181E1));
#11315=CARTESIAN_POINT('',(1.969999858203E0,2.923118403376E1,
-9.845451810090E1));
#11316=CARTESIAN_POINT('',(1.970000315066E0,2.715860553985E1,
-9.635278253708E1));
#11317=CARTESIAN_POINT('',(1.969999723269E0,2.455840351724E1,
-9.300387156180E1));
#11318=CARTESIAN_POINT('',(1.970000841284E0,2.237370093761E1,
-8.919182890050E1));
#11319=CARTESIAN_POINT('',(1.969996654846E0,2.078497826677E1,
-8.496958212031E1));
#11320=CARTESIAN_POINT('',(1.970003635737E0,1.992726471681E1,
-8.050708902525E1));
#11321=CARTESIAN_POINT('',(1.969984953762E0,1.982981737280E1,
-7.742514998440E1));
#11322=CARTESIAN_POINT('',(1.969996549657E0,1.989120429252E1,
-7.590669139342E1));
#11323=CARTESIAN_POINT('',(1.970000054728E0,3.067199407782E1,
-9.923428308625E1));
#11324=CARTESIAN_POINT('',(1.970000017135E0,3.060769839198E1,
-9.917628168417E1));
#11325=CARTESIAN_POINT('',(1.969999858203E0,2.950388765267E1,
-9.817429482878E1));
#11326=CARTESIAN_POINT('',(1.970000315066E0,2.745252540225E1,
-9.609388298066E1));
#11327=CARTESIAN_POINT('',(1.969999723269E0,2.488353942479E1,
-9.278478653417E1));
#11328=CARTESIAN_POINT('',(1.970000841284E0,2.272860309670E1,
-8.902422065392E1));
#11329=CARTESIAN_POINT('',(1.969996654846E0,2.116299437035E1,
-8.486316462513E1));
#11330=CARTESIAN_POINT('',(1.970003635737E0,2.031738076444E1,
-8.046448538785E1));
#11331=CARTESIAN_POINT('',(1.969984953762E0,2.022101275855E1,
-7.742260414187E1));
#11332=CARTESIAN_POINT('',(1.969996549657E0,2.028166241287E1,
-7.592247530241E1));
#11333=CARTESIAN_POINT('',(1.970000054728E0,3.093374808705E1,
-9.894412384927E1));
#11334=CARTESIAN_POINT('',(1.970000017135E0,3.087005192521E1,
-9.888666329653E1));
#11335=CARTESIAN_POINT('',(1.969999858203E0,2.977659127158E1,
-9.789407155665E1));
#11336=CARTESIAN_POINT('',(1.970000315066E0,2.774644526466E1,
-9.583498342424E1));
#11337=CARTESIAN_POINT('',(1.969999723269E0,2.520867533235E1,
-9.256570150655E1));
#11338=CARTESIAN_POINT('',(1.970000841284E0,2.308350525578E1,
-8.885661240734E1));
#11339=CARTESIAN_POINT('',(1.969996654846E0,2.154101047393E1,
-8.475674712995E1));
#11340=CARTESIAN_POINT('',(1.970003635737E0,2.070749681206E1,
-8.042188175046E1));
#11341=CARTESIAN_POINT('',(1.969984953762E0,2.061220814430E1,
-7.742005829934E1));
#11342=CARTESIAN_POINT('',(1.969996549657E0,2.067212053323E1,
-7.593825921140E1));
#11343=CARTESIAN_POINT('',(1.685135048226E0,3.111293103654E1,
-9.874549618334E1));
#11344=CARTESIAN_POINT('',(1.685135027497E0,3.104964527712E1,
-9.868840586745E1));
#11345=CARTESIAN_POINT('',(1.685134939863E0,2.996326974468E1,
-9.770224552671E1));
#11346=CARTESIAN_POINT('',(1.685135191774E0,2.794764725584E1,
-9.565775448216E1));
#11347=CARTESIAN_POINT('',(1.685134865461E0,2.543124617689E1,
-9.241572748493E1));
#11348=CARTESIAN_POINT('',(1.685135481927E0,2.332645250167E1,
-8.874187666721E1));
#11349=CARTESIAN_POINT('',(1.685133173552E0,2.179978030363E1,
-8.468389934160E1));
#11350=CARTESIAN_POINT('',(1.685137022772E0,2.097454962344E1,
-8.039271755378E1));
#11351=CARTESIAN_POINT('',(1.685126721648E0,2.087999981347E1,
-7.741831555020E1));
#11352=CARTESIAN_POINT('',(1.685133115551E0,2.093940750950E1,
-7.594906404063E1));
#11353=CARTESIAN_POINT('',(1.295128016662E0,3.109649536631E1,
-9.876371543258E1));
#11354=CARTESIAN_POINT('',(1.295128019023E0,3.103317196247E1,
-9.870659115648E1));
#11355=CARTESIAN_POINT('',(1.295128029002E0,2.994614654277E1,
-9.771984089155E1));
#11356=CARTESIAN_POINT('',(1.295128000316E0,2.792919187498E1,
-9.567401091981E1));
#11357=CARTESIAN_POINT('',(1.295128037475E0,2.541083072434E1,
-9.242948394764E1));
#11358=CARTESIAN_POINT('',(1.295127967274E0,2.330416801072E1,
-8.875240087609E1));
#11359=CARTESIAN_POINT('',(1.295128230143E0,2.177604447609E1,
-8.469058135141E1));
#11360=CARTESIAN_POINT('',(1.295127791809E0,2.095005403413E1,
-8.039539265830E1));
#11361=CARTESIAN_POINT('',(1.295128964860E0,2.085543645196E1,
-7.741847540498E1));
#11362=CARTESIAN_POINT('',(1.295128236748E0,2.091489044127E1,
-7.594807296078E1));
#11363=(BOUNDED_SURFACE()B_SPLINE_SURFACE(3,3,((#11293,#11294,#11295,#11296,
#11297,#11298,#11299,#11300,#11301,#11302),(#11303,#11304,#11305,#11306,#11307,
#11308,#11309,#11310,#11311,#11312),(#11313,#11314,#11315,#11316,#11317,#11318,
#11319,#11320,#11321,#11322),(#11323,#11324,#11325,#11326,#11327,#11328,#11329,
#11330,#11331,#11332),(#11333,#11334,#11335,#11336,#11337,#11338,#11339,#11340,
#11341,#11342),(#11343,#11344,#11345,#11346,#11347,#11348,#11349,#11350,#11351,
#11352),(#11353,#11354,#11355,#11356,#11357,#11358,#11359,#11360,#11361,
#11362)),.UNSPECIFIED.,.F.,.F.,.F.)B_SPLINE_SURFACE_WITH_KNOTS((4,3,4),(4,1,1,1,
1,1,1,4),(0.E0,1.E0,2.E0),(-8.659965250918E-3,0.E0,1.407034331625E-1,
2.931321524219E-1,4.559945045039E-1,6.324287192594E-1,8.088629340149E-1,
9.731412445173E-1),.UNSPECIFIED.)GEOMETRIC_REPRESENTATION_ITEM()RATIONAL_B_SPLINE_SURFACE(((1.187262732494E0,1.187262732494E0,1.187262732494E0,1.187262732494E0,
1.187262732494E0,1.187262732494E0,1.187262732494E0,1.187262732494E0,
1.187262732494E0,1.187262732494E0),(9.375790891686E-1,9.375790891686E-1,
9.375790891686E-1,9.375790891686E-1,9.375790891686E-1,9.375790891686E-1,
9.375790891686E-1,9.375790891686E-1,9.375790891686E-1,9.375790891686E-1),(
9.375790891686E-1,9.375790891686E-1,9.375790891686E-1,9.375790891686E-1,
9.375790891686E-1,9.375790891686E-1,9.375790891686E-1,9.375790891686E-1,
9.375790891686E-1,9.375790891686E-1),(1.187262732494E0,1.187262732494E0,
1.187262732494E0,1.187262732494E0,1.187262732494E0,1.187262732494E0,
1.187262732494E0,1.187262732494E0,1.187262732494E0,1.187262732494E0),(
9.375790891686E-1,9.375790891686E-1,9.375790891686E-1,9.375790891686E-1,
9.375790891686E-1,9.375790891686E-1,9.375790891686E-1,9.375790891686E-1,
9.375790891686E-1,9.375790891686E-1),(9.375790891686E-1,9.375790891686E-1,
9.375790891686E-1,9.375790891686E-1,9.375790891686E-1,9.375790891686E-1,
9.375790891686E-1,9.375790891686E-1,9.375790891686E-1,9.375790891686E-1),(
1.187262732494E0,1.187262732494E0,1.187262732494E0,1.187262732494E0,
1.187262732494E0,1.187262732494E0,1.187262732494E0,1.187262732494E0,
1.187262732494E0,1.187262732494E0)))REPRESENTATION_ITEM('')SURFACE());
#11365=ORIENTED_EDGE('',*,*,#11364,.F.);
#11367=ORIENTED_EDGE('',*,*,#11366,.F.);
#11369=ORIENTED_EDGE('',*,*,#11368,.T.);
#11370=ORIENTED_EDGE('',*,*,#7242,.F.);
#11371=EDGE_LOOP('',(#11365,#11367,#11369,#11370));
#11372=FACE_OUTER_BOUND('',#11371,.F.);
#11374=CARTESIAN_POINT('',(1.374871983338E0,3.109649536631E1,
-9.876371543258E1));
#11375=CARTESIAN_POINT('',(1.374871980977E0,3.103317196247E1,
-9.870659115648E1));
#11376=CARTESIAN_POINT('',(1.374871970998E0,2.994614654277E1,
-9.771984089155E1));
#11377=CARTESIAN_POINT('',(1.374871999684E0,2.792919187498E1,
-9.567401091981E1));
#11378=CARTESIAN_POINT('',(1.374871962525E0,2.541083072434E1,
-9.242948394764E1));
#11379=CARTESIAN_POINT('',(1.374872032726E0,2.330416801072E1,
-8.875240087609E1));
#11380=CARTESIAN_POINT('',(1.374871769857E0,2.177604447609E1,
-8.469058135141E1));
#11381=CARTESIAN_POINT('',(1.374872208191E0,2.095005403413E1,
-8.039539265830E1));
#11382=CARTESIAN_POINT('',(1.374871035140E0,2.085543645196E1,
-7.741847540498E1));
#11383=CARTESIAN_POINT('',(1.374871763252E0,2.091489044127E1,
-7.594807296078E1));
#11384=CARTESIAN_POINT('',(9.848649517743E-1,3.111293103654E1,
-9.874549618334E1));
#11385=CARTESIAN_POINT('',(9.848649725028E-1,3.104964527712E1,
-9.868840586745E1));
#11386=CARTESIAN_POINT('',(9.848650601373E-1,2.996326974468E1,
-9.770224552671E1));
#11387=CARTESIAN_POINT('',(9.848648082255E-1,2.794764725584E1,
-9.565775448216E1));
#11388=CARTESIAN_POINT('',(9.848651345387E-1,2.543124617689E1,
-9.241572748493E1));
#11389=CARTESIAN_POINT('',(9.848645180726E-1,2.332645250167E1,
-8.874187666721E1));
#11390=CARTESIAN_POINT('',(9.848668264478E-1,2.179978030363E1,
-8.468389934160E1));
#11391=CARTESIAN_POINT('',(9.848629772285E-1,2.097454962344E1,
-8.039271755378E1));
#11392=CARTESIAN_POINT('',(9.848732783525E-1,2.087999981347E1,
-7.741831555020E1));
#11393=CARTESIAN_POINT('',(9.848668844488E-1,2.093940750950E1,
-7.594906404063E1));
#11394=CARTESIAN_POINT('',(6.999999452718E-1,3.093374808705E1,
-9.894412384927E1));
#11395=CARTESIAN_POINT('',(6.999999828648E-1,3.087005192521E1,
-9.888666329653E1));
#11396=CARTESIAN_POINT('',(7.000001417974E-1,2.977659127158E1,
-9.789407155665E1));
#11397=CARTESIAN_POINT('',(6.999996849338E-1,2.774644526466E1,
-9.583498342424E1));
#11398=CARTESIAN_POINT('',(7.000002767309E-1,2.520867533235E1,
-9.256570150655E1));
#11399=CARTESIAN_POINT('',(6.999991587165E-1,2.308350525578E1,
-8.885661240734E1));
#11400=CARTESIAN_POINT('',(7.000033451536E-1,2.154101047393E1,
-8.475674712995E1));
#11401=CARTESIAN_POINT('',(6.999963642630E-1,2.070749681206E1,
-8.042188175046E1));
#11402=CARTESIAN_POINT('',(7.000150462382E-1,2.061220814430E1,
-7.742005829934E1));
#11403=CARTESIAN_POINT('',(7.000034503434E-1,2.067212053323E1,
-7.593825921140E1));
#11404=CARTESIAN_POINT('',(6.999999452718E-1,3.067199407782E1,
-9.923428308625E1));
#11405=CARTESIAN_POINT('',(6.999999828648E-1,3.060769839198E1,
-9.917628168417E1));
#11406=CARTESIAN_POINT('',(7.000001417974E-1,2.950388765267E1,
-9.817429482878E1));
#11407=CARTESIAN_POINT('',(6.999996849338E-1,2.745252540225E1,
-9.609388298066E1));
#11408=CARTESIAN_POINT('',(7.000002767309E-1,2.488353942479E1,
-9.278478653417E1));
#11409=CARTESIAN_POINT('',(6.999991587165E-1,2.272860309670E1,
-8.902422065392E1));
#11410=CARTESIAN_POINT('',(7.000033451536E-1,2.116299437035E1,
-8.486316462513E1));
#11411=CARTESIAN_POINT('',(6.999963642630E-1,2.031738076444E1,
-8.046448538785E1));
#11412=CARTESIAN_POINT('',(7.000150462382E-1,2.022101275855E1,
-7.742260414187E1));
#11413=CARTESIAN_POINT('',(7.000034503434E-1,2.028166241287E1,
-7.592247530241E1));
#11414=CARTESIAN_POINT('',(6.999999452718E-1,3.041024006859E1,
-9.952444232323E1));
#11415=CARTESIAN_POINT('',(6.999999828648E-1,3.034534485875E1,
-9.946590007181E1));
#11416=CARTESIAN_POINT('',(7.000001417974E-1,2.923118403376E1,
-9.845451810090E1));
#11417=CARTESIAN_POINT('',(6.999996849338E-1,2.715860553985E1,
-9.635278253708E1));
#11418=CARTESIAN_POINT('',(7.000002767309E-1,2.455840351724E1,
-9.300387156180E1));
#11419=CARTESIAN_POINT('',(6.999991587165E-1,2.237370093761E1,
-8.919182890050E1));
#11420=CARTESIAN_POINT('',(7.000033451536E-1,2.078497826677E1,
-8.496958212031E1));
#11421=CARTESIAN_POINT('',(6.999963642630E-1,1.992726471681E1,
-8.050708902525E1));
#11422=CARTESIAN_POINT('',(7.000150462382E-1,1.982981737280E1,
-7.742514998440E1));
#11423=CARTESIAN_POINT('',(7.000034503434E-1,1.989120429252E1,
-7.590669139342E1));
#11424=CARTESIAN_POINT('',(9.848649517743E-1,3.023105711910E1,
-9.972306998916E1));
#11425=CARTESIAN_POINT('',(9.848649725028E-1,3.016575150685E1,
-9.966415750090E1));
#11426=CARTESIAN_POINT('',(9.848650601373E-1,2.904450556066E1,
-9.864634413085E1));
#11427=CARTESIAN_POINT('',(9.848648082255E-1,2.695740354867E1,
-9.653001147916E1));
#11428=CARTESIAN_POINT('',(9.848651345387E-1,2.433583267269E1,
-9.315384558342E1));
#11429=CARTESIAN_POINT('',(9.848645180726E-1,2.213075369172E1,
-8.930656464063E1));
#11430=CARTESIAN_POINT('',(9.848668264478E-1,2.052620843707E1,
-8.504242990866E1));
#11431=CARTESIAN_POINT('',(9.848629772285E-1,1.966021190544E1,
-8.053625322193E1));
#11432=CARTESIAN_POINT('',(9.848732783525E-1,1.956202570364E1,
-7.742689273354E1));
#11433=CARTESIAN_POINT('',(9.848668844488E-1,1.962391731625E1,
-7.589588656419E1));
#11434=CARTESIAN_POINT('',(1.374871983338E0,3.024749278933E1,
-9.970485073993E1));
#11435=CARTESIAN_POINT('',(1.374871980977E0,3.018222482150E1,
-9.964597221187E1));
#11436=CARTESIAN_POINT('',(1.374871970998E0,2.906162876257E1,
-9.862874876601E1));
#11437=CARTESIAN_POINT('',(1.374871999684E0,2.697585892953E1,
-9.651375504150E1));
#11438=CARTESIAN_POINT('',(1.374871962525E0,2.435624812525E1,
-9.314008912071E1));
#11439=CARTESIAN_POINT('',(1.374872032726E0,2.215303818267E1,
-8.929604043175E1));
#11440=CARTESIAN_POINT('',(1.374871769857E0,2.054994426460E1,
-8.503574789885E1));
#11441=CARTESIAN_POINT('',(1.374872208191E0,1.968470749474E1,
-8.053357811740E1));
#11442=CARTESIAN_POINT('',(1.374871035140E0,1.958658906515E1,
-7.742673287876E1));
#11443=CARTESIAN_POINT('',(1.374871763252E0,1.964843438448E1,
-7.589687764404E1));
#11444=(BOUNDED_SURFACE()B_SPLINE_SURFACE(3,3,((#11374,#11375,#11376,#11377,
#11378,#11379,#11380,#11381,#11382,#11383),(#11384,#11385,#11386,#11387,#11388,
#11389,#11390,#11391,#11392,#11393),(#11394,#11395,#11396,#11397,#11398,#11399,
#11400,#11401,#11402,#11403),(#11404,#11405,#11406,#11407,#11408,#11409,#11410,
#11411,#11412,#11413),(#11414,#11415,#11416,#11417,#11418,#11419,#11420,#11421,
#11422,#11423),(#11424,#11425,#11426,#11427,#11428,#11429,#11430,#11431,#11432,
#11433),(#11434,#11435,#11436,#11437,#11438,#11439,#11440,#11441,#11442,
#11443)),.UNSPECIFIED.,.F.,.F.,.F.)B_SPLINE_SURFACE_WITH_KNOTS((4,3,4),(4,1,1,1,
1,1,1,4),(0.E0,1.E0,2.E0),(-8.659965250918E-3,0.E0,1.407034331625E-1,
2.931321524219E-1,4.559945045039E-1,6.324287192594E-1,8.088629340149E-1,
9.731412445173E-1),.UNSPECIFIED.)GEOMETRIC_REPRESENTATION_ITEM()RATIONAL_B_SPLINE_SURFACE(((1.187262732494E0,1.187262732494E0,1.187262732494E0,1.187262732494E0,
1.187262732494E0,1.187262732494E0,1.187262732494E0,1.187262732494E0,
1.187262732494E0,1.187262732494E0),(9.375790891686E-1,9.375790891686E-1,
9.375790891686E-1,9.375790891686E-1,9.375790891686E-1,9.375790891686E-1,
9.375790891686E-1,9.375790891686E-1,9.375790891686E-1,9.375790891686E-1),(
9.375790891686E-1,9.375790891686E-1,9.375790891686E-1,9.375790891686E-1,
9.375790891686E-1,9.375790891686E-1,9.375790891686E-1,9.375790891686E-1,
9.375790891686E-1,9.375790891686E-1),(1.187262732494E0,1.187262732494E0,
1.187262732494E0,1.187262732494E0,1.187262732494E0,1.187262732494E0,
1.187262732494E0,1.187262732494E0,1.187262732494E0,1.187262732494E0),(
9.375790891686E-1,9.375790891686E-1,9.375790891686E-1,9.375790891686E-1,
9.375790891686E-1,9.375790891686E-1,9.375790891686E-1,9.375790891686E-1,
9.375790891686E-1,9.375790891686E-1),(9.375790891686E-1,9.375790891686E-1,
9.375790891686E-1,9.375790891686E-1,9.375790891686E-1,9.375790891686E-1,
9.375790891686E-1,9.375790891686E-1,9.375790891686E-1,9.375790891686E-1),(
1.187262732494E0,1.187262732494E0,1.187262732494E0,1.187262732494E0,
1.187262732494E0,1.187262732494E0,1.187262732494E0,1.187262732494E0,
1.187262732494E0,1.187262732494E0)))REPRESENTATION_ITEM('')SURFACE());
#11445=ORIENTED_EDGE('',*,*,#11364,.T.);
#11446=ORIENTED_EDGE('',*,*,#7244,.F.);
#11447=ORIENTED_EDGE('',*,*,#11368,.F.);
#11449=ORIENTED_EDGE('',*,*,#11448,.F.);
#11450=EDGE_LOOP('',(#11445,#11446,#11447,#11449));
#11451=FACE_OUTER_BOUND('',#11450,.F.);
#11453=CARTESIAN_POINT('',(1.335E0,3.048E1,-9.906E1));
#11454=DIRECTION('',(0.E0,-7.383347343159E-1,6.744344446295E-1));
#11455=DIRECTION('',(0.E0,-6.744344446295E-1,-7.383347343159E-1));
#11456=AXIS2_PLACEMENT_3D('',#11453,#11454,#11455);
#11457=PLANE('',#11456);
#11458=ORIENTED_EDGE('',*,*,#11366,.T.);
#11459=ORIENTED_EDGE('',*,*,#11448,.T.);
#11460=EDGE_LOOP('',(#11458,#11459));
#11461=FACE_OUTER_BOUND('',#11460,.F.);
#11463=CARTESIAN_POINT('',(0.E0,0.E0,-7.5184E1));
#11464=DIRECTION('',(0.E0,0.E0,-1.E0));
#11465=DIRECTION('',(-1.E0,0.E0,0.E0));
#11466=AXIS2_PLACEMENT_3D('',#11463,#11464,#11465);
#11467=PLANE('',#11466);
#11469=ORIENTED_EDGE('',*,*,#11468,.T.);
#11471=ORIENTED_EDGE('',*,*,#11470,.T.);
#11473=ORIENTED_EDGE('',*,*,#11472,.T.);
#11474=ORIENTED_EDGE('',*,*,#7194,.T.);
#11476=ORIENTED_EDGE('',*,*,#11475,.F.);
#11478=ORIENTED_EDGE('',*,*,#11477,.F.);
#11479=EDGE_LOOP('',(#11469,#11471,#11473,#11474,#11476,#11478));
#11480=FACE_OUTER_BOUND('',#11479,.F.);
#11482=CARTESIAN_POINT('',(0.E0,0.E0,-7.5184E1));
#11483=DIRECTION('',(0.E0,0.E0,-1.E0));
#11484=DIRECTION('',(-1.E0,0.E0,0.E0));
#11485=AXIS2_PLACEMENT_3D('',#11482,#11483,#11484);
#11486=PLANE('',#11485);
#11488=ORIENTED_EDGE('',*,*,#11487,.T.);
#11490=ORIENTED_EDGE('',*,*,#11489,.T.);
#11492=ORIENTED_EDGE('',*,*,#11491,.T.);
#11493=ORIENTED_EDGE('',*,*,#7178,.T.);
#11495=ORIENTED_EDGE('',*,*,#11494,.F.);
#11497=ORIENTED_EDGE('',*,*,#11496,.F.);
#11498=EDGE_LOOP('',(#11488,#11490,#11492,#11493,#11495,#11497));
#11499=FACE_OUTER_BOUND('',#11498,.F.);
#11501=CARTESIAN_POINT('',(0.E0,0.E0,-7.89432E1));
#11502=DIRECTION('',(0.E0,0.E0,1.E0));
#11503=DIRECTION('',(-1.E0,0.E0,0.E0));
#11504=AXIS2_PLACEMENT_3D('',#11501,#11502,#11503);
#11505=CYLINDRICAL_SURFACE('',#11504,2.8829E1);
#11506=ORIENTED_EDGE('',*,*,#11468,.F.);
#11508=ORIENTED_EDGE('',*,*,#11507,.T.);
#11510=ORIENTED_EDGE('',*,*,#11509,.F.);
#11512=ORIENTED_EDGE('',*,*,#11511,.T.);
#11514=ORIENTED_EDGE('',*,*,#11513,.T.);
#11516=ORIENTED_EDGE('',*,*,#11515,.F.);
#11518=ORIENTED_EDGE('',*,*,#11517,.F.);
#11520=ORIENTED_EDGE('',*,*,#11519,.T.);
#11521=EDGE_LOOP('',(#11506,#11508,#11510,#11512,#11514,#11516,#11518,#11520));
#11522=FACE_OUTER_BOUND('',#11521,.F.);
#11524=CARTESIAN_POINT('',(-2.900740885963E1,-2.0955E0,-1.731938624E2));
#11525=DIRECTION('',(0.E0,0.E0,1.E0));
#11526=DIRECTION('',(9.974008479055E-1,7.205240174671E-2,0.E0));
#11527=AXIS2_PLACEMENT_3D('',#11524,#11525,#11526);
#11528=CYLINDRICAL_SURFACE('',#11527,2.54E-1);
#11529=ORIENTED_EDGE('',*,*,#11477,.T.);
#11531=ORIENTED_EDGE('',*,*,#11530,.T.);
#11533=ORIENTED_EDGE('',*,*,#11532,.T.);
#11535=ORIENTED_EDGE('',*,*,#11534,.T.);
#11536=ORIENTED_EDGE('',*,*,#11507,.F.);
#11537=EDGE_LOOP('',(#11529,#11531,#11533,#11535,#11536));
#11538=FACE_OUTER_BOUND('',#11537,.F.);
#11540=CARTESIAN_POINT('',(-2.877012545593E1,-1.8415E0,-7.5184E1));
#11541=DIRECTION('',(0.E0,-1.E0,0.E0));
#11542=DIRECTION('',(-1.E0,0.E0,0.E0));
#11543=AXIS2_PLACEMENT_3D('',#11540,#11541,#11542);
#11544=PLANE('',#11543);
#11545=ORIENTED_EDGE('',*,*,#11475,.T.);
#11546=ORIENTED_EDGE('',*,*,#7140,.T.);
#11548=ORIENTED_EDGE('',*,*,#11547,.T.);
#11550=ORIENTED_EDGE('',*,*,#11549,.F.);
#11551=ORIENTED_EDGE('',*,*,#11530,.F.);
#11552=EDGE_LOOP('',(#11545,#11546,#11548,#11550,#11551));
#11553=FACE_OUTER_BOUND('',#11552,.F.);
#11555=CARTESIAN_POINT('',(-2.9845E1,-1.8415E0,-7.5184E1));
#11556=DIRECTION('',(-1.E0,0.E0,0.E0));
#11557=DIRECTION('',(0.E0,1.E0,0.E0));
#11558=AXIS2_PLACEMENT_3D('',#11555,#11556,#11557);
#11559=PLANE('',#11558);
#11561=ORIENTED_EDGE('',*,*,#11560,.T.);
#11562=ORIENTED_EDGE('',*,*,#11547,.F.);
#11563=ORIENTED_EDGE('',*,*,#7138,.T.);
#11565=ORIENTED_EDGE('',*,*,#11564,.T.);
#11566=EDGE_LOOP('',(#11561,#11562,#11563,#11565));
#11567=FACE_OUTER_BOUND('',#11566,.F.);
#11569=CARTESIAN_POINT('',(-2.9337E1,2.131628207280E-14,-7.0612E1));
#11570=DIRECTION('',(-7.071067811865E-1,0.E0,7.071067811865E-1));
#11571=DIRECTION('',(-7.071067811865E-1,0.E0,-7.071067811865E-1));
#11572=AXIS2_PLACEMENT_3D('',#11569,#11570,#11571);
#11573=PLANE('',#11572);
#11575=ORIENTED_EDGE('',*,*,#11574,.T.);
#11577=ORIENTED_EDGE('',*,*,#11576,.F.);
#11579=ORIENTED_EDGE('',*,*,#11578,.T.);
#11581=ORIENTED_EDGE('',*,*,#11580,.T.);
#11582=ORIENTED_EDGE('',*,*,#11532,.F.);
#11583=ORIENTED_EDGE('',*,*,#11549,.T.);
#11584=ORIENTED_EDGE('',*,*,#11560,.F.);
#11585=EDGE_LOOP('',(#11575,#11577,#11579,#11581,#11582,#11583,#11584));
#11586=FACE_OUTER_BOUND('',#11585,.F.);
#11588=CARTESIAN_POINT('',(-2.9845E1,1.8415E0,-7.5184E1));
#11589=DIRECTION('',(0.E0,1.E0,0.E0));
#11590=DIRECTION('',(1.E0,0.E0,0.E0));
#11591=AXIS2_PLACEMENT_3D('',#11588,#11589,#11590);
#11592=PLANE('',#11591);
#11593=ORIENTED_EDGE('',*,*,#11491,.F.);
#11595=ORIENTED_EDGE('',*,*,#11594,.F.);
#11596=ORIENTED_EDGE('',*,*,#11574,.F.);
#11597=ORIENTED_EDGE('',*,*,#11564,.F.);
#11598=ORIENTED_EDGE('',*,*,#7136,.T.);
#11599=EDGE_LOOP('',(#11593,#11595,#11596,#11597,#11598));
#11600=FACE_OUTER_BOUND('',#11599,.F.);
#11602=CARTESIAN_POINT('',(-2.900740885963E1,2.0955E0,9.80098624E1));
#11603=DIRECTION('',(0.E0,0.E0,-1.E0));
#11604=DIRECTION('',(9.974008479055E-1,-7.205240174670E-2,0.E0));
#11605=AXIS2_PLACEMENT_3D('',#11602,#11603,#11604);
#11606=CYLINDRICAL_SURFACE('',#11605,2.54E-1);
#11607=ORIENTED_EDGE('',*,*,#11489,.F.);
#11609=ORIENTED_EDGE('',*,*,#11608,.F.);
#11611=ORIENTED_EDGE('',*,*,#11610,.T.);
#11612=ORIENTED_EDGE('',*,*,#11576,.T.);
#11613=ORIENTED_EDGE('',*,*,#11594,.T.);
#11614=EDGE_LOOP('',(#11607,#11609,#11611,#11612,#11613));
#11615=FACE_OUTER_BOUND('',#11614,.F.);
#11617=CARTESIAN_POINT('',(0.E0,0.E0,-7.89432E1));
#11618=DIRECTION('',(0.E0,0.E0,1.E0));
#11619=DIRECTION('',(-1.E0,0.E0,0.E0));
#11620=AXIS2_PLACEMENT_3D('',#11617,#11618,#11619);
#11621=CYLINDRICAL_SURFACE('',#11620,2.8829E1);
#11622=ORIENTED_EDGE('',*,*,#11487,.F.);
#11624=ORIENTED_EDGE('',*,*,#11623,.T.);
#11626=ORIENTED_EDGE('',*,*,#11625,.F.);
#11627=ORIENTED_EDGE('',*,*,#11515,.T.);
#11629=ORIENTED_EDGE('',*,*,#11628,.T.);
#11630=ORIENTED_EDGE('',*,*,#11511,.F.);
#11632=ORIENTED_EDGE('',*,*,#11631,.F.);
#11633=ORIENTED_EDGE('',*,*,#11608,.T.);
#11634=EDGE_LOOP('',(#11622,#11624,#11626,#11627,#11629,#11630,#11632,#11633));
#11635=FACE_OUTER_BOUND('',#11634,.F.);
#11637=CARTESIAN_POINT('',(2.900740885963E1,2.0955E0,-1.731938624E2));
#11638=DIRECTION('',(0.E0,0.E0,1.E0));
#11639=DIRECTION('',(-9.974008479055E-1,-7.205240174670E-2,0.E0));
#11640=AXIS2_PLACEMENT_3D('',#11637,#11638,#11639);
#11641=CYLINDRICAL_SURFACE('',#11640,2.54E-1);
#11642=ORIENTED_EDGE('',*,*,#11496,.T.);
#11644=ORIENTED_EDGE('',*,*,#11643,.T.);
#11646=ORIENTED_EDGE('',*,*,#11645,.T.);
#11648=ORIENTED_EDGE('',*,*,#11647,.T.);
#11649=ORIENTED_EDGE('',*,*,#11623,.F.);
#11650=EDGE_LOOP('',(#11642,#11644,#11646,#11648,#11649));
#11651=FACE_OUTER_BOUND('',#11650,.F.);
#11653=CARTESIAN_POINT('',(2.877012545593E1,1.8415E0,-7.5184E1));
#11654=DIRECTION('',(0.E0,1.E0,0.E0));
#11655=DIRECTION('',(1.E0,0.E0,0.E0));
#11656=AXIS2_PLACEMENT_3D('',#11653,#11654,#11655);
#11657=PLANE('',#11656);
#11658=ORIENTED_EDGE('',*,*,#11494,.T.);
#11659=ORIENTED_EDGE('',*,*,#7160,.T.);
#11661=ORIENTED_EDGE('',*,*,#11660,.T.);
#11663=ORIENTED_EDGE('',*,*,#11662,.F.);
#11664=ORIENTED_EDGE('',*,*,#11643,.F.);
#11665=EDGE_LOOP('',(#11658,#11659,#11661,#11663,#11664));
#11666=FACE_OUTER_BOUND('',#11665,.F.);
#11668=CARTESIAN_POINT('',(2.9845E1,1.8415E0,-7.5184E1));
#11669=DIRECTION('',(1.E0,0.E0,0.E0));
#11670=DIRECTION('',(0.E0,-1.E0,0.E0));
#11671=AXIS2_PLACEMENT_3D('',#11668,#11669,#11670);
#11672=PLANE('',#11671);
#11674=ORIENTED_EDGE('',*,*,#11673,.T.);
#11675=ORIENTED_EDGE('',*,*,#11660,.F.);
#11676=ORIENTED_EDGE('',*,*,#7158,.T.);
#11678=ORIENTED_EDGE('',*,*,#11677,.T.);
#11679=EDGE_LOOP('',(#11674,#11675,#11676,#11678));
#11680=FACE_OUTER_BOUND('',#11679,.F.);
#11682=CARTESIAN_POINT('',(2.9337E1,0.E0,-7.0612E1));
#11683=DIRECTION('',(7.071067811865E-1,0.E0,7.071067811866E-1));
#11684=DIRECTION('',(7.071067811866E-1,0.E0,-7.071067811865E-1));
#11685=AXIS2_PLACEMENT_3D('',#11682,#11683,#11684);
#11686=PLANE('',#11685);
#11688=ORIENTED_EDGE('',*,*,#11687,.T.);
#11689=ORIENTED_EDGE('',*,*,#11645,.F.);
#11690=ORIENTED_EDGE('',*,*,#11662,.T.);
#11691=ORIENTED_EDGE('',*,*,#11673,.F.);
#11693=ORIENTED_EDGE('',*,*,#11692,.T.);
#11695=ORIENTED_EDGE('',*,*,#11694,.F.);
#11697=ORIENTED_EDGE('',*,*,#11696,.T.);
#11698=EDGE_LOOP('',(#11688,#11689,#11690,#11691,#11693,#11695,#11697));
#11699=FACE_OUTER_BOUND('',#11698,.F.);
#11701=CARTESIAN_POINT('',(0.E0,0.E0,-7.0104E1));
#11702=DIRECTION('',(0.E0,0.E0,-1.E0));
#11703=DIRECTION('',(0.E0,1.E0,0.E0));
#11704=AXIS2_PLACEMENT_3D('',#11701,#11702,#11703);
#11705=PLANE('',#11704);
#11706=ORIENTED_EDGE('',*,*,#11696,.F.);
#11708=ORIENTED_EDGE('',*,*,#11707,.F.);
#11709=ORIENTED_EDGE('',*,*,#11517,.T.);
#11710=EDGE_LOOP('',(#11706,#11708,#11709));
#11711=FACE_OUTER_BOUND('',#11710,.F.);
#11713=CARTESIAN_POINT('',(0.E0,0.E0,-7.0104E1));
#11714=DIRECTION('',(0.E0,0.E0,-1.E0));
#11715=DIRECTION('',(0.E0,1.E0,0.E0));
#11716=AXIS2_PLACEMENT_3D('',#11713,#11714,#11715);
#11717=PLANE('',#11716);
#11718=ORIENTED_EDGE('',*,*,#11625,.T.);
#11719=ORIENTED_EDGE('',*,*,#11647,.F.);
#11720=ORIENTED_EDGE('',*,*,#11687,.F.);
#11721=EDGE_LOOP('',(#11718,#11719,#11720));
#11722=FACE_OUTER_BOUND('',#11721,.F.);
#11724=CARTESIAN_POINT('',(0.E0,0.E0,-7.0104E1));
#11725=DIRECTION('',(0.E0,0.E0,-1.E0));
#11726=DIRECTION('',(0.E0,1.E0,0.E0));
#11727=AXIS2_PLACEMENT_3D('',#11724,#11725,#11726);
#11728=PLANE('',#11727);
#11729=ORIENTED_EDGE('',*,*,#11509,.T.);
#11730=ORIENTED_EDGE('',*,*,#11534,.F.);
#11731=ORIENTED_EDGE('',*,*,#11580,.F.);
#11732=EDGE_LOOP('',(#11729,#11730,#11731));
#11733=FACE_OUTER_BOUND('',#11732,.F.);
#11735=CARTESIAN_POINT('',(0.E0,0.E0,-7.0104E1));
#11736=DIRECTION('',(0.E0,0.E0,-1.E0));
#11737=DIRECTION('',(0.E0,1.E0,0.E0));
#11738=AXIS2_PLACEMENT_3D('',#11735,#11736,#11737);
#11739=PLANE('',#11738);
#11740=ORIENTED_EDGE('',*,*,#11578,.F.);
#11741=ORIENTED_EDGE('',*,*,#11610,.F.);
#11742=ORIENTED_EDGE('',*,*,#11631,.T.);
#11743=EDGE_LOOP('',(#11740,#11741,#11742));
#11744=FACE_OUTER_BOUND('',#11743,.F.);
#11746=CARTESIAN_POINT('',(2.900740885963E1,-2.0955E0,9.401224273642E1));
#11747=DIRECTION('',(0.E0,0.E0,-1.E0));
#11748=DIRECTION('',(-9.974008479055E-1,7.205240174674E-2,0.E0));
#11749=AXIS2_PLACEMENT_3D('',#11746,#11747,#11748);
#11750=CYLINDRICAL_SURFACE('',#11749,2.54E-1);
#11751=ORIENTED_EDGE('',*,*,#11470,.F.);
#11752=ORIENTED_EDGE('',*,*,#11519,.F.);
#11753=ORIENTED_EDGE('',*,*,#11707,.T.);
#11754=ORIENTED_EDGE('',*,*,#11694,.T.);
#11756=ORIENTED_EDGE('',*,*,#11755,.T.);
#11757=EDGE_LOOP('',(#11751,#11752,#11753,#11754,#11756));
#11758=FACE_OUTER_BOUND('',#11757,.F.);
#11760=CARTESIAN_POINT('',(2.9845E1,-1.8415E0,-7.5184E1));
#11761=DIRECTION('',(0.E0,-1.E0,0.E0));
#11762=DIRECTION('',(-1.E0,0.E0,0.E0));
#11763=AXIS2_PLACEMENT_3D('',#11760,#11761,#11762);
#11764=PLANE('',#11763);
#11765=ORIENTED_EDGE('',*,*,#11472,.F.);
#11766=ORIENTED_EDGE('',*,*,#11755,.F.);
#11767=ORIENTED_EDGE('',*,*,#11692,.F.);
#11768=ORIENTED_EDGE('',*,*,#11677,.F.);
#11769=ORIENTED_EDGE('',*,*,#7156,.T.);
#11770=EDGE_LOOP('',(#11765,#11766,#11767,#11768,#11769));
#11771=FACE_OUTER_BOUND('',#11770,.F.);
#11773=CARTESIAN_POINT('',(0.E0,0.E0,-6.477E1));
#11774=DIRECTION('',(0.E0,0.E0,1.E0));
#11775=DIRECTION('',(9.999998577531E-1,-5.333795577685E-4,0.E0));
#11776=AXIS2_PLACEMENT_3D('',#11773,#11774,#11775);
#11777=TOROIDAL_SURFACE('',#11776,2.7051E1,1.778E0);
#11779=ORIENTED_EDGE('',*,*,#11778,.T.);
#11781=ORIENTED_EDGE('',*,*,#11780,.T.);
#11782=ORIENTED_EDGE('',*,*,#11628,.F.);
#11784=ORIENTED_EDGE('',*,*,#11783,.F.);
#11785=EDGE_LOOP('',(#11779,#11781,#11782,#11784));
#11786=FACE_OUTER_BOUND('',#11785,.F.);
#11788=CARTESIAN_POINT('',(0.E0,0.E0,-6.2992E1));
#11789=DIRECTION('',(0.E0,0.E0,1.E0));
#11790=DIRECTION('',(-1.E0,0.E0,0.E0));
#11791=AXIS2_PLACEMENT_3D('',#11788,#11789,#11790);
#11792=PLANE('',#11791);
#11793=ORIENTED_EDGE('',*,*,#11778,.F.);
#11795=ORIENTED_EDGE('',*,*,#11794,.F.);
#11796=EDGE_LOOP('',(#11793,#11795));
#11797=FACE_OUTER_BOUND('',#11796,.F.);
#11799=ORIENTED_EDGE('',*,*,#11798,.F.);
#11801=ORIENTED_EDGE('',*,*,#11800,.F.);
#11802=EDGE_LOOP('',(#11799,#11801));
#11803=FACE_BOUND('',#11802,.F.);
#11805=CARTESIAN_POINT('',(0.E0,0.E0,-6.2484E1));
#11806=DIRECTION('',(0.E0,0.E0,1.E0));
#11807=DIRECTION('',(-9.999998381153E-1,-5.690072891283E-4,0.E0));
#11808=AXIS2_PLACEMENT_3D('',#11805,#11806,#11807);
#11809=TOROIDAL_SURFACE('',#11808,2.64922E1,5.08E-1);
#11811=ORIENTED_EDGE('',*,*,#11810,.F.);
#11813=ORIENTED_EDGE('',*,*,#11812,.T.);
#11814=ORIENTED_EDGE('',*,*,#11798,.T.);
#11816=ORIENTED_EDGE('',*,*,#11815,.F.);
#11817=EDGE_LOOP('',(#11811,#11813,#11814,#11816));
#11818=FACE_OUTER_BOUND('',#11817,.F.);
#11820=CARTESIAN_POINT('',(0.E0,0.E0,-7.89432E1));
#11821=DIRECTION('',(0.E0,0.E0,1.E0));
#11822=DIRECTION('',(-1.E0,0.E0,0.E0));
#11823=AXIS2_PLACEMENT_3D('',#11820,#11821,#11822);
#11824=CYLINDRICAL_SURFACE('',#11823,2.59842E1);
#11826=ORIENTED_EDGE('',*,*,#11825,.T.);
#11828=ORIENTED_EDGE('',*,*,#11827,.F.);
#11830=ORIENTED_EDGE('',*,*,#11829,.F.);
#11832=ORIENTED_EDGE('',*,*,#11831,.F.);
#11834=ORIENTED_EDGE('',*,*,#11833,.T.);
#11836=ORIENTED_EDGE('',*,*,#11835,.F.);
#11837=ORIENTED_EDGE('',*,*,#11810,.T.);
#11839=ORIENTED_EDGE('',*,*,#11838,.T.);
#11840=EDGE_LOOP('',(#11826,#11828,#11830,#11832,#11834,#11836,#11837,#11839));
#11841=FACE_OUTER_BOUND('',#11840,.F.);
#11843=CARTESIAN_POINT('',(0.E0,0.E0,-1.3335E1));
#11844=DIRECTION('',(0.E0,0.E0,1.E0));
#11845=DIRECTION('',(-2.179682851596E-3,9.999976244885E-1,0.E0));
#11846=AXIS2_PLACEMENT_3D('',#11843,#11844,#11845);
#11847=TOROIDAL_SURFACE('',#11846,2.66192E1,6.35E-1);
#11849=ORIENTED_EDGE('',*,*,#11848,.T.);
#11851=ORIENTED_EDGE('',*,*,#11850,.T.);
#11852=ORIENTED_EDGE('',*,*,#11825,.F.);
#11854=ORIENTED_EDGE('',*,*,#11853,.F.);
#11856=ORIENTED_EDGE('',*,*,#11855,.T.);
#11857=EDGE_LOOP('',(#11849,#11851,#11852,#11854,#11856));
#11858=FACE_OUTER_BOUND('',#11857,.F.);
#11860=CARTESIAN_POINT('',(0.E0,0.E0,-1.27E1));
#11861=DIRECTION('',(0.E0,0.E0,1.E0));
#11862=DIRECTION('',(0.E0,1.E0,0.E0));
#11863=AXIS2_PLACEMENT_3D('',#11860,#11861,#11862);
#11864=PLANE('',#11863);
#11865=ORIENTED_EDGE('',*,*,#11848,.F.);
#11867=ORIENTED_EDGE('',*,*,#11866,.T.);
#11869=ORIENTED_EDGE('',*,*,#11868,.T.);
#11871=ORIENTED_EDGE('',*,*,#11870,.T.);
#11872=EDGE_LOOP('',(#11865,#11867,#11869,#11871));
#11873=FACE_OUTER_BOUND('',#11872,.F.);
#11875=ORIENTED_EDGE('',*,*,#11874,.T.);
#11877=ORIENTED_EDGE('',*,*,#11876,.T.);
#11878=EDGE_LOOP('',(#11875,#11877));
#11879=FACE_BOUND('',#11878,.F.);
#11881=CARTESIAN_POINT('',(0.E0,0.E0,-1.27E1));
#11882=DIRECTION('',(0.E0,0.E0,1.E0));
#11883=DIRECTION('',(0.E0,1.E0,0.E0));
#11884=AXIS2_PLACEMENT_3D('',#11881,#11882,#11883);
#11885=PLANE('',#11884);
#11887=ORIENTED_EDGE('',*,*,#11886,.F.);
#11889=ORIENTED_EDGE('',*,*,#11888,.T.);
#11891=ORIENTED_EDGE('',*,*,#11890,.T.);
#11893=ORIENTED_EDGE('',*,*,#11892,.T.);
#11894=EDGE_LOOP('',(#11887,#11889,#11891,#11893));
#11895=FACE_OUTER_BOUND('',#11894,.F.);
#11897=ORIENTED_EDGE('',*,*,#11896,.T.);
#11899=ORIENTED_EDGE('',*,*,#11898,.T.);
#11900=EDGE_LOOP('',(#11897,#11899));
#11901=FACE_BOUND('',#11900,.F.);
#11903=CARTESIAN_POINT('',(3.41376E1,0.E0,0.E0));
#11904=DIRECTION('',(0.E0,0.E0,1.E0));
#11905=DIRECTION('',(0.E0,1.E0,0.E0));
#11906=AXIS2_PLACEMENT_3D('',#11903,#11904,#11905);
#11907=CYLINDRICAL_SURFACE('',#11906,2.6924E0);
#11909=ORIENTED_EDGE('',*,*,#11908,.T.);
#11911=ORIENTED_EDGE('',*,*,#11910,.T.);
#11912=ORIENTED_EDGE('',*,*,#11874,.F.);
#11914=ORIENTED_EDGE('',*,*,#11913,.F.);
#11915=EDGE_LOOP('',(#11909,#11911,#11912,#11914));
#11916=FACE_OUTER_BOUND('',#11915,.F.);
#11918=CARTESIAN_POINT('',(3.41376E1,0.E0,0.E0));
#11919=DIRECTION('',(0.E0,0.E0,1.E0));
#11920=DIRECTION('',(0.E0,1.E0,0.E0));
#11921=AXIS2_PLACEMENT_3D('',#11918,#11919,#11920);
#11922=CYLINDRICAL_SURFACE('',#11921,2.6924E0);
#11924=ORIENTED_EDGE('',*,*,#11923,.T.);
#11926=ORIENTED_EDGE('',*,*,#11925,.F.);
#11928=ORIENTED_EDGE('',*,*,#11927,.T.);
#11930=ORIENTED_EDGE('',*,*,#11929,.T.);
#11931=EDGE_LOOP('',(#11924,#11926,#11928,#11930));
#11932=FACE_OUTER_BOUND('',#11931,.F.);
#11934=CARTESIAN_POINT('',(3.41376E1,0.E0,-1.1700002E1));
#11935=DIRECTION('',(0.E0,0.E0,-1.E0));
#11936=DIRECTION('',(1.E0,0.E0,0.E0));
#11937=AXIS2_PLACEMENT_3D('',#11934,#11935,#11936);
#11938=PLANE('',#11937);
#11939=ORIENTED_EDGE('',*,*,#11908,.F.);
#11941=ORIENTED_EDGE('',*,*,#11940,.F.);
#11942=EDGE_LOOP('',(#11939,#11941));
#11943=FACE_OUTER_BOUND('',#11942,.F.);
#11945=CARTESIAN_POINT('',(3.41376E1,0.E0,0.E0));
#11946=DIRECTION('',(0.E0,0.E0,1.E0));
#11947=DIRECTION('',(0.E0,1.E0,0.E0));
#11948=AXIS2_PLACEMENT_3D('',#11945,#11946,#11947);
#11949=CYLINDRICAL_SURFACE('',#11948,2.6924E0);
#11950=ORIENTED_EDGE('',*,*,#11940,.T.);
#11951=ORIENTED_EDGE('',*,*,#11913,.T.);
#11952=ORIENTED_EDGE('',*,*,#11876,.F.);
#11953=ORIENTED_EDGE('',*,*,#11910,.F.);
#11954=EDGE_LOOP('',(#11950,#11951,#11952,#11953));
#11955=FACE_OUTER_BOUND('',#11954,.F.);
#11957=CARTESIAN_POINT('',(3.41376E1,0.E0,0.E0));
#11958=DIRECTION('',(0.E0,0.E0,1.E0));
#11959=DIRECTION('',(0.E0,1.E0,0.E0));
#11960=AXIS2_PLACEMENT_3D('',#11957,#11958,#11959);
#11961=CYLINDRICAL_SURFACE('',#11960,2.6924E0);
#11963=ORIENTED_EDGE('',*,*,#11962,.T.);
#11964=ORIENTED_EDGE('',*,*,#11929,.F.);
#11966=ORIENTED_EDGE('',*,*,#11965,.T.);
#11967=ORIENTED_EDGE('',*,*,#11925,.T.);
#11968=EDGE_LOOP('',(#11963,#11964,#11966,#11967));
#11969=FACE_OUTER_BOUND('',#11968,.F.);
#11971=CARTESIAN_POINT('',(3.41376E1,0.E0,-9.99998E-1));
#11972=DIRECTION('',(0.E0,0.E0,-1.E0));
#11973=DIRECTION('',(1.E0,0.E0,0.E0));
#11974=AXIS2_PLACEMENT_3D('',#11971,#11972,#11973);
#11975=PLANE('',#11974);
#11976=ORIENTED_EDGE('',*,*,#11923,.F.);
#11977=ORIENTED_EDGE('',*,*,#11962,.F.);
#11978=EDGE_LOOP('',(#11976,#11977));
#11979=FACE_OUTER_BOUND('',#11978,.F.);
#11981=CARTESIAN_POINT('',(0.E0,0.E0,0.E0));
#11982=DIRECTION('',(0.E0,0.E0,1.E0));
#11983=DIRECTION('',(-1.E0,0.E0,0.E0));
#11984=AXIS2_PLACEMENT_3D('',#11981,#11982,#11983);
#11985=PLANE('',#11984);
#11986=ORIENTED_EDGE('',*,*,#11829,.T.);
#11988=ORIENTED_EDGE('',*,*,#11987,.F.);
#11990=ORIENTED_EDGE('',*,*,#11989,.F.);
#11992=ORIENTED_EDGE('',*,*,#11991,.F.);
#11994=ORIENTED_EDGE('',*,*,#11993,.F.);
#11996=ORIENTED_EDGE('',*,*,#11995,.F.);
#11998=ORIENTED_EDGE('',*,*,#11997,.F.);
#12000=ORIENTED_EDGE('',*,*,#11999,.F.);
#12001=EDGE_LOOP('',(#11986,#11988,#11990,#11992,#11994,#11996,#11998,#12000));
#12002=FACE_OUTER_BOUND('',#12001,.F.);
#12004=ORIENTED_EDGE('',*,*,#12003,.F.);
#12006=ORIENTED_EDGE('',*,*,#12005,.F.);
#12007=EDGE_LOOP('',(#12004,#12006));
#12008=FACE_BOUND('',#12007,.F.);
#12009=ORIENTED_EDGE('',*,*,#11927,.F.);
#12010=ORIENTED_EDGE('',*,*,#11965,.F.);
#12011=EDGE_LOOP('',(#12009,#12010));
#12012=FACE_BOUND('',#12011,.F.);
#12014=CARTESIAN_POINT('',(-3.41376E1,0.E0,0.E0));
#12015=DIRECTION('',(0.E0,0.E0,1.E0));
#12016=DIRECTION('',(0.E0,1.E0,0.E0));
#12017=AXIS2_PLACEMENT_3D('',#12014,#12015,#12016);
#12018=CYLINDRICAL_SURFACE('',#12017,2.6924E0);
#12020=ORIENTED_EDGE('',*,*,#12019,.T.);
#12022=ORIENTED_EDGE('',*,*,#12021,.T.);
#12023=ORIENTED_EDGE('',*,*,#11896,.F.);
#12025=ORIENTED_EDGE('',*,*,#12024,.F.);
#12026=EDGE_LOOP('',(#12020,#12022,#12023,#12025));
#12027=FACE_OUTER_BOUND('',#12026,.F.);
#12029=CARTESIAN_POINT('',(-3.41376E1,0.E0,0.E0));
#12030=DIRECTION('',(0.E0,0.E0,1.E0));
#12031=DIRECTION('',(0.E0,1.E0,0.E0));
#12032=AXIS2_PLACEMENT_3D('',#12029,#12030,#12031);
#12033=CYLINDRICAL_SURFACE('',#12032,2.6924E0);
#12035=ORIENTED_EDGE('',*,*,#12034,.T.);
#12037=ORIENTED_EDGE('',*,*,#12036,.F.);
#12038=ORIENTED_EDGE('',*,*,#12003,.T.);
#12040=ORIENTED_EDGE('',*,*,#12039,.T.);
#12041=EDGE_LOOP('',(#12035,#12037,#12038,#12040));
#12042=FACE_OUTER_BOUND('',#12041,.F.);
#12044=CARTESIAN_POINT('',(-3.41376E1,0.E0,-1.1700002E1));
#12045=DIRECTION('',(0.E0,0.E0,1.E0));
#12046=DIRECTION('',(-1.E0,0.E0,0.E0));
#12047=AXIS2_PLACEMENT_3D('',#12044,#12045,#12046);
#12048=PLANE('',#12047);
#12049=ORIENTED_EDGE('',*,*,#12019,.F.);
#12051=ORIENTED_EDGE('',*,*,#12050,.F.);
#12052=EDGE_LOOP('',(#12049,#12051));
#12053=FACE_OUTER_BOUND('',#12052,.F.);
#12055=CARTESIAN_POINT('',(-3.41376E1,0.E0,0.E0));
#12056=DIRECTION('',(0.E0,0.E0,1.E0));
#12057=DIRECTION('',(0.E0,1.E0,0.E0));
#12058=AXIS2_PLACEMENT_3D('',#12055,#12056,#12057);
#12059=CYLINDRICAL_SURFACE('',#12058,2.6924E0);
#12060=ORIENTED_EDGE('',*,*,#12050,.T.);
#12061=ORIENTED_EDGE('',*,*,#12024,.T.);
#12062=ORIENTED_EDGE('',*,*,#11898,.F.);
#12063=ORIENTED_EDGE('',*,*,#12021,.F.);
#12064=EDGE_LOOP('',(#12060,#12061,#12062,#12063));
#12065=FACE_OUTER_BOUND('',#12064,.F.);
#12067=CARTESIAN_POINT('',(-3.41376E1,0.E0,0.E0));
#12068=DIRECTION('',(0.E0,0.E0,1.E0));
#12069=DIRECTION('',(0.E0,1.E0,0.E0));
#12070=AXIS2_PLACEMENT_3D('',#12067,#12068,#12069);
#12071=CYLINDRICAL_SURFACE('',#12070,2.6924E0);
#12073=ORIENTED_EDGE('',*,*,#12072,.T.);
#12074=ORIENTED_EDGE('',*,*,#12039,.F.);
#12075=ORIENTED_EDGE('',*,*,#12005,.T.);
#12076=ORIENTED_EDGE('',*,*,#12036,.T.);
#12077=EDGE_LOOP('',(#12073,#12074,#12075,#12076));
#12078=FACE_OUTER_BOUND('',#12077,.F.);
#12080=CARTESIAN_POINT('',(-3.41376E1,0.E0,-9.99998E-1));
#12081=DIRECTION('',(0.E0,0.E0,1.E0));
#12082=DIRECTION('',(-1.E0,0.E0,0.E0));
#12083=AXIS2_PLACEMENT_3D('',#12080,#12081,#12082);
#12084=PLANE('',#12083);
#12085=ORIENTED_EDGE('',*,*,#12034,.F.);
#12086=ORIENTED_EDGE('',*,*,#12072,.F.);
#12087=EDGE_LOOP('',(#12085,#12086));
#12088=FACE_OUTER_BOUND('',#12087,.F.);
#12090=CARTESIAN_POINT('',(3.707980446429E1,3.696402068274E0,0.E0));
#12091=DIRECTION('',(6.227678571429E-1,7.824066692646E-1,0.E0));
#12092=DIRECTION('',(-7.824066692646E-1,6.227678571429E-1,0.E0));
#12093=AXIS2_PLACEMENT_3D('',#12090,#12091,#12092);
#12094=PLANE('',#12093);
#12095=ORIENTED_EDGE('',*,*,#11827,.T.);
#12096=ORIENTED_EDGE('',*,*,#11850,.F.);
#12097=ORIENTED_EDGE('',*,*,#11870,.F.);
#12099=ORIENTED_EDGE('',*,*,#12098,.F.);
#12100=ORIENTED_EDGE('',*,*,#11987,.T.);
#12101=EDGE_LOOP('',(#12095,#12096,#12097,#12099,#12100));
#12102=FACE_OUTER_BOUND('',#12101,.F.);
#12104=CARTESIAN_POINT('',(3.41376E1,0.E0,0.E0));
#12105=DIRECTION('',(0.E0,0.E0,1.E0));
#12106=DIRECTION('',(0.E0,1.E0,0.E0));
#12107=AXIS2_PLACEMENT_3D('',#12104,#12105,#12106);
#12108=CYLINDRICAL_SURFACE('',#12107,4.7244E0);
#12109=ORIENTED_EDGE('',*,*,#11989,.T.);
#12110=ORIENTED_EDGE('',*,*,#12098,.T.);
#12111=ORIENTED_EDGE('',*,*,#11868,.F.);
#12113=ORIENTED_EDGE('',*,*,#12112,.F.);
#12114=EDGE_LOOP('',(#12109,#12110,#12111,#12113));
#12115=FACE_OUTER_BOUND('',#12114,.F.);
#12117=CARTESIAN_POINT('',(1.618212455357E1,-2.033021137550E1,0.E0));
#12118=DIRECTION('',(6.227678571429E-1,-7.824066692646E-1,0.E0));
#12119=DIRECTION('',(7.824066692646E-1,6.227678571429E-1,0.E0));
#12120=AXIS2_PLACEMENT_3D('',#12117,#12118,#12119);
#12121=PLANE('',#12120);
#12122=ORIENTED_EDGE('',*,*,#11866,.F.);
#12123=ORIENTED_EDGE('',*,*,#11855,.F.);
#12125=ORIENTED_EDGE('',*,*,#12124,.T.);
#12126=ORIENTED_EDGE('',*,*,#11991,.T.);
#12127=ORIENTED_EDGE('',*,*,#12112,.T.);
#12128=EDGE_LOOP('',(#12122,#12123,#12125,#12126,#12127));
#12129=FACE_OUTER_BOUND('',#12128,.F.);
#12131=CARTESIAN_POINT('',(0.E0,0.E0,-7.89432E1));
#12132=DIRECTION('',(0.E0,0.E0,1.E0));
#12133=DIRECTION('',(-1.E0,0.E0,0.E0));
#12134=AXIS2_PLACEMENT_3D('',#12131,#12132,#12133);
#12135=CYLINDRICAL_SURFACE('',#12134,2.59842E1);
#12136=ORIENTED_EDGE('',*,*,#11853,.T.);
#12137=ORIENTED_EDGE('',*,*,#11838,.F.);
#12139=ORIENTED_EDGE('',*,*,#12138,.T.);
#12140=ORIENTED_EDGE('',*,*,#11835,.T.);
#12142=ORIENTED_EDGE('',*,*,#12141,.T.);
#12144=ORIENTED_EDGE('',*,*,#12143,.F.);
#12145=ORIENTED_EDGE('',*,*,#11993,.T.);
#12146=ORIENTED_EDGE('',*,*,#12124,.F.);
#12147=EDGE_LOOP('',(#12136,#12137,#12139,#12140,#12142,#12144,#12145,#12146));
#12148=FACE_OUTER_BOUND('',#12147,.F.);
#12150=CARTESIAN_POINT('',(0.E0,0.E0,-6.2484E1));
#12151=DIRECTION('',(0.E0,0.E0,1.E0));
#12152=DIRECTION('',(9.999998381153E-1,5.690072891277E-4,0.E0));
#12153=AXIS2_PLACEMENT_3D('',#12150,#12151,#12152);
#12154=TOROIDAL_SURFACE('',#12153,2.64922E1,5.08E-1);
#12155=ORIENTED_EDGE('',*,*,#12138,.F.);
#12156=ORIENTED_EDGE('',*,*,#11815,.T.);
#12157=ORIENTED_EDGE('',*,*,#11800,.T.);
#12158=ORIENTED_EDGE('',*,*,#11812,.F.);
#12159=EDGE_LOOP('',(#12155,#12156,#12157,#12158));
#12160=FACE_OUTER_BOUND('',#12159,.F.);
#12162=CARTESIAN_POINT('',(0.E0,0.E0,-1.3335E1));
#12163=DIRECTION('',(0.E0,0.E0,1.E0));
#12164=DIRECTION('',(2.179682851597E-3,-9.999976244885E-1,0.E0));
#12165=AXIS2_PLACEMENT_3D('',#12162,#12163,#12164);
#12166=TOROIDAL_SURFACE('',#12165,2.66192E1,6.35E-1);
#12167=ORIENTED_EDGE('',*,*,#11886,.T.);
#12169=ORIENTED_EDGE('',*,*,#12168,.T.);
#12170=ORIENTED_EDGE('',*,*,#12141,.F.);
#12171=ORIENTED_EDGE('',*,*,#11833,.F.);
#12173=ORIENTED_EDGE('',*,*,#12172,.T.);
#12174=EDGE_LOOP('',(#12167,#12169,#12170,#12171,#12173));
#12175=FACE_OUTER_BOUND('',#12174,.F.);
#12177=CARTESIAN_POINT('',(-3.707980446429E1,-3.696402068274E0,0.E0));
#12178=DIRECTION('',(-6.227678571429E-1,-7.824066692646E-1,0.E0));
#12179=DIRECTION('',(7.824066692646E-1,-6.227678571429E-1,0.E0));
#12180=AXIS2_PLACEMENT_3D('',#12177,#12178,#12179);
#12181=PLANE('',#12180);
#12182=ORIENTED_EDGE('',*,*,#12143,.T.);
#12183=ORIENTED_EDGE('',*,*,#12168,.F.);
#12184=ORIENTED_EDGE('',*,*,#11892,.F.);
#12186=ORIENTED_EDGE('',*,*,#12185,.F.);
#12187=ORIENTED_EDGE('',*,*,#11995,.T.);
#12188=EDGE_LOOP('',(#12182,#12183,#12184,#12186,#12187));
#12189=FACE_OUTER_BOUND('',#12188,.F.);
#12191=CARTESIAN_POINT('',(-3.41376E1,0.E0,0.E0));
#12192=DIRECTION('',(0.E0,0.E0,1.E0));
#12193=DIRECTION('',(0.E0,1.E0,0.E0));
#12194=AXIS2_PLACEMENT_3D('',#12191,#12192,#12193);
#12195=CYLINDRICAL_SURFACE('',#12194,4.7244E0);
#12196=ORIENTED_EDGE('',*,*,#11997,.T.);
#12197=ORIENTED_EDGE('',*,*,#12185,.T.);
#12198=ORIENTED_EDGE('',*,*,#11890,.F.);
#12200=ORIENTED_EDGE('',*,*,#12199,.F.);
#12201=EDGE_LOOP('',(#12196,#12197,#12198,#12200));
#12202=FACE_OUTER_BOUND('',#12201,.F.);
#12204=CARTESIAN_POINT('',(-1.618212455357E1,2.033021137550E1,0.E0));
#12205=DIRECTION('',(-6.227678571429E-1,7.824066692646E-1,0.E0));
#12206=DIRECTION('',(-7.824066692646E-1,-6.227678571429E-1,0.E0));
#12207=AXIS2_PLACEMENT_3D('',#12204,#12205,#12206);
#12208=PLANE('',#12207);
#12209=ORIENTED_EDGE('',*,*,#11888,.F.);
#12210=ORIENTED_EDGE('',*,*,#12172,.F.);
#12211=ORIENTED_EDGE('',*,*,#11831,.T.);
#12212=ORIENTED_EDGE('',*,*,#11999,.T.);
#12213=ORIENTED_EDGE('',*,*,#12199,.T.);
#12214=EDGE_LOOP('',(#12209,#12210,#12211,#12212,#12213));
#12215=FACE_OUTER_BOUND('',#12214,.F.);
#12217=CARTESIAN_POINT('',(0.E0,0.E0,-6.477E1));
#12218=DIRECTION('',(0.E0,0.E0,1.E0));
#12219=DIRECTION('',(-9.999998577531E-1,5.333795577682E-4,0.E0));
#12220=AXIS2_PLACEMENT_3D('',#12217,#12218,#12219);
#12221=TOROIDAL_SURFACE('',#12220,2.7051E1,1.778E0);
#12222=ORIENTED_EDGE('',*,*,#11794,.T.);
#12223=ORIENTED_EDGE('',*,*,#11783,.T.);
#12224=ORIENTED_EDGE('',*,*,#11513,.F.);
#12225=ORIENTED_EDGE('',*,*,#11780,.F.);
#12226=EDGE_LOOP('',(#12222,#12223,#12224,#12225));
#12227=FACE_OUTER_BOUND('',#12226,.F.);
#12229=CLOSED_SHELL('',(#7146,#7164,#7182,#7198,#7248,#7263,#7278,#7289,#7302,
#7314,#7329,#7344,#7359,#7372,#7386,#7400,#7414,#7426,#7438,#7453,#7466,#7482,
#7500,#7514,#7526,#7541,#7558,#7576,#7591,#7604,#7628,#7654,#7668,#7680,#7695,
#7709,#7723,#7737,#7751,#7764,#7788,#7818,#7832,#7845,#7858,#7871,#7884,#7896,
#8183,#8197,#8214,#8231,#8247,#8400,#8549,#8828,#8851,#8863,#8876,#8890,#8904,
#9185,#9467,#9480,#9492,#9502,#9525,#9541,#9557,#9573,#9588,#9602,#9618,#9634,
#9648,#9930,#10213,#10225,#10503,#10785,#10936,#11084,#11096,#11110,#11122,
#11203,#11282,#11292,#11373,#11452,#11462,#11481,#11500,#11523,#11539,#11554,
#11568,#11587,#11601,#11616,#11636,#11652,#11667,#11681,#11700,#11712,#11723,
#11734,#11745,#11759,#11772,#11787,#11804,#11819,#11842,#11859,#11880,#11902,
#11917,#11933,#11944,#11956,#11970,#11980,#12013,#12028,#12043,#12054,#12066,
#12079,#12089,#12103,#12116,#12130,#12149,#12161,#12176,#12190,#12203,#12216,
#12228));
#12230=MANIFOLD_SOLID_BREP('',#12229);
#12231=FILL_AREA_STYLE_COLOUR('',#81);
#12232=FILL_AREA_STYLE('',(#12231));
#12233=SURFACE_STYLE_FILL_AREA(#12232);
#12234=SURFACE_SIDE_STYLE('',(#12233));
#12235=SURFACE_STYLE_USAGE(.BOTH.,#12234);
#12236=PRESENTATION_STYLE_ASSIGNMENT((#12235));
#134=STYLED_ITEM('',(#12236),#12230);
#12239=PLANE_ANGLE_MEASURE_WITH_UNIT(PLANE_ANGLE_MEASURE(1.745329251994E-2),
#12238);
#12240=(CONVERSION_BASED_UNIT('DEGREE',#12239)NAMED_UNIT(*)PLANE_ANGLE_UNIT());
#12242=UNCERTAINTY_MEASURE_WITH_UNIT(LENGTH_MEASURE(1.E-3),#12237,
'distance_accuracy_value',
'Maximum model space distance between geometric entities at asserted connectivities');
#12245=MECHANICAL_DESIGN_GEOMETRIC_PRESENTATION_REPRESENTATION('',(#143,#150,
#157,#164,#172,#180,#188,#195,#202,#209,#216,#223,#231,#239,#247,#255,#262,#270,
#277,#285,#293,#301,#309,#317,#354,#391,#428,#465,#473,#480,#488,#496,#504,#512,
#520,#527,#535,#542,#549,#556,#564,#572,#580,#587,#594,#601,#609,#617,#625,#632,
#640,#647,#654,#661,#669,#677,#685,#693,#701,#709,#717,#725,#732,#739,#747,#754,
#762,#770,#778,#786,#793,#800,#808,#816,#824,#832,#839,#846,#853,#860,#867,#874,
#881,#888,#895,#902,#909,#916,#923,#930,#937,#944,#951,#958,#965,#972,#979,#986,
#993,#1000,#1007,#1014,#1021,#1028,#1035,#1042,#1049,#1056,#1063,#1070,#1077,
#1084,#1091,#1098,#1134,#1141,#1221,#1229,#1320,#1373,#1380,#1428,#1440,#1452,
#1500,#1507,#1560,#1613,#1620,#1673,#1709,#1904,#1911,#1940,#2157,#2164,#2409,
#2438,#2446,#2472,#2479,#2500,#2507,#2560,#2613,#2620,#2673,#2726,#2733,#2786,
#2839,#2912,#2920,#3005,#3012,#3279,#3286,#3338,#3346,#3354,#3362,#3370,#3399,
#3407,#3433,#3440,#3461,#3468,#3521,#3574,#3581,#3634,#3687,#3694,#3747,#3800,
#3873,#3881,#3966,#3973,#4053,#4061,#4152,#4205,#4212,#4260,#4272,#4284,#4332,
#4339,#4392,#4445,#4452,#4505,#4541,#4548,#4555,#4607,#4852,#5119,#5155,#5350,
#5357,#5386,#5603,#5610,#5618,#5625,#5633,#5640,#5648,#5655,#5684,#5714,#5722,
#5730,#5760,#5790,#5798,#5806,#5814,#5822,#5830,#5837,#5845,#5852,#5860,#5869,
#5877,#5884,#5891,#5898,#5905,#5912,#5919,#5926,#5933,#5940,#5947,#5954,#5962,
#5970,#5979,#5987,#5994,#6001,#6009,#6016,#6023,#6031,#6040,#6048,#6055,#6062,
#6069,#6076,#6083,#6090,#6097,#6105,#6113,#6121,#6129,#6137,#6145,#6154,#6161,
#6168,#6175,#6182,#6190,#6198,#6206,#6214,#6222,#6230,#6238,#6246,#6253,#6261,
#6268,#6276,#6289,#6302,#6310,#6318,#6326,#6334,#6341,#6349,#6356,#6363,#6371,
#6378,#6386,#6393,#6401,#6408,#6416,#6423,#6431,#6438,#6446,#6454,#6462,#6470,
#6478,#6485,#6493,#6500,#6508,#6515,#6523,#6530,#6538,#6545,#6553,#6560,#6568,
#6575,#6583,#6590,#6597,#6604,#6611,#6618,#6626,#6634,#6642,#6650,#6658,#6671,
#6684,#6691,#6698,#6705,#6712,#6720,#134),#12243);
#12246=APPLICATION_CONTEXT('automotive_design');
#12247=APPLICATION_PROTOCOL_DEFINITION('international standard',
'automotive_design',2001,#12246);
#12248=PRODUCT_DEFINITION_CONTEXT('part definition',#12246,'design');
#12249=PRODUCT_CONTEXT('',#12246,'mechanical');
#12250=PRODUCT('C-7-1618387-1','C-7-1618387-1','NOT SPECIFIED',(#12249));
#12251=PRODUCT_DEFINITION_FORMATION('1','LAST_VERSION',#12250);
#12259=DERIVED_UNIT_ELEMENT(#12258,2.E0);
#12260=DERIVED_UNIT((#12259));
#12261=MEASURE_REPRESENTATION_ITEM('surface area measure',AREA_MEASURE(
2.153307363564E4),#12260);
#12266=DERIVED_UNIT_ELEMENT(#12265,3.E0);
#12267=DERIVED_UNIT((#12266));
#12268=MEASURE_REPRESENTATION_ITEM('volume measure',VOLUME_MEASURE(
1.786305000143E5),#12267);
#12272=CARTESIAN_POINT('centre point',(1.135892103404E-5,-3.247076978965E-2,
-3.936630154690E1));
#12277=DERIVED_UNIT_ELEMENT(#12276,2.E0);
#12278=DERIVED_UNIT((#12277));
#12279=MEASURE_REPRESENTATION_ITEM('surface area measure',AREA_MEASURE(
2.153307363564E4),#12278);
#12284=DERIVED_UNIT_ELEMENT(#12283,3.E0);
#12285=DERIVED_UNIT((#12284));
#12286=MEASURE_REPRESENTATION_ITEM('volume measure',VOLUME_MEASURE(
1.786305000143E5),#12285);
#12290=CARTESIAN_POINT('centre point',(1.135892103404E-5,-3.247076978965E-2,
-3.936630154690E1));
#12295=PRODUCT_RELATED_PRODUCT_CATEGORY('part','',(#12250));
#1=DRAUGHTING_PRE_DEFINED_COLOUR('black');
#2=COLOUR_RGB('',0.E0,0.E0,3.6E-1);
#3=COLOUR_RGB('',0.E0,0.E0,4.8E-1);
#4=DRAUGHTING_PRE_DEFINED_COLOUR('blue');
#5=COLOUR_RGB('',0.E0,5.8824E-2,4.58824E-1);
#6=COLOUR_RGB('',0.E0,1.80392E-1,4.78431E-1);
#7=COLOUR_RGB('',0.E0,3.6E-1,9.E-2);
#8=COLOUR_RGB('',0.E0,3.6E-1,2.7E-1);
#9=COLOUR_RGB('',0.E0,5.6E-1,6.4E-1);
#10=COLOUR_RGB('',0.E0,5.8E-1,8.E-1);
#11=COLOUR_RGB('',0.E0,7.1E-1,6.6E-1);
#12=COLOUR_RGB('',0.E0,7.13E-1,0.E0);
#13=COLOUR_RGB('',0.E0,9.5E-1,8.4E-1);
#14=DRAUGHTING_PRE_DEFINED_COLOUR('green');
#15=DRAUGHTING_PRE_DEFINED_COLOUR('cyan');
#16=COLOUR_RGB('',1.1765E-2,1.9608E-2,3.9216E-2);
#17=COLOUR_RGB('',4.E-2,0.E0,1.6E-1);
#18=COLOUR_RGB('',3.9216E-2,2.19608E-1,1.21569E-1);
#19=COLOUR_RGB('',3.9216E-2,3.60784E-1,2.E-1);
#20=COLOUR_RGB('',5.098E-2,7.0588E-2,1.01961E-1);
#21=COLOUR_RGB('',9.E-2,0.E0,1.2E-1);
#22=COLOUR_RGB('',9.0196E-2,1.60784E-1,1.09804E-1);
#23=COLOUR_RGB('',9.0196E-2,3.80392E-1,6.70588E-1);
#24=COLOUR_RGB('',1.E-1,0.E0,2.5E-1);
#25=COLOUR_RGB('',1.01961E-1,4.78431E-1,3.88235E-1);
#26=COLOUR_RGB('',1.09804E-1,1.4902E-1,9.0196E-2);
#27=COLOUR_RGB('',1.4902E-1,3.09804E-1,5.29412E-1);
#28=COLOUR_RGB('',1.4902E-1,4.E-1,1.60784E-1);
#29=COLOUR_RGB('',1.6E-1,3.2E-2,0.E0);
#30=COLOUR_RGB('',1.60784E-1,4.5098E-1,7.21569E-1);
#31=COLOUR_RGB('',1.6E-1,4.6E-1,6.5E-1);
#32=COLOUR_RGB('',1.6E-1,1.E0,1.6E-1);
#33=COLOUR_RGB('',2.E-1,3.2E-2,0.E0);
#34=COLOUR_RGB('',2.11765E-1,4.11765E-1,1.4902E-1);
#35=COLOUR_RGB('',2.39216E-1,2.39216E-1,2.31373E-1);
#36=COLOUR_RGB('',2.39216E-1,2.70588E-1,1.80392E-1);
#37=COLOUR_RGB('',2.5098E-1,2.90196E-1,3.29412E-1);
#38=COLOUR_RGB('',2.90196E-1,4.31373E-1,2.E-1);
#39=COLOUR_RGB('',3.1E-1,3.1E-1,5.6E-1);
#40=COLOUR_RGB('',3.09804E-1,6.58824E-1,2.E-1);
#41=COLOUR_RGB('',3.2E-1,1.5E-1,0.E0);
#42=COLOUR_RGB('',3.60784E-1,3.1373E-2,1.68627E-1);
#43=COLOUR_RGB('',3.68627E-1,2.E-1,1.21569E-1);
#44=COLOUR_RGB('',3.88235E-1,2.39216E-1,6.11765E-1);
#45=COLOUR_RGB('',4.E-1,4.E-1,4.E-1);
#46=COLOUR_RGB('',4.11765E-1,5.8824E-2,7.8431E-2);
#47=COLOUR_RGB('',4.11765E-1,3.29412E-1,2.19608E-1);
#48=COLOUR_RGB('',4.2E-1,4.2E-1,1.E0);
#49=COLOUR_RGB('',4.4E-1,8.5E-1,1.E0);
#50=COLOUR_RGB('',4.58824E-1,4.5098E-1,3.09804E-1);
#51=COLOUR_RGB('',4.70588E-1,5.09804E-1,5.4902E-1);
#52=COLOUR_RGB('',4.78431E-1,4.90196E-1,4.58824E-1);
#53=COLOUR_RGB('',4.90196E-1,3.60784E-1,2.19608E-1);
#54=COLOUR_RGB('',4.9E-1,4.9E-1,0.E0);
#55=COLOUR_RGB('',4.9E-1,1.E0,0.E0);
#56=COLOUR_RGB('',5.E-1,0.E0,0.E0);
#57=COLOUR_RGB('',5.E-1,0.E0,2.3E-1);
#58=COLOUR_RGB('',5.E-1,5.E-1,5.E-1);
#59=COLOUR_RGB('',5.21569E-1,2.19608E-1,1.68627E-1);
#60=COLOUR_RGB('',5.3E-1,0.E0,0.E0);
#61=COLOUR_RGB('',5.29412E-1,5.80392E-1,6.5098E-1);
#62=COLOUR_RGB('',5.4E-1,0.E0,4.4E-1);
#63=COLOUR_RGB('',5.5E-1,3.E-1,0.E0);
#64=COLOUR_RGB('',5.6E-1,1.E-1,5.E-2);
#65=COLOUR_RGB('',5.60784E-1,5.80392E-1,6.19608E-1);
#66=COLOUR_RGB('',5.68627E-1,5.8824E-2,4.E-1);
#67=COLOUR_RGB('',5.8E-1,2.2E-1,1.E-2);
#68=COLOUR_RGB('',5.88235E-1,1.21569E-1,1.09804E-1);
#69=COLOUR_RGB('',6.E-1,6.E-1,6.E-1);
#70=COLOUR_RGB('',6.11765E-1,5.60784E-1,3.80392E-1);
#71=COLOUR_RGB('',6.11765E-1,6.11765E-1,6.5098E-1);
#72=COLOUR_RGB('',6.2E-1,0.E0,5.5E-1);
#73=COLOUR_RGB('',6.19608E-1,6.39216E-1,6.90196E-1);
#74=COLOUR_RGB('',6.4E-1,0.E0,2.5E-1);
#75=COLOUR_RGB('',6.4E-1,1.E-2,0.E0);
#76=COLOUR_RGB('',6.39216E-1,5.4902E-1,4.78431E-1);
#77=COLOUR_RGB('',6.5098E-1,6.70588E-1,7.09804E-1);
#78=COLOUR_RGB('',6.70588E-1,1.21569E-1,1.09804E-1);
#79=COLOUR_RGB('',6.78431E-1,4.78431E-1,3.09804E-1);
#80=COLOUR_RGB('',6.8E-1,7.5E-1,1.E0);
#81=COLOUR_RGB('',6.952E-1,7.426E-1,7.9E-1);
#82=COLOUR_RGB('',7.09804E-1,7.0588E-2,2.E-1);
#83=COLOUR_RGB('',7.1E-1,3.1E-1,0.E0);
#84=COLOUR_RGB('',7.2E-1,7.2E-1,7.2E-1);
#85=COLOUR_RGB('',7.29412E-1,7.41176E-1,7.29412E-1);
#86=COLOUR_RGB('',7.41176E-1,7.29412E-1,6.70588E-1);
#87=COLOUR_RGB('',7.4E-1,1.E0,2.6E-1);
#88=COLOUR_RGB('',7.5E-1,3.E-2,0.E0);
#89=COLOUR_RGB('',7.4902E-1,8.90196E-1,7.29412E-1);
#90=COLOUR_RGB('',7.6E-1,0.E0,4.7E-1);
#91=COLOUR_RGB('',7.80392E-1,9.0196E-2,7.0588E-2);
#92=COLOUR_RGB('',7.88235E-1,2.19608E-1,5.4902E-1);
#93=COLOUR_RGB('',8.1E-1,4.E-2,0.E0);
#94=COLOUR_RGB('',8.1E-1,6.1E-1,0.E0);
#95=COLOUR_RGB('',8.2E-1,4.E-2,6.6E-1);
#96=COLOUR_RGB('',8.31373E-1,8.5098E-1,8.58824E-1);
#97=COLOUR_RGB('',8.5098E-1,7.29412E-1,5.4902E-1);
#98=COLOUR_RGB('',8.5E-1,8.5E-1,8.5E-1);
#99=COLOUR_RGB('',8.78431E-1,3.68627E-1,1.21569E-1);
#100=COLOUR_RGB('',8.784E-1,9.49E-1,1.E0);
#101=COLOUR_RGB('',8.90196E-1,5.88235E-1,1.41176E-1);
#102=COLOUR_RGB('',9.E-1,1.E0,0.E0);
#103=COLOUR_RGB('',9.09804E-1,6.11765E-1,7.09804E-1);
#104=COLOUR_RGB('',9.37E-1,7.85E-1,0.E0);
#105=COLOUR_RGB('',9.41176E-1,9.29412E-1,9.01961E-1);
#106=COLOUR_RGB('',9.5E-1,2.2E-1,8.1E-1);
#107=COLOUR_RGB('',9.6E-1,3.7E-1,3.E-1);
#108=COLOUR_RGB('',9.6E-1,7.1E-1,3.75E-1);
#109=COLOUR_RGB('',9.80392E-1,1.E0,1.E0);
#110=COLOUR_RGB('',9.88235E-1,1.09804E-1,7.8431E-2);
#111=COLOUR_RGB('',9.88235E-1,7.21569E-1,1.29412E-1);
#112=COLOUR_RGB('',9.88235E-1,9.21569E-1,8.E-1);
#113=DRAUGHTING_PRE_DEFINED_COLOUR('red');
#114=COLOUR_RGB('',1.E0,0.E0,6.1E-1);
#115=COLOUR_RGB('',1.E0,4.E-2,0.E0);
#116=COLOUR_RGB('',1.E0,2.3E-1,0.E0);
#117=COLOUR_RGB('',1.E0,3.5E-1,5.2E-1);
#118=COLOUR_RGB('',1.E0,3.6E-1,0.E0);
#119=COLOUR_RGB('',1.E0,3.88235E-1,2.11765E-1);
#120=COLOUR_RGB('',1.E0,4.9E-1,3.7E-1);
#121=COLOUR_RGB('',1.E0,5.E-1,0.E0);
#122=COLOUR_RGB('',1.E0,5.6E-1,7.8E-1);
#123=COLOUR_RGB('',1.E0,6.4E-1,4.9E-1);
#124=COLOUR_RGB('',1.E0,6.7E-1,0.E0);
#125=COLOUR_RGB('',1.E0,7.6E-1,6.5E-1);
#126=COLOUR_RGB('',1.E0,8.39216E-1,3.01961E-1);
#127=COLOUR_RGB('',1.E0,8.6E-1,4.E-2);
#128=COLOUR_RGB('',1.E0,9.60784E-1,2.58824E-1);
#129=COLOUR_RGB('',1.E0,9.60784E-1,8.90196E-1);
#130=COLOUR_RGB('',1.E0,9.8E-1,7.2E-1);
#131=DRAUGHTING_PRE_DEFINED_COLOUR('yellow');
#132=COLOUR_RGB('',1.E0,1.E0,3.9216E-2);
#133=DRAUGHTING_PRE_DEFINED_COLOUR('white');
#139=CIRCLE('',#138,2.90957E1);
#169=CIRCLE('',#168,2.90957E1);
#177=CIRCLE('',#176,2.90957E1);
#185=CIRCLE('',#184,2.90957E1);
#228=CIRCLE('',#227,2.90957E1);
#236=CIRCLE('',#235,2.90957E1);
#244=CIRCLE('',#243,3.6195E0);
#252=CIRCLE('',#251,3.6195E0);
#267=CIRCLE('',#266,1.143E0);
#282=CIRCLE('',#281,1.143E0);
#290=CIRCLE('',#289,8.255E0);
#298=CIRCLE('',#297,8.255E0);
#306=CIRCLE('',#305,8.255E0);
#314=CIRCLE('',#313,8.255E0);
#351=B_SPLINE_CURVE_WITH_KNOTS('',3,(#318,#319,#320,#321,#322,#323,#324,#325,
#326,#327,#328,#329,#330,#331,#332,#333,#334,#335,#336,#337,#338,#339,#340,#341,
#342,#343,#344,#345,#346,#347,#348,#349,#350),.UNSPECIFIED.,.F.,.F.,(4,1,1,1,1,
1,1,1,1,1,1,1,1,1,1,1,1,1,1,1,1,1,1,1,1,1,1,1,1,1,4),(0.E0,3.333333333333E-2,
6.666666666667E-2,1.E-1,1.333333333333E-1,1.666666666667E-1,2.E-1,
2.333333333333E-1,2.666666666667E-1,3.E-1,3.333333333333E-1,3.666666666667E-1,
4.E-1,4.333333333333E-1,4.666666666667E-1,5.E-1,5.333333333333E-1,
5.666666666667E-1,6.E-1,6.333333333333E-1,6.666666666667E-1,7.E-1,
7.333333333333E-1,7.666666666667E-1,8.E-1,8.333333333333E-1,8.666666666667E-1,
9.E-1,9.333333333333E-1,9.666666666667E-1,1.E0),.UNSPECIFIED.);
#388=B_SPLINE_CURVE_WITH_KNOTS('',3,(#355,#356,#357,#358,#359,#360,#361,#362,
#363,#364,#365,#366,#367,#368,#369,#370,#371,#372,#373,#374,#375,#376,#377,#378,
#379,#380,#381,#382,#383,#384,#385,#386,#387),.UNSPECIFIED.,.F.,.F.,(4,1,1,1,1,
1,1,1,1,1,1,1,1,1,1,1,1,1,1,1,1,1,1,1,1,1,1,1,1,1,4),(0.E0,3.333333333333E-2,
6.666666666667E-2,1.E-1,1.333333333333E-1,1.666666666667E-1,2.E-1,
2.333333333333E-1,2.666666666667E-1,3.E-1,3.333333333333E-1,3.666666666667E-1,
4.E-1,4.333333333333E-1,4.666666666667E-1,5.E-1,5.333333333333E-1,
5.666666666667E-1,6.E-1,6.333333333333E-1,6.666666666667E-1,7.E-1,
7.333333333333E-1,7.666666666667E-1,8.E-1,8.333333333333E-1,8.666666666667E-1,
9.E-1,9.333333333333E-1,9.666666666667E-1,1.E0),.UNSPECIFIED.);
#425=B_SPLINE_CURVE_WITH_KNOTS('',3,(#392,#393,#394,#395,#396,#397,#398,#399,
#400,#401,#402,#403,#404,#405,#406,#407,#408,#409,#410,#411,#412,#413,#414,#415,
#416,#417,#418,#419,#420,#421,#422,#423,#424),.UNSPECIFIED.,.F.,.F.,(4,1,1,1,1,
1,1,1,1,1,1,1,1,1,1,1,1,1,1,1,1,1,1,1,1,1,1,1,1,1,4),(0.E0,3.333333333333E-2,
6.666666666667E-2,1.E-1,1.333333333333E-1,1.666666666667E-1,2.E-1,
2.333333333333E-1,2.666666666667E-1,3.E-1,3.333333333333E-1,3.666666666667E-1,
4.E-1,4.333333333333E-1,4.666666666667E-1,5.E-1,5.333333333333E-1,
5.666666666667E-1,6.E-1,6.333333333333E-1,6.666666666667E-1,7.E-1,
7.333333333333E-1,7.666666666667E-1,8.E-1,8.333333333333E-1,8.666666666667E-1,
9.E-1,9.333333333333E-1,9.666666666667E-1,1.E0),.UNSPECIFIED.);
#462=B_SPLINE_CURVE_WITH_KNOTS('',3,(#429,#430,#431,#432,#433,#434,#435,#436,
#437,#438,#439,#440,#441,#442,#443,#444,#445,#446,#447,#448,#449,#450,#451,#452,
#453,#454,#455,#456,#457,#458,#459,#460,#461),.UNSPECIFIED.,.F.,.F.,(4,1,1,1,1,
1,1,1,1,1,1,1,1,1,1,1,1,1,1,1,1,1,1,1,1,1,1,1,1,1,4),(0.E0,3.333333333333E-2,
6.666666666667E-2,1.E-1,1.333333333333E-1,1.666666666667E-1,2.E-1,
2.333333333333E-1,2.666666666667E-1,3.E-1,3.333333333333E-1,3.666666666667E-1,
4.E-1,4.333333333333E-1,4.666666666667E-1,5.E-1,5.333333333333E-1,
5.666666666667E-1,6.E-1,6.333333333333E-1,6.666666666667E-1,7.E-1,
7.333333333333E-1,7.666666666667E-1,8.E-1,8.333333333333E-1,8.666666666667E-1,
9.E-1,9.333333333333E-1,9.666666666667E-1,1.E0),.UNSPECIFIED.);
#470=CIRCLE('',#469,3.112266766248E0);
#485=CIRCLE('',#484,5.08E-1);
#493=CIRCLE('',#492,2.604962962593E0);
#501=CIRCLE('',#500,2.604962962593E0);
#509=CIRCLE('',#508,5.08E-1);
#517=CIRCLE('',#516,3.112266766248E0);
#532=CIRCLE('',#531,5.08E-1);
#561=CIRCLE('',#560,6.35E-1);
#569=CIRCLE('',#568,5.08E-1);
#577=CIRCLE('',#576,5.08E-1);
#606=CIRCLE('',#605,6.35E-1);
#614=CIRCLE('',#613,5.08E-1);
#622=CIRCLE('',#621,6.35E-1);
#637=CIRCLE('',#636,6.35E-1);
#666=CIRCLE('',#665,8.255E0);
#674=CIRCLE('',#673,8.255E0);
#682=CIRCLE('',#681,8.255E0);
#690=CIRCLE('',#689,8.255E0);
#698=CIRCLE('',#697,7.7724E0);
#706=CIRCLE('',#705,7.7724E0);
#714=CIRCLE('',#713,7.7724E0);
#722=CIRCLE('',#721,7.7724E0);
#744=CIRCLE('',#743,7.7724E0);
#759=CIRCLE('',#758,7.9883E0);
#767=CIRCLE('',#766,7.9883E0);
#775=CIRCLE('',#774,7.9883E0);
#783=CIRCLE('',#782,7.9883E0);
#805=CIRCLE('',#804,7.9883E0);
#813=CIRCLE('',#812,7.9883E0);
#821=CIRCLE('',#820,7.9883E0);
#829=CIRCLE('',#828,7.9883E0);
#1131=B_SPLINE_CURVE_WITH_KNOTS('',3,(#1099,#1100,#1101,#1102,#1103,#1104,#1105,
#1106,#1107,#1108,#1109,#1110,#1111,#1112,#1113,#1114,#1115,#1116,#1117,#1118,
#1119,#1120,#1121,#1122,#1123,#1124,#1125,#1126,#1127,#1128,#1129,#1130),
.UNSPECIFIED.,.F.,.F.,(4,1,1,1,1,1,1,1,1,1,1,1,1,1,1,1,1,1,1,1,1,1,1,1,1,1,1,1,
1,4),(0.E0,3.448275862069E-2,6.896551724138E-2,1.034482758621E-1,
1.379310344828E-1,1.724137931034E-1,2.068965517241E-1,2.413793103448E-1,
2.758620689655E-1,3.103448275862E-1,3.448275862069E-1,3.793103448276E-1,
4.137931034483E-1,4.482758620690E-1,4.827586206897E-1,5.172413793103E-1,
5.517241379310E-1,5.862068965517E-1,6.206896551724E-1,6.551724137931E-1,
6.896551724138E-1,7.241379310345E-1,7.586206896552E-1,7.931034482759E-1,
8.275862068966E-1,8.620689655172E-1,8.965517241379E-1,9.310344827586E-1,
9.655172413793E-1,1.E0),.UNSPECIFIED.);
#1218=B_SPLINE_CURVE_WITH_KNOTS('',3,(#1142,#1143,#1144,#1145,#1146,#1147,#1148,
#1149,#1150,#1151,#1152,#1153,#1154,#1155,#1156,#1157,#1158,#1159,#1160,#1161,
#1162,#1163,#1164,#1165,#1166,#1167,#1168,#1169,#1170,#1171,#1172,#1173,#1174,
#1175,#1176,#1177,#1178,#1179,#1180,#1181,#1182,#1183,#1184,#1185,#1186,#1187,
#1188,#1189,#1190,#1191,#1192,#1193,#1194,#1195,#1196,#1197,#1198,#1199,#1200,
#1201,#1202,#1203,#1204,#1205,#1206,#1207,#1208,#1209,#1210,#1211,#1212,#1213,
#1214,#1215,#1216,#1217),.UNSPECIFIED.,.F.,.F.,(4,1,1,1,1,1,1,1,1,1,1,1,1,1,1,1,
1,1,1,1,1,1,1,1,1,1,1,1,1,1,1,1,1,1,1,1,1,1,1,1,1,1,1,1,1,1,1,1,1,1,1,1,1,1,1,1,
1,1,1,1,1,1,1,1,1,1,1,1,1,1,1,1,1,4),(0.E0,1.369863013699E-2,2.739726027397E-2,
4.109589041096E-2,5.479452054795E-2,6.849315068493E-2,8.219178082192E-2,
9.589041095890E-2,1.095890410959E-1,1.232876712329E-1,1.369863013699E-1,
1.506849315068E-1,1.643835616438E-1,1.780821917808E-1,1.917808219178E-1,
2.054794520548E-1,2.191780821918E-1,2.328767123288E-1,2.465753424658E-1,
2.602739726027E-1,2.739726027397E-1,2.876712328767E-1,3.013698630137E-1,
3.150684931507E-1,3.287671232877E-1,3.424657534247E-1,3.561643835616E-1,
3.698630136986E-1,3.835616438356E-1,3.972602739726E-1,4.109589041096E-1,
4.246575342466E-1,4.383561643836E-1,4.520547945205E-1,4.657534246575E-1,
4.794520547945E-1,4.931506849315E-1,5.068493150685E-1,5.205479452055E-1,
5.342465753425E-1,5.479452054795E-1,5.616438356164E-1,5.753424657534E-1,
5.890410958904E-1,6.027397260274E-1,6.164383561644E-1,6.301369863014E-1,
6.438356164384E-1,6.575342465753E-1,6.712328767123E-1,6.849315068493E-1,
6.986301369863E-1,7.123287671233E-1,7.260273972603E-1,7.397260273973E-1,
7.534246575342E-1,7.671232876712E-1,7.808219178082E-1,7.945205479452E-1,
8.082191780822E-1,8.219178082192E-1,8.356164383562E-1,8.493150684932E-1,
8.630136986301E-1,8.767123287671E-1,8.904109589041E-1,9.041095890411E-1,
9.178082191781E-1,9.315068493151E-1,9.452054794521E-1,9.589041095890E-1,
9.726027397260E-1,9.863013698630E-1,1.E0),.UNSPECIFIED.);
#1226=CIRCLE('',#1225,4.E0);
#1317=B_SPLINE_CURVE_WITH_KNOTS('',3,(#1230,#1231,#1232,#1233,#1234,#1235,#1236,
#1237,#1238,#1239,#1240,#1241,#1242,#1243,#1244,#1245,#1246,#1247,#1248,#1249,
#1250,#1251,#1252,#1253,#1254,#1255,#1256,#1257,#1258,#1259,#1260,#1261,#1262,
#1263,#1264,#1265,#1266,#1267,#1268,#1269,#1270,#1271,#1272,#1273,#1274,#1275,
#1276,#1277,#1278,#1279,#1280,#1281,#1282,#1283,#1284,#1285,#1286,#1287,#1288,
#1289,#1290,#1291,#1292,#1293,#1294,#1295,#1296,#1297,#1298,#1299,#1300,#1301,
#1302,#1303,#1304,#1305,#1306,#1307,#1308,#1309,#1310,#1311,#1312,#1313,#1314,
#1315,#1316),.UNSPECIFIED.,.F.,.F.,(4,1,1,1,1,1,1,1,1,1,1,1,1,1,1,1,1,1,1,1,1,1,
1,1,1,1,1,1,1,1,1,1,1,1,1,1,1,1,1,1,1,1,1,1,1,1,1,1,1,1,1,1,1,1,1,1,1,1,1,1,1,1,
1,1,1,1,1,1,1,1,1,1,1,1,1,1,1,1,1,1,1,1,1,1,4),(0.E0,1.190476190476E-2,
2.380952380952E-2,3.571428571429E-2,4.761904761905E-2,5.952380952381E-2,
7.142857142857E-2,8.333333333333E-2,9.523809523810E-2,1.071428571429E-1,
1.190476190476E-1,1.309523809524E-1,1.428571428571E-1,1.547619047619E-1,
1.666666666667E-1,1.785714285714E-1,1.904761904762E-1,2.023809523810E-1,
2.142857142857E-1,2.261904761905E-1,2.380952380952E-1,2.5E-1,2.619047619048E-1,
2.738095238095E-1,2.857142857143E-1,2.976190476190E-1,3.095238095238E-1,
3.214285714286E-1,3.333333333333E-1,3.452380952381E-1,3.571428571429E-1,
3.690476190476E-1,3.809523809524E-1,3.928571428571E-1,4.047619047619E-1,
4.166666666667E-1,4.285714285714E-1,4.404761904762E-1,4.523809523810E-1,
4.642857142857E-1,4.761904761905E-1,4.880952380952E-1,5.E-1,5.119047619048E-1,
5.238095238095E-1,5.357142857143E-1,5.476190476190E-1,5.595238095238E-1,
5.714285714286E-1,5.833333333333E-1,5.952380952381E-1,6.071428571429E-1,
6.190476190476E-1,6.309523809524E-1,6.428571428571E-1,6.547619047619E-1,
6.666666666667E-1,6.785714285714E-1,6.904761904762E-1,7.023809523810E-1,
7.142857142857E-1,7.261904761905E-1,7.380952380952E-1,7.5E-1,7.619047619048E-1,
7.738095238095E-1,7.857142857143E-1,7.976190476190E-1,8.095238095238E-1,
8.214285714286E-1,8.333333333333E-1,8.452380952381E-1,8.571428571429E-1,
8.690476190476E-1,8.809523809524E-1,8.928571428571E-1,9.047619047619E-1,
9.166666666667E-1,9.285714285714E-1,9.404761904762E-1,9.523809523810E-1,
9.642857142857E-1,9.761904761905E-1,9.880952380952E-1,1.E0),.UNSPECIFIED.);
#1370=B_SPLINE_CURVE_WITH_KNOTS('',3,(#1321,#1322,#1323,#1324,#1325,#1326,#1327,
#1328,#1329,#1330,#1331,#1332,#1333,#1334,#1335,#1336,#1337,#1338,#1339,#1340,
#1341,#1342,#1343,#1344,#1345,#1346,#1347,#1348,#1349,#1350,#1351,#1352,#1353,
#1354,#1355,#1356,#1357,#1358,#1359,#1360,#1361,#1362,#1363,#1364,#1365,#1366,
#1367,#1368,#1369),.UNSPECIFIED.,.F.,.F.,(4,1,1,1,1,1,1,1,1,1,1,1,1,1,1,1,1,1,1,
1,1,1,1,1,1,1,1,1,1,1,1,1,1,1,1,1,1,1,1,1,1,1,1,1,1,1,4),(0.E0,
2.173913043478E-2,4.347826086957E-2,6.521739130435E-2,8.695652173913E-2,
1.086956521739E-1,1.304347826087E-1,1.521739130435E-1,1.739130434783E-1,
1.956521739130E-1,2.173913043478E-1,2.391304347826E-1,2.608695652174E-1,
2.826086956522E-1,3.043478260870E-1,3.260869565217E-1,3.478260869565E-1,
3.695652173913E-1,3.913043478261E-1,4.130434782609E-1,4.347826086957E-1,
4.565217391304E-1,4.782608695652E-1,5.E-1,5.217391304348E-1,5.434782608696E-1,
5.652173913043E-1,5.869565217391E-1,6.086956521739E-1,6.304347826087E-1,
6.521739130435E-1,6.739130434783E-1,6.956521739130E-1,7.173913043478E-1,
7.391304347826E-1,7.608695652174E-1,7.826086956522E-1,8.043478260870E-1,
8.260869565217E-1,8.478260869565E-1,8.695652173913E-1,8.913043478261E-1,
9.130434782609E-1,9.347826086957E-1,9.565217391304E-1,9.782608695652E-1,1.E0),
.UNSPECIFIED.);
#1425=B_SPLINE_CURVE_WITH_KNOTS('',3,(#1381,#1382,#1383,#1384,#1385,#1386,#1387,
#1388,#1389,#1390,#1391,#1392,#1393,#1394,#1395,#1396,#1397,#1398,#1399,#1400,
#1401,#1402,#1403,#1404,#1405,#1406,#1407,#1408,#1409,#1410,#1411,#1412,#1413,
#1414,#1415,#1416,#1417,#1418,#1419,#1420,#1421,#1422,#1423,#1424),
.UNSPECIFIED.,.F.,.F.,(4,1,1,1,1,1,1,1,1,1,1,1,1,1,1,1,1,1,1,1,1,1,1,1,1,1,1,1,
1,1,1,1,1,1,1,1,1,1,1,1,1,4),(0.E0,2.439024390244E-2,4.878048780488E-2,
7.317073170732E-2,9.756097560976E-2,1.219512195122E-1,1.463414634146E-1,
1.707317073171E-1,1.951219512195E-1,2.195121951220E-1,2.439024390244E-1,
2.682926829268E-1,2.926829268293E-1,3.170731707317E-1,3.414634146341E-1,
3.658536585366E-1,3.902439024390E-1,4.146341463415E-1,4.390243902439E-1,
4.634146341463E-1,4.878048780488E-1,5.121951219512E-1,5.365853658537E-1,
5.609756097561E-1,5.853658536585E-1,6.097560975610E-1,6.341463414634E-1,
6.585365853659E-1,6.829268292683E-1,7.073170731707E-1,7.317073170732E-1,
7.560975609756E-1,7.804878048780E-1,8.048780487805E-1,8.292682926829E-1,
8.536585365854E-1,8.780487804878E-1,9.024390243902E-1,9.268292682927E-1,
9.512195121951E-1,9.756097560976E-1,1.E0),.UNSPECIFIED.);
#1437=B_SPLINE_CURVE_WITH_KNOTS('',3,(#1429,#1430,#1431,#1432,#1433,#1434,#1435,
#1436),.UNSPECIFIED.,.F.,.F.,(4,1,1,1,1,4),(0.E0,2.E-1,4.E-1,6.E-1,8.E-1,1.E0),
.UNSPECIFIED.);
#1449=B_SPLINE_CURVE_WITH_KNOTS('',3,(#1441,#1442,#1443,#1444,#1445,#1446,#1447,
#1448),.UNSPECIFIED.,.F.,.F.,(4,1,1,1,1,4),(0.E0,2.E-1,4.E-1,6.E-1,8.E-1,1.E0),
.UNSPECIFIED.);
#1497=B_SPLINE_CURVE_WITH_KNOTS('',3,(#1453,#1454,#1455,#1456,#1457,#1458,#1459,
#1460,#1461,#1462,#1463,#1464,#1465,#1466,#1467,#1468,#1469,#1470,#1471,#1472,
#1473,#1474,#1475,#1476,#1477,#1478,#1479,#1480,#1481,#1482,#1483,#1484,#1485,
#1486,#1487,#1488,#1489,#1490,#1491,#1492,#1493,#1494,#1495,#1496),
.UNSPECIFIED.,.F.,.F.,(4,1,1,1,1,1,1,1,1,1,1,1,1,1,1,1,1,1,1,1,1,1,1,1,1,1,1,1,
1,1,1,1,1,1,1,1,1,1,1,1,1,4),(0.E0,2.439024390244E-2,4.878048780488E-2,
7.317073170732E-2,9.756097560976E-2,1.219512195122E-1,1.463414634146E-1,
1.707317073171E-1,1.951219512195E-1,2.195121951220E-1,2.439024390244E-1,
2.682926829268E-1,2.926829268293E-1,3.170731707317E-1,3.414634146341E-1,
3.658536585366E-1,3.902439024390E-1,4.146341463415E-1,4.390243902439E-1,
4.634146341463E-1,4.878048780488E-1,5.121951219512E-1,5.365853658537E-1,
5.609756097561E-1,5.853658536585E-1,6.097560975610E-1,6.341463414634E-1,
6.585365853659E-1,6.829268292683E-1,7.073170731707E-1,7.317073170732E-1,
7.560975609756E-1,7.804878048780E-1,8.048780487805E-1,8.292682926829E-1,
8.536585365854E-1,8.780487804878E-1,9.024390243902E-1,9.268292682927E-1,
9.512195121951E-1,9.756097560976E-1,1.E0),.UNSPECIFIED.);
#1557=B_SPLINE_CURVE_WITH_KNOTS('',3,(#1508,#1509,#1510,#1511,#1512,#1513,#1514,
#1515,#1516,#1517,#1518,#1519,#1520,#1521,#1522,#1523,#1524,#1525,#1526,#1527,
#1528,#1529,#1530,#1531,#1532,#1533,#1534,#1535,#1536,#1537,#1538,#1539,#1540,
#1541,#1542,#1543,#1544,#1545,#1546,#1547,#1548,#1549,#1550,#1551,#1552,#1553,
#1554,#1555,#1556),.UNSPECIFIED.,.F.,.F.,(4,1,1,1,1,1,1,1,1,1,1,1,1,1,1,1,1,1,1,
1,1,1,1,1,1,1,1,1,1,1,1,1,1,1,1,1,1,1,1,1,1,1,1,1,1,1,4),(0.E0,
2.173913043478E-2,4.347826086957E-2,6.521739130435E-2,8.695652173913E-2,
1.086956521739E-1,1.304347826087E-1,1.521739130435E-1,1.739130434783E-1,
1.956521739130E-1,2.173913043478E-1,2.391304347826E-1,2.608695652174E-1,
2.826086956522E-1,3.043478260870E-1,3.260869565217E-1,3.478260869565E-1,
3.695652173913E-1,3.913043478261E-1,4.130434782609E-1,4.347826086957E-1,
4.565217391304E-1,4.782608695652E-1,5.E-1,5.217391304348E-1,5.434782608696E-1,
5.652173913043E-1,5.869565217391E-1,6.086956521739E-1,6.304347826087E-1,
6.521739130435E-1,6.739130434783E-1,6.956521739130E-1,7.173913043478E-1,
7.391304347826E-1,7.608695652174E-1,7.826086956522E-1,8.043478260870E-1,
8.260869565217E-1,8.478260869565E-1,8.695652173913E-1,8.913043478261E-1,
9.130434782609E-1,9.347826086957E-1,9.565217391304E-1,9.782608695652E-1,1.E0),
.UNSPECIFIED.);
#1610=B_SPLINE_CURVE_WITH_KNOTS('',3,(#1561,#1562,#1563,#1564,#1565,#1566,#1567,
#1568,#1569,#1570,#1571,#1572,#1573,#1574,#1575,#1576,#1577,#1578,#1579,#1580,
#1581,#1582,#1583,#1584,#1585,#1586,#1587,#1588,#1589,#1590,#1591,#1592,#1593,
#1594,#1595,#1596,#1597,#1598,#1599,#1600,#1601,#1602,#1603,#1604,#1605,#1606,
#1607,#1608,#1609),.UNSPECIFIED.,.F.,.F.,(4,1,1,1,1,1,1,1,1,1,1,1,1,1,1,1,1,1,1,
1,1,1,1,1,1,1,1,1,1,1,1,1,1,1,1,1,1,1,1,1,1,1,1,1,1,1,4),(0.E0,
2.173913043478E-2,4.347826086957E-2,6.521739130435E-2,8.695652173913E-2,
1.086956521739E-1,1.304347826087E-1,1.521739130435E-1,1.739130434783E-1,
1.956521739130E-1,2.173913043478E-1,2.391304347826E-1,2.608695652174E-1,
2.826086956522E-1,3.043478260870E-1,3.260869565217E-1,3.478260869565E-1,
3.695652173913E-1,3.913043478261E-1,4.130434782609E-1,4.347826086957E-1,
4.565217391304E-1,4.782608695652E-1,5.E-1,5.217391304348E-1,5.434782608696E-1,
5.652173913043E-1,5.869565217391E-1,6.086956521739E-1,6.304347826087E-1,
6.521739130435E-1,6.739130434783E-1,6.956521739130E-1,7.173913043478E-1,
7.391304347826E-1,7.608695652174E-1,7.826086956522E-1,8.043478260870E-1,
8.260869565217E-1,8.478260869565E-1,8.695652173913E-1,8.913043478261E-1,
9.130434782609E-1,9.347826086957E-1,9.565217391304E-1,9.782608695652E-1,1.E0),
.UNSPECIFIED.);
#1670=B_SPLINE_CURVE_WITH_KNOTS('',3,(#1621,#1622,#1623,#1624,#1625,#1626,#1627,
#1628,#1629,#1630,#1631,#1632,#1633,#1634,#1635,#1636,#1637,#1638,#1639,#1640,
#1641,#1642,#1643,#1644,#1645,#1646,#1647,#1648,#1649,#1650,#1651,#1652,#1653,
#1654,#1655,#1656,#1657,#1658,#1659,#1660,#1661,#1662,#1663,#1664,#1665,#1666,
#1667,#1668,#1669),.UNSPECIFIED.,.F.,.F.,(4,1,1,1,1,1,1,1,1,1,1,1,1,1,1,1,1,1,1,
1,1,1,1,1,1,1,1,1,1,1,1,1,1,1,1,1,1,1,1,1,1,1,1,1,1,1,4),(0.E0,
2.173913043478E-2,4.347826086957E-2,6.521739130435E-2,8.695652173913E-2,
1.086956521739E-1,1.304347826087E-1,1.521739130435E-1,1.739130434783E-1,
1.956521739130E-1,2.173913043478E-1,2.391304347826E-1,2.608695652174E-1,
2.826086956522E-1,3.043478260870E-1,3.260869565217E-1,3.478260869565E-1,
3.695652173913E-1,3.913043478261E-1,4.130434782609E-1,4.347826086957E-1,
4.565217391304E-1,4.782608695652E-1,5.E-1,5.217391304348E-1,5.434782608696E-1,
5.652173913043E-1,5.869565217391E-1,6.086956521739E-1,6.304347826087E-1,
6.521739130435E-1,6.739130434783E-1,6.956521739130E-1,7.173913043478E-1,
7.391304347826E-1,7.608695652174E-1,7.826086956522E-1,8.043478260870E-1,
8.260869565217E-1,8.478260869565E-1,8.695652173913E-1,8.913043478261E-1,
9.130434782609E-1,9.347826086957E-1,9.565217391304E-1,9.782608695652E-1,1.E0),
.UNSPECIFIED.);
#1706=B_SPLINE_CURVE_WITH_KNOTS('',3,(#1674,#1675,#1676,#1677,#1678,#1679,#1680,
#1681,#1682,#1683,#1684,#1685,#1686,#1687,#1688,#1689,#1690,#1691,#1692,#1693,
#1694,#1695,#1696,#1697,#1698,#1699,#1700,#1701,#1702,#1703,#1704,#1705),
.UNSPECIFIED.,.F.,.F.,(4,1,1,1,1,1,1,1,1,1,1,1,1,1,1,1,1,1,1,1,1,1,1,1,1,1,1,1,
1,4),(0.E0,3.448275862069E-2,6.896551724138E-2,1.034482758621E-1,
1.379310344828E-1,1.724137931034E-1,2.068965517241E-1,2.413793103448E-1,
2.758620689655E-1,3.103448275862E-1,3.448275862069E-1,3.793103448276E-1,
4.137931034483E-1,4.482758620690E-1,4.827586206897E-1,5.172413793103E-1,
5.517241379310E-1,5.862068965517E-1,6.206896551724E-1,6.551724137931E-1,
6.896551724138E-1,7.241379310345E-1,7.586206896552E-1,7.931034482759E-1,
8.275862068966E-1,8.620689655172E-1,8.965517241379E-1,9.310344827586E-1,
9.655172413793E-1,1.E0),.UNSPECIFIED.);
#1901=B_SPLINE_CURVE_WITH_KNOTS('',3,(#1710,#1711,#1712,#1713,#1714,#1715,#1716,
#1717,#1718,#1719,#1720,#1721,#1722,#1723,#1724,#1725,#1726,#1727,#1728,#1729,
#1730,#1731,#1732,#1733,#1734,#1735,#1736,#1737,#1738,#1739,#1740,#1741,#1742,
#1743,#1744,#1745,#1746,#1747,#1748,#1749,#1750,#1751,#1752,#1753,#1754,#1755,
#1756,#1757,#1758,#1759,#1760,#1761,#1762,#1763,#1764,#1765,#1766,#1767,#1768,
#1769,#1770,#1771,#1772,#1773,#1774,#1775,#1776,#1777,#1778,#1779,#1780,#1781,
#1782,#1783,#1784,#1785,#1786,#1787,#1788,#1789,#1790,#1791,#1792,#1793,#1794,
#1795,#1796,#1797,#1798,#1799,#1800,#1801,#1802,#1803,#1804,#1805,#1806,#1807,
#1808,#1809,#1810,#1811,#1812,#1813,#1814,#1815,#1816,#1817,#1818,#1819,#1820,
#1821,#1822,#1823,#1824,#1825,#1826,#1827,#1828,#1829,#1830,#1831,#1832,#1833,
#1834,#1835,#1836,#1837,#1838,#1839,#1840,#1841,#1842,#1843,#1844,#1845,#1846,
#1847,#1848,#1849,#1850,#1851,#1852,#1853,#1854,#1855,#1856,#1857,#1858,#1859,
#1860,#1861,#1862,#1863,#1864,#1865,#1866,#1867,#1868,#1869,#1870,#1871,#1872,
#1873,#1874,#1875,#1876,#1877,#1878,#1879,#1880,#1881,#1882,#1883,#1884,#1885,
#1886,#1887,#1888,#1889,#1890,#1891,#1892,#1893,#1894,#1895,#1896,#1897,#1898,
#1899,#1900),.UNSPECIFIED.,.F.,.F.,(4,1,1,1,1,1,1,1,1,1,1,1,1,1,1,1,1,1,1,1,1,1,
1,1,1,1,1,1,1,1,1,1,1,1,1,1,1,1,1,1,1,1,1,1,1,1,1,1,1,1,1,1,1,1,1,1,1,1,1,1,1,1,
1,1,1,1,1,1,1,1,1,1,1,1,1,1,1,1,1,1,1,1,1,1,1,1,1,1,1,1,1,1,1,1,1,1,1,1,1,1,1,1,
1,1,1,1,1,1,1,1,1,1,1,1,1,1,1,1,1,1,1,1,1,1,1,1,1,1,1,1,1,1,1,1,1,1,1,1,1,1,1,1,
1,1,1,1,1,1,1,1,1,1,1,1,1,1,1,1,1,1,1,1,1,1,1,1,1,1,1,1,1,1,1,1,1,1,1,1,1,1,1,1,
1,1,1,1,1,1,4),(0.E0,5.319148936170E-3,1.063829787234E-2,1.595744680851E-2,
2.127659574468E-2,2.659574468085E-2,3.191489361702E-2,3.723404255319E-2,
4.255319148936E-2,4.787234042553E-2,5.319148936170E-2,5.851063829787E-2,
6.382978723404E-2,6.914893617021E-2,7.446808510638E-2,7.978723404255E-2,
8.510638297872E-2,9.042553191489E-2,9.574468085106E-2,1.010638297872E-1,
1.063829787234E-1,1.117021276596E-1,1.170212765957E-1,1.223404255319E-1,
1.276595744681E-1,1.329787234043E-1,1.382978723404E-1,1.436170212766E-1,
1.489361702128E-1,1.542553191489E-1,1.595744680851E-1,1.648936170213E-1,
1.702127659574E-1,1.755319148936E-1,1.808510638298E-1,1.861702127660E-1,
1.914893617021E-1,1.968085106383E-1,2.021276595745E-1,2.074468085106E-1,
2.127659574468E-1,2.180851063830E-1,2.234042553191E-1,2.287234042553E-1,
2.340425531915E-1,2.393617021277E-1,2.446808510638E-1,2.5E-1,2.553191489362E-1,
2.606382978723E-1,2.659574468085E-1,2.712765957447E-1,2.765957446809E-1,
2.819148936170E-1,2.872340425532E-1,2.925531914894E-1,2.978723404255E-1,
3.031914893617E-1,3.085106382979E-1,3.138297872340E-1,3.191489361702E-1,
3.244680851064E-1,3.297872340426E-1,3.351063829787E-1,3.404255319149E-1,
3.457446808511E-1,3.510638297872E-1,3.563829787234E-1,3.617021276596E-1,
3.670212765957E-1,3.723404255319E-1,3.776595744681E-1,3.829787234043E-1,
3.882978723404E-1,3.936170212766E-1,3.989361702128E-1,4.042553191489E-1,
4.095744680851E-1,4.148936170213E-1,4.202127659574E-1,4.255319148936E-1,
4.308510638298E-1,4.361702127660E-1,4.414893617021E-1,4.468085106383E-1,
4.521276595745E-1,4.574468085106E-1,4.627659574468E-1,4.680851063830E-1,
4.734042553191E-1,4.787234042553E-1,4.840425531915E-1,4.893617021277E-1,
4.946808510638E-1,5.E-1,5.053191489362E-1,5.106382978723E-1,5.159574468085E-1,
5.212765957447E-1,5.265957446809E-1,5.319148936170E-1,5.372340425532E-1,
5.425531914894E-1,5.478723404255E-1,5.531914893617E-1,5.585106382979E-1,
5.638297872340E-1,5.691489361702E-1,5.744680851064E-1,5.797872340426E-1,
5.851063829787E-1,5.904255319149E-1,5.957446808511E-1,6.010638297872E-1,
6.063829787234E-1,6.117021276596E-1,6.170212765957E-1,6.223404255319E-1,
6.276595744681E-1,6.329787234043E-1,6.382978723404E-1,6.436170212766E-1,
6.489361702128E-1,6.542553191489E-1,6.595744680851E-1,6.648936170213E-1,
6.702127659574E-1,6.755319148936E-1,6.808510638298E-1,6.861702127660E-1,
6.914893617021E-1,6.968085106383E-1,7.021276595745E-1,7.074468085106E-1,
7.127659574468E-1,7.180851063830E-1,7.234042553191E-1,7.287234042553E-1,
7.340425531915E-1,7.393617021277E-1,7.446808510638E-1,7.5E-1,7.553191489362E-1,
7.606382978723E-1,7.659574468085E-1,7.712765957447E-1,7.765957446809E-1,
7.819148936170E-1,7.872340425532E-1,7.925531914894E-1,7.978723404255E-1,
8.031914893617E-1,8.085106382979E-1,8.138297872340E-1,8.191489361702E-1,
8.244680851064E-1,8.297872340426E-1,8.351063829787E-1,8.404255319149E-1,
8.457446808511E-1,8.510638297872E-1,8.563829787234E-1,8.617021276596E-1,
8.670212765957E-1,8.723404255319E-1,8.776595744681E-1,8.829787234043E-1,
8.882978723404E-1,8.936170212766E-1,8.989361702128E-1,9.042553191489E-1,
9.095744680851E-1,9.148936170213E-1,9.202127659574E-1,9.255319148936E-1,
9.308510638298E-1,9.361702127660E-1,9.414893617021E-1,9.468085106383E-1,
9.521276595745E-1,9.574468085106E-1,9.627659574468E-1,9.680851063830E-1,
9.734042553191E-1,9.787234042553E-1,9.840425531915E-1,9.893617021277E-1,
9.946808510638E-1,1.E0),.UNSPECIFIED.);
#1937=B_SPLINE_CURVE_WITH_KNOTS('',3,(#1912,#1913,#1914,#1915,#1916,#1917,#1918,
#1919,#1920,#1921,#1922,#1923,#1924,#1925,#1926,#1927,#1928,#1929,#1930,#1931,
#1932,#1933,#1934,#1935,#1936),.UNSPECIFIED.,.F.,.F.,(4,1,1,1,1,1,1,1,1,1,1,1,1,
1,1,1,1,1,1,1,1,1,4),(0.E0,4.545454545455E-2,9.090909090909E-2,
1.363636363636E-1,1.818181818182E-1,2.272727272727E-1,2.727272727273E-1,
3.181818181818E-1,3.636363636364E-1,4.090909090909E-1,4.545454545455E-1,5.E-1,
5.454545454545E-1,5.909090909091E-1,6.363636363636E-1,6.818181818182E-1,
7.272727272727E-1,7.727272727273E-1,8.181818181818E-1,8.636363636364E-1,
9.090909090909E-1,9.545454545455E-1,1.E0),.UNSPECIFIED.);
#2154=B_SPLINE_CURVE_WITH_KNOTS('',3,(#1941,#1942,#1943,#1944,#1945,#1946,#1947,
#1948,#1949,#1950,#1951,#1952,#1953,#1954,#1955,#1956,#1957,#1958,#1959,#1960,
#1961,#1962,#1963,#1964,#1965,#1966,#1967,#1968,#1969,#1970,#1971,#1972,#1973,
#1974,#1975,#1976,#1977,#1978,#1979,#1980,#1981,#1982,#1983,#1984,#1985,#1986,
#1987,#1988,#1989,#1990,#1991,#1992,#1993,#1994,#1995,#1996,#1997,#1998,#1999,
#2000,#2001,#2002,#2003,#2004,#2005,#2006,#2007,#2008,#2009,#2010,#2011,#2012,
#2013,#2014,#2015,#2016,#2017,#2018,#2019,#2020,#2021,#2022,#2023,#2024,#2025,
#2026,#2027,#2028,#2029,#2030,#2031,#2032,#2033,#2034,#2035,#2036,#2037,#2038,
#2039,#2040,#2041,#2042,#2043,#2044,#2045,#2046,#2047,#2048,#2049,#2050,#2051,
#2052,#2053,#2054,#2055,#2056,#2057,#2058,#2059,#2060,#2061,#2062,#2063,#2064,
#2065,#2066,#2067,#2068,#2069,#2070,#2071,#2072,#2073,#2074,#2075,#2076,#2077,
#2078,#2079,#2080,#2081,#2082,#2083,#2084,#2085,#2086,#2087,#2088,#2089,#2090,
#2091,#2092,#2093,#2094,#2095,#2096,#2097,#2098,#2099,#2100,#2101,#2102,#2103,
#2104,#2105,#2106,#2107,#2108,#2109,#2110,#2111,#2112,#2113,#2114,#2115,#2116,
#2117,#2118,#2119,#2120,#2121,#2122,#2123,#2124,#2125,#2126,#2127,#2128,#2129,
#2130,#2131,#2132,#2133,#2134,#2135,#2136,#2137,#2138,#2139,#2140,#2141,#2142,
#2143,#2144,#2145,#2146,#2147,#2148,#2149,#2150,#2151,#2152,#2153),
.UNSPECIFIED.,.F.,.F.,(4,1,1,1,1,1,1,1,1,1,1,1,1,1,1,1,1,1,1,1,1,1,1,1,1,1,1,1,
1,1,1,1,1,1,1,1,1,1,1,1,1,1,1,1,1,1,1,1,1,1,1,1,1,1,1,1,1,1,1,1,1,1,1,1,1,1,1,1,
1,1,1,1,1,1,1,1,1,1,1,1,1,1,1,1,1,1,1,1,1,1,1,1,1,1,1,1,1,1,1,1,1,1,1,1,1,1,1,1,
1,1,1,1,1,1,1,1,1,1,1,1,1,1,1,1,1,1,1,1,1,1,1,1,1,1,1,1,1,1,1,1,1,1,1,1,1,1,1,1,
1,1,1,1,1,1,1,1,1,1,1,1,1,1,1,1,1,1,1,1,1,1,1,1,1,1,1,1,1,1,1,1,1,1,1,1,1,1,1,1,
1,1,1,1,1,1,1,1,1,1,1,1,1,1,1,1,1,1,1,1,1,1,4),(0.E0,4.761904761905E-3,
9.523809523810E-3,1.428571428571E-2,1.904761904762E-2,2.380952380952E-2,
2.857142857143E-2,3.333333333333E-2,3.809523809524E-2,4.285714285714E-2,
4.761904761905E-2,5.238095238095E-2,5.714285714286E-2,6.190476190476E-2,
6.666666666667E-2,7.142857142857E-2,7.619047619048E-2,8.095238095238E-2,
8.571428571429E-2,9.047619047619E-2,9.523809523810E-2,1.E-1,1.047619047619E-1,
1.095238095238E-1,1.142857142857E-1,1.190476190476E-1,1.238095238095E-1,
1.285714285714E-1,1.333333333333E-1,1.380952380952E-1,1.428571428571E-1,
1.476190476190E-1,1.523809523810E-1,1.571428571429E-1,1.619047619048E-1,
1.666666666667E-1,1.714285714286E-1,1.761904761905E-1,1.809523809524E-1,
1.857142857143E-1,1.904761904762E-1,1.952380952381E-1,2.E-1,2.047619047619E-1,
2.095238095238E-1,2.142857142857E-1,2.190476190476E-1,2.238095238095E-1,
2.285714285714E-1,2.333333333333E-1,2.380952380952E-1,2.428571428571E-1,
2.476190476190E-1,2.523809523810E-1,2.571428571429E-1,2.619047619048E-1,
2.666666666667E-1,2.714285714286E-1,2.761904761905E-1,2.809523809524E-1,
2.857142857143E-1,2.904761904762E-1,2.952380952381E-1,3.E-1,3.047619047619E-1,
3.095238095238E-1,3.142857142857E-1,3.190476190476E-1,3.238095238095E-1,
3.285714285714E-1,3.333333333333E-1,3.380952380952E-1,3.428571428571E-1,
3.476190476190E-1,3.523809523810E-1,3.571428571429E-1,3.619047619048E-1,
3.666666666667E-1,3.714285714286E-1,3.761904761905E-1,3.809523809524E-1,
3.857142857143E-1,3.904761904762E-1,3.952380952381E-1,4.E-1,4.047619047619E-1,
4.095238095238E-1,4.142857142857E-1,4.190476190476E-1,4.238095238095E-1,
4.285714285714E-1,4.333333333333E-1,4.380952380952E-1,4.428571428571E-1,
4.476190476190E-1,4.523809523810E-1,4.571428571429E-1,4.619047619048E-1,
4.666666666667E-1,4.714285714286E-1,4.761904761905E-1,4.809523809524E-1,
4.857142857143E-1,4.904761904762E-1,4.952380952381E-1,5.E-1,5.047619047619E-1,
5.095238095238E-1,5.142857142857E-1,5.190476190476E-1,5.238095238095E-1,
5.285714285714E-1,5.333333333333E-1,5.380952380952E-1,5.428571428571E-1,
5.476190476190E-1,5.523809523810E-1,5.571428571429E-1,5.619047619048E-1,
5.666666666667E-1,5.714285714286E-1,5.761904761905E-1,5.809523809524E-1,
5.857142857143E-1,5.904761904762E-1,5.952380952381E-1,6.E-1,6.047619047619E-1,
6.095238095238E-1,6.142857142857E-1,6.190476190476E-1,6.238095238095E-1,
6.285714285714E-1,6.333333333333E-1,6.380952380952E-1,6.428571428571E-1,
6.476190476190E-1,6.523809523810E-1,6.571428571429E-1,6.619047619048E-1,
6.666666666667E-1,6.714285714286E-1,6.761904761905E-1,6.809523809524E-1,
6.857142857143E-1,6.904761904762E-1,6.952380952381E-1,7.E-1,7.047619047619E-1,
7.095238095238E-1,7.142857142857E-1,7.190476190476E-1,7.238095238095E-1,
7.285714285714E-1,7.333333333333E-1,7.380952380952E-1,7.428571428571E-1,
7.476190476190E-1,7.523809523810E-1,7.571428571429E-1,7.619047619048E-1,
7.666666666667E-1,7.714285714286E-1,7.761904761905E-1,7.809523809524E-1,
7.857142857143E-1,7.904761904762E-1,7.952380952381E-1,8.E-1,8.047619047619E-1,
8.095238095238E-1,8.142857142857E-1,8.190476190476E-1,8.238095238095E-1,
8.285714285714E-1,8.333333333333E-1,8.380952380952E-1,8.428571428571E-1,
8.476190476190E-1,8.523809523810E-1,8.571428571429E-1,8.619047619048E-1,
8.666666666667E-1,8.714285714286E-1,8.761904761905E-1,8.809523809524E-1,
8.857142857143E-1,8.904761904762E-1,8.952380952381E-1,9.E-1,9.047619047619E-1,
9.095238095238E-1,9.142857142857E-1,9.190476190476E-1,9.238095238095E-1,
9.285714285714E-1,9.333333333333E-1,9.380952380952E-1,9.428571428571E-1,
9.476190476190E-1,9.523809523810E-1,9.571428571429E-1,9.619047619048E-1,
9.666666666667E-1,9.714285714286E-1,9.761904761905E-1,9.809523809524E-1,
9.857142857143E-1,9.904761904762E-1,9.952380952381E-1,1.E0),.UNSPECIFIED.);
#2406=B_SPLINE_CURVE_WITH_KNOTS('',3,(#2165,#2166,#2167,#2168,#2169,#2170,#2171,
#2172,#2173,#2174,#2175,#2176,#2177,#2178,#2179,#2180,#2181,#2182,#2183,#2184,
#2185,#2186,#2187,#2188,#2189,#2190,#2191,#2192,#2193,#2194,#2195,#2196,#2197,
#2198,#2199,#2200,#2201,#2202,#2203,#2204,#2205,#2206,#2207,#2208,#2209,#2210,
#2211,#2212,#2213,#2214,#2215,#2216,#2217,#2218,#2219,#2220,#2221,#2222,#2223,
#2224,#2225,#2226,#2227,#2228,#2229,#2230,#2231,#2232,#2233,#2234,#2235,#2236,
#2237,#2238,#2239,#2240,#2241,#2242,#2243,#2244,#2245,#2246,#2247,#2248,#2249,
#2250,#2251,#2252,#2253,#2254,#2255,#2256,#2257,#2258,#2259,#2260,#2261,#2262,
#2263,#2264,#2265,#2266,#2267,#2268,#2269,#2270,#2271,#2272,#2273,#2274,#2275,
#2276,#2277,#2278,#2279,#2280,#2281,#2282,#2283,#2284,#2285,#2286,#2287,#2288,
#2289,#2290,#2291,#2292,#2293,#2294,#2295,#2296,#2297,#2298,#2299,#2300,#2301,
#2302,#2303,#2304,#2305,#2306,#2307,#2308,#2309,#2310,#2311,#2312,#2313,#2314,
#2315,#2316,#2317,#2318,#2319,#2320,#2321,#2322,#2323,#2324,#2325,#2326,#2327,
#2328,#2329,#2330,#2331,#2332,#2333,#2334,#2335,#2336,#2337,#2338,#2339,#2340,
#2341,#2342,#2343,#2344,#2345,#2346,#2347,#2348,#2349,#2350,#2351,#2352,#2353,
#2354,#2355,#2356,#2357,#2358,#2359,#2360,#2361,#2362,#2363,#2364,#2365,#2366,
#2367,#2368,#2369,#2370,#2371,#2372,#2373,#2374,#2375,#2376,#2377,#2378,#2379,
#2380,#2381,#2382,#2383,#2384,#2385,#2386,#2387,#2388,#2389,#2390,#2391,#2392,
#2393,#2394,#2395,#2396,#2397,#2398,#2399,#2400,#2401,#2402,#2403,#2404,#2405),
.UNSPECIFIED.,.F.,.F.,(4,1,1,1,1,1,1,1,1,1,1,1,1,1,1,1,1,1,1,1,1,1,1,1,1,1,1,1,
1,1,1,1,1,1,1,1,1,1,1,1,1,1,1,1,1,1,1,1,1,1,1,1,1,1,1,1,1,1,1,1,1,1,1,1,1,1,1,1,
1,1,1,1,1,1,1,1,1,1,1,1,1,1,1,1,1,1,1,1,1,1,1,1,1,1,1,1,1,1,1,1,1,1,1,1,1,1,1,1,
1,1,1,1,1,1,1,1,1,1,1,1,1,1,1,1,1,1,1,1,1,1,1,1,1,1,1,1,1,1,1,1,1,1,1,1,1,1,1,1,
1,1,1,1,1,1,1,1,1,1,1,1,1,1,1,1,1,1,1,1,1,1,1,1,1,1,1,1,1,1,1,1,1,1,1,1,1,1,1,1,
1,1,1,1,1,1,1,1,1,1,1,1,1,1,1,1,1,1,1,1,1,1,1,1,1,1,1,1,1,1,1,1,1,1,1,1,1,1,1,1,
1,1,1,1,1,1,1,1,1,1,4),(0.E0,4.201680672269E-3,8.403361344538E-3,
1.260504201681E-2,1.680672268908E-2,2.100840336134E-2,2.521008403361E-2,
2.941176470588E-2,3.361344537815E-2,3.781512605042E-2,4.201680672269E-2,
4.621848739496E-2,5.042016806723E-2,5.462184873950E-2,5.882352941176E-2,
6.302521008403E-2,6.722689075630E-2,7.142857142857E-2,7.563025210084E-2,
7.983193277311E-2,8.403361344538E-2,8.823529411765E-2,9.243697478992E-2,
9.663865546218E-2,1.008403361345E-1,1.050420168067E-1,1.092436974790E-1,
1.134453781513E-1,1.176470588235E-1,1.218487394958E-1,1.260504201681E-1,
1.302521008403E-1,1.344537815126E-1,1.386554621849E-1,1.428571428571E-1,
1.470588235294E-1,1.512605042017E-1,1.554621848739E-1,1.596638655462E-1,
1.638655462185E-1,1.680672268908E-1,1.722689075630E-1,1.764705882353E-1,
1.806722689076E-1,1.848739495798E-1,1.890756302521E-1,1.932773109244E-1,
1.974789915966E-1,2.016806722689E-1,2.058823529412E-1,2.100840336134E-1,
2.142857142857E-1,2.184873949580E-1,2.226890756303E-1,2.268907563025E-1,
2.310924369748E-1,2.352941176471E-1,2.394957983193E-1,2.436974789916E-1,
2.478991596639E-1,2.521008403361E-1,2.563025210084E-1,2.605042016807E-1,
2.647058823529E-1,2.689075630252E-1,2.731092436975E-1,2.773109243697E-1,
2.815126050420E-1,2.857142857143E-1,2.899159663866E-1,2.941176470588E-1,
2.983193277311E-1,3.025210084034E-1,3.067226890756E-1,3.109243697479E-1,
3.151260504202E-1,3.193277310924E-1,3.235294117647E-1,3.277310924370E-1,
3.319327731092E-1,3.361344537815E-1,3.403361344538E-1,3.445378151261E-1,
3.487394957983E-1,3.529411764706E-1,3.571428571429E-1,3.613445378151E-1,
3.655462184874E-1,3.697478991597E-1,3.739495798319E-1,3.781512605042E-1,
3.823529411765E-1,3.865546218487E-1,3.907563025210E-1,3.949579831933E-1,
3.991596638655E-1,4.033613445378E-1,4.075630252101E-1,4.117647058824E-1,
4.159663865546E-1,4.201680672269E-1,4.243697478992E-1,4.285714285714E-1,
4.327731092437E-1,4.369747899160E-1,4.411764705882E-1,4.453781512605E-1,
4.495798319328E-1,4.537815126050E-1,4.579831932773E-1,4.621848739496E-1,
4.663865546218E-1,4.705882352941E-1,4.747899159664E-1,4.789915966387E-1,
4.831932773109E-1,4.873949579832E-1,4.915966386555E-1,4.957983193277E-1,5.E-1,
5.042016806723E-1,5.084033613445E-1,5.126050420168E-1,5.168067226891E-1,
5.210084033613E-1,5.252100840336E-1,5.294117647059E-1,5.336134453782E-1,
5.378151260504E-1,5.420168067227E-1,5.462184873950E-1,5.504201680672E-1,
5.546218487395E-1,5.588235294118E-1,5.630252100840E-1,5.672268907563E-1,
5.714285714286E-1,5.756302521008E-1,5.798319327731E-1,5.840336134454E-1,
5.882352941176E-1,5.924369747899E-1,5.966386554622E-1,6.008403361345E-1,
6.050420168067E-1,6.092436974790E-1,6.134453781513E-1,6.176470588235E-1,
6.218487394958E-1,6.260504201681E-1,6.302521008403E-1,6.344537815126E-1,
6.386554621849E-1,6.428571428571E-1,6.470588235294E-1,6.512605042017E-1,
6.554621848739E-1,6.596638655462E-1,6.638655462185E-1,6.680672268908E-1,
6.722689075630E-1,6.764705882353E-1,6.806722689076E-1,6.848739495798E-1,
6.890756302521E-1,6.932773109244E-1,6.974789915966E-1,7.016806722689E-1,
7.058823529412E-1,7.100840336134E-1,7.142857142857E-1,7.184873949580E-1,
7.226890756303E-1,7.268907563025E-1,7.310924369748E-1,7.352941176471E-1,
7.394957983193E-1,7.436974789916E-1,7.478991596639E-1,7.521008403361E-1,
7.563025210084E-1,7.605042016807E-1,7.647058823529E-1,7.689075630252E-1,
7.731092436975E-1,7.773109243697E-1,7.815126050420E-1,7.857142857143E-1,
7.899159663866E-1,7.941176470588E-1,7.983193277311E-1,8.025210084034E-1,
8.067226890756E-1,8.109243697479E-1,8.151260504202E-1,8.193277310924E-1,
8.235294117647E-1,8.277310924370E-1,8.319327731092E-1,8.361344537815E-1,
8.403361344538E-1,8.445378151261E-1,8.487394957983E-1,8.529411764706E-1,
8.571428571429E-1,8.613445378151E-1,8.655462184874E-1,8.697478991597E-1,
8.739495798319E-1,8.781512605042E-1,8.823529411765E-1,8.865546218487E-1,
8.907563025210E-1,8.949579831933E-1,8.991596638655E-1,9.033613445378E-1,
9.075630252101E-1,9.117647058824E-1,9.159663865546E-1,9.201680672269E-1,
9.243697478992E-1,9.285714285714E-1,9.327731092437E-1,9.369747899160E-1,
9.411764705882E-1,9.453781512605E-1,9.495798319328E-1,9.537815126050E-1,
9.579831932773E-1,9.621848739496E-1,9.663865546218E-1,9.705882352941E-1,
9.747899159664E-1,9.789915966387E-1,9.831932773109E-1,9.873949579832E-1,
9.915966386555E-1,9.957983193277E-1,1.E0),.UNSPECIFIED.);
#2435=B_SPLINE_CURVE_WITH_KNOTS('',3,(#2410,#2411,#2412,#2413,#2414,#2415,#2416,
#2417,#2418,#2419,#2420,#2421,#2422,#2423,#2424,#2425,#2426,#2427,#2428,#2429,
#2430,#2431,#2432,#2433,#2434),.UNSPECIFIED.,.F.,.F.,(4,1,1,1,1,1,1,1,1,1,1,1,1,
1,1,1,1,1,1,1,1,1,4),(0.E0,4.545454545455E-2,9.090909090909E-2,
1.363636363636E-1,1.818181818182E-1,2.272727272727E-1,2.727272727273E-1,
3.181818181818E-1,3.636363636364E-1,4.090909090909E-1,4.545454545455E-1,5.E-1,
5.454545454545E-1,5.909090909091E-1,6.363636363636E-1,6.818181818182E-1,
7.272727272727E-1,7.727272727273E-1,8.181818181818E-1,8.636363636364E-1,
9.090909090909E-1,9.545454545455E-1,1.E0),.UNSPECIFIED.);
#2443=CIRCLE('',#2442,3.323417653293E0);
#2469=B_SPLINE_CURVE_WITH_KNOTS('',3,(#2447,#2448,#2449,#2450,#2451,#2452,#2453,
#2454,#2455,#2456,#2457,#2458,#2459,#2460,#2461,#2462,#2463,#2464,#2465,#2466,
#2467,#2468),.UNSPECIFIED.,.F.,.F.,(4,1,1,1,1,1,1,1,1,1,1,1,1,1,1,1,1,1,1,4),(
0.E0,5.263157894737E-2,1.052631578947E-1,1.578947368421E-1,2.105263157895E-1,
2.631578947368E-1,3.157894736842E-1,3.684210526316E-1,4.210526315789E-1,
4.736842105263E-1,5.263157894737E-1,5.789473684211E-1,6.315789473684E-1,
6.842105263158E-1,7.368421052632E-1,7.894736842105E-1,8.421052631579E-1,
8.947368421053E-1,9.473684210526E-1,1.E0),.UNSPECIFIED.);
#2497=B_SPLINE_CURVE_WITH_KNOTS('',3,(#2480,#2481,#2482,#2483,#2484,#2485,#2486,
#2487,#2488,#2489,#2490,#2491,#2492,#2493,#2494,#2495,#2496),.UNSPECIFIED.,.F.,
.F.,(4,1,1,1,1,1,1,1,1,1,1,1,1,1,4),(0.E0,7.142857142857E-2,1.428571428571E-1,
2.142857142857E-1,2.857142857143E-1,3.571428571429E-1,4.285714285714E-1,5.E-1,
5.714285714286E-1,6.428571428571E-1,7.142857142857E-1,7.857142857143E-1,
8.571428571429E-1,9.285714285714E-1,1.E0),.UNSPECIFIED.);
#2557=B_SPLINE_CURVE_WITH_KNOTS('',3,(#2508,#2509,#2510,#2511,#2512,#2513,#2514,
#2515,#2516,#2517,#2518,#2519,#2520,#2521,#2522,#2523,#2524,#2525,#2526,#2527,
#2528,#2529,#2530,#2531,#2532,#2533,#2534,#2535,#2536,#2537,#2538,#2539,#2540,
#2541,#2542,#2543,#2544,#2545,#2546,#2547,#2548,#2549,#2550,#2551,#2552,#2553,
#2554,#2555,#2556),.UNSPECIFIED.,.F.,.F.,(4,1,1,1,1,1,1,1,1,1,1,1,1,1,1,1,1,1,1,
1,1,1,1,1,1,1,1,1,1,1,1,1,1,1,1,1,1,1,1,1,1,1,1,1,1,1,4),(0.E0,
2.173913043478E-2,4.347826086957E-2,6.521739130435E-2,8.695652173913E-2,
1.086956521739E-1,1.304347826087E-1,1.521739130435E-1,1.739130434783E-1,
1.956521739130E-1,2.173913043478E-1,2.391304347826E-1,2.608695652174E-1,
2.826086956522E-1,3.043478260870E-1,3.260869565217E-1,3.478260869565E-1,
3.695652173913E-1,3.913043478261E-1,4.130434782609E-1,4.347826086957E-1,
4.565217391304E-1,4.782608695652E-1,5.E-1,5.217391304348E-1,5.434782608696E-1,
5.652173913043E-1,5.869565217391E-1,6.086956521739E-1,6.304347826087E-1,
6.521739130435E-1,6.739130434783E-1,6.956521739130E-1,7.173913043478E-1,
7.391304347826E-1,7.608695652174E-1,7.826086956522E-1,8.043478260870E-1,
8.260869565217E-1,8.478260869565E-1,8.695652173913E-1,8.913043478261E-1,
9.130434782609E-1,9.347826086957E-1,9.565217391304E-1,9.782608695652E-1,1.E0),
.UNSPECIFIED.);
#2610=B_SPLINE_CURVE_WITH_KNOTS('',3,(#2561,#2562,#2563,#2564,#2565,#2566,#2567,
#2568,#2569,#2570,#2571,#2572,#2573,#2574,#2575,#2576,#2577,#2578,#2579,#2580,
#2581,#2582,#2583,#2584,#2585,#2586,#2587,#2588,#2589,#2590,#2591,#2592,#2593,
#2594,#2595,#2596,#2597,#2598,#2599,#2600,#2601,#2602,#2603,#2604,#2605,#2606,
#2607,#2608,#2609),.UNSPECIFIED.,.F.,.F.,(4,1,1,1,1,1,1,1,1,1,1,1,1,1,1,1,1,1,1,
1,1,1,1,1,1,1,1,1,1,1,1,1,1,1,1,1,1,1,1,1,1,1,1,1,1,1,4),(0.E0,
2.173913043478E-2,4.347826086957E-2,6.521739130435E-2,8.695652173913E-2,
1.086956521739E-1,1.304347826087E-1,1.521739130435E-1,1.739130434783E-1,
1.956521739130E-1,2.173913043478E-1,2.391304347826E-1,2.608695652174E-1,
2.826086956522E-1,3.043478260870E-1,3.260869565217E-1,3.478260869565E-1,
3.695652173913E-1,3.913043478261E-1,4.130434782609E-1,4.347826086957E-1,
4.565217391304E-1,4.782608695652E-1,5.E-1,5.217391304348E-1,5.434782608696E-1,
5.652173913043E-1,5.869565217391E-1,6.086956521739E-1,6.304347826087E-1,
6.521739130435E-1,6.739130434783E-1,6.956521739130E-1,7.173913043478E-1,
7.391304347826E-1,7.608695652174E-1,7.826086956522E-1,8.043478260870E-1,
8.260869565217E-1,8.478260869565E-1,8.695652173913E-1,8.913043478261E-1,
9.130434782609E-1,9.347826086957E-1,9.565217391304E-1,9.782608695652E-1,1.E0),
.UNSPECIFIED.);
#2670=B_SPLINE_CURVE_WITH_KNOTS('',3,(#2621,#2622,#2623,#2624,#2625,#2626,#2627,
#2628,#2629,#2630,#2631,#2632,#2633,#2634,#2635,#2636,#2637,#2638,#2639,#2640,
#2641,#2642,#2643,#2644,#2645,#2646,#2647,#2648,#2649,#2650,#2651,#2652,#2653,
#2654,#2655,#2656,#2657,#2658,#2659,#2660,#2661,#2662,#2663,#2664,#2665,#2666,
#2667,#2668,#2669),.UNSPECIFIED.,.F.,.F.,(4,1,1,1,1,1,1,1,1,1,1,1,1,1,1,1,1,1,1,
1,1,1,1,1,1,1,1,1,1,1,1,1,1,1,1,1,1,1,1,1,1,1,1,1,1,1,4),(0.E0,
2.173913043478E-2,4.347826086957E-2,6.521739130435E-2,8.695652173913E-2,
1.086956521739E-1,1.304347826087E-1,1.521739130435E-1,1.739130434783E-1,
1.956521739130E-1,2.173913043478E-1,2.391304347826E-1,2.608695652174E-1,
2.826086956522E-1,3.043478260870E-1,3.260869565217E-1,3.478260869565E-1,
3.695652173913E-1,3.913043478261E-1,4.130434782609E-1,4.347826086957E-1,
4.565217391304E-1,4.782608695652E-1,5.E-1,5.217391304348E-1,5.434782608696E-1,
5.652173913043E-1,5.869565217391E-1,6.086956521739E-1,6.304347826087E-1,
6.521739130435E-1,6.739130434783E-1,6.956521739130E-1,7.173913043478E-1,
7.391304347826E-1,7.608695652174E-1,7.826086956522E-1,8.043478260870E-1,
8.260869565217E-1,8.478260869565E-1,8.695652173913E-1,8.913043478261E-1,
9.130434782609E-1,9.347826086957E-1,9.565217391304E-1,9.782608695652E-1,1.E0),
.UNSPECIFIED.);
#2723=B_SPLINE_CURVE_WITH_KNOTS('',3,(#2674,#2675,#2676,#2677,#2678,#2679,#2680,
#2681,#2682,#2683,#2684,#2685,#2686,#2687,#2688,#2689,#2690,#2691,#2692,#2693,
#2694,#2695,#2696,#2697,#2698,#2699,#2700,#2701,#2702,#2703,#2704,#2705,#2706,
#2707,#2708,#2709,#2710,#2711,#2712,#2713,#2714,#2715,#2716,#2717,#2718,#2719,
#2720,#2721,#2722),.UNSPECIFIED.,.F.,.F.,(4,1,1,1,1,1,1,1,1,1,1,1,1,1,1,1,1,1,1,
1,1,1,1,1,1,1,1,1,1,1,1,1,1,1,1,1,1,1,1,1,1,1,1,1,1,1,4),(0.E0,
2.173913043478E-2,4.347826086957E-2,6.521739130435E-2,8.695652173913E-2,
1.086956521739E-1,1.304347826087E-1,1.521739130435E-1,1.739130434783E-1,
1.956521739130E-1,2.173913043478E-1,2.391304347826E-1,2.608695652174E-1,
2.826086956522E-1,3.043478260870E-1,3.260869565217E-1,3.478260869565E-1,
3.695652173913E-1,3.913043478261E-1,4.130434782609E-1,4.347826086957E-1,
4.565217391304E-1,4.782608695652E-1,5.E-1,5.217391304348E-1,5.434782608696E-1,
5.652173913043E-1,5.869565217391E-1,6.086956521739E-1,6.304347826087E-1,
6.521739130435E-1,6.739130434783E-1,6.956521739130E-1,7.173913043478E-1,
7.391304347826E-1,7.608695652174E-1,7.826086956522E-1,8.043478260870E-1,
8.260869565217E-1,8.478260869565E-1,8.695652173913E-1,8.913043478261E-1,
9.130434782609E-1,9.347826086957E-1,9.565217391304E-1,9.782608695652E-1,1.E0),
.UNSPECIFIED.);
#2783=B_SPLINE_CURVE_WITH_KNOTS('',3,(#2734,#2735,#2736,#2737,#2738,#2739,#2740,
#2741,#2742,#2743,#2744,#2745,#2746,#2747,#2748,#2749,#2750,#2751,#2752,#2753,
#2754,#2755,#2756,#2757,#2758,#2759,#2760,#2761,#2762,#2763,#2764,#2765,#2766,
#2767,#2768,#2769,#2770,#2771,#2772,#2773,#2774,#2775,#2776,#2777,#2778,#2779,
#2780,#2781,#2782),.UNSPECIFIED.,.F.,.F.,(4,1,1,1,1,1,1,1,1,1,1,1,1,1,1,1,1,1,1,
1,1,1,1,1,1,1,1,1,1,1,1,1,1,1,1,1,1,1,1,1,1,1,1,1,1,1,4),(0.E0,
2.173913043478E-2,4.347826086957E-2,6.521739130435E-2,8.695652173913E-2,
1.086956521739E-1,1.304347826087E-1,1.521739130435E-1,1.739130434783E-1,
1.956521739130E-1,2.173913043478E-1,2.391304347826E-1,2.608695652174E-1,
2.826086956522E-1,3.043478260870E-1,3.260869565217E-1,3.478260869565E-1,
3.695652173913E-1,3.913043478261E-1,4.130434782609E-1,4.347826086957E-1,
4.565217391304E-1,4.782608695652E-1,5.E-1,5.217391304348E-1,5.434782608696E-1,
5.652173913043E-1,5.869565217391E-1,6.086956521739E-1,6.304347826087E-1,
6.521739130435E-1,6.739130434783E-1,6.956521739130E-1,7.173913043478E-1,
7.391304347826E-1,7.608695652174E-1,7.826086956522E-1,8.043478260870E-1,
8.260869565217E-1,8.478260869565E-1,8.695652173913E-1,8.913043478261E-1,
9.130434782609E-1,9.347826086957E-1,9.565217391304E-1,9.782608695652E-1,1.E0),
.UNSPECIFIED.);
#2836=B_SPLINE_CURVE_WITH_KNOTS('',3,(#2787,#2788,#2789,#2790,#2791,#2792,#2793,
#2794,#2795,#2796,#2797,#2798,#2799,#2800,#2801,#2802,#2803,#2804,#2805,#2806,
#2807,#2808,#2809,#2810,#2811,#2812,#2813,#2814,#2815,#2816,#2817,#2818,#2819,
#2820,#2821,#2822,#2823,#2824,#2825,#2826,#2827,#2828,#2829,#2830,#2831,#2832,
#2833,#2834,#2835),.UNSPECIFIED.,.F.,.F.,(4,1,1,1,1,1,1,1,1,1,1,1,1,1,1,1,1,1,1,
1,1,1,1,1,1,1,1,1,1,1,1,1,1,1,1,1,1,1,1,1,1,1,1,1,1,1,4),(0.E0,
2.173913043478E-2,4.347826086957E-2,6.521739130435E-2,8.695652173913E-2,
1.086956521739E-1,1.304347826087E-1,1.521739130435E-1,1.739130434783E-1,
1.956521739130E-1,2.173913043478E-1,2.391304347826E-1,2.608695652174E-1,
2.826086956522E-1,3.043478260870E-1,3.260869565217E-1,3.478260869565E-1,
3.695652173913E-1,3.913043478261E-1,4.130434782609E-1,4.347826086957E-1,
4.565217391304E-1,4.782608695652E-1,5.E-1,5.217391304348E-1,5.434782608696E-1,
5.652173913043E-1,5.869565217391E-1,6.086956521739E-1,6.304347826087E-1,
6.521739130435E-1,6.739130434783E-1,6.956521739130E-1,7.173913043478E-1,
7.391304347826E-1,7.608695652174E-1,7.826086956522E-1,8.043478260870E-1,
8.260869565217E-1,8.478260869565E-1,8.695652173913E-1,8.913043478261E-1,
9.130434782609E-1,9.347826086957E-1,9.565217391304E-1,9.782608695652E-1,1.E0),
.UNSPECIFIED.);
#2909=B_SPLINE_CURVE_WITH_KNOTS('',3,(#2840,#2841,#2842,#2843,#2844,#2845,#2846,
#2847,#2848,#2849,#2850,#2851,#2852,#2853,#2854,#2855,#2856,#2857,#2858,#2859,
#2860,#2861,#2862,#2863,#2864,#2865,#2866,#2867,#2868,#2869,#2870,#2871,#2872,
#2873,#2874,#2875,#2876,#2877,#2878,#2879,#2880,#2881,#2882,#2883,#2884,#2885,
#2886,#2887,#2888,#2889,#2890,#2891,#2892,#2893,#2894,#2895,#2896,#2897,#2898,
#2899,#2900,#2901,#2902,#2903,#2904,#2905,#2906,#2907,#2908),.UNSPECIFIED.,.F.,
.F.,(4,1,1,1,1,1,1,1,1,1,1,1,1,1,1,1,1,1,1,1,1,1,1,1,1,1,1,1,1,1,1,1,1,1,1,1,1,
1,1,1,1,1,1,1,1,1,1,1,1,1,1,1,1,1,1,1,1,1,1,1,1,1,1,1,1,1,4),(0.E0,
1.515151515152E-2,3.030303030303E-2,4.545454545455E-2,6.060606060606E-2,
7.575757575758E-2,9.090909090909E-2,1.060606060606E-1,1.212121212121E-1,
1.363636363636E-1,1.515151515152E-1,1.666666666667E-1,1.818181818182E-1,
1.969696969697E-1,2.121212121212E-1,2.272727272727E-1,2.424242424242E-1,
2.575757575758E-1,2.727272727273E-1,2.878787878788E-1,3.030303030303E-1,
3.181818181818E-1,3.333333333333E-1,3.484848484848E-1,3.636363636364E-1,
3.787878787879E-1,3.939393939394E-1,4.090909090909E-1,4.242424242424E-1,
4.393939393939E-1,4.545454545455E-1,4.696969696970E-1,4.848484848485E-1,5.E-1,
5.151515151515E-1,5.303030303030E-1,5.454545454545E-1,5.606060606061E-1,
5.757575757576E-1,5.909090909091E-1,6.060606060606E-1,6.212121212121E-1,
6.363636363636E-1,6.515151515152E-1,6.666666666667E-1,6.818181818182E-1,
6.969696969697E-1,7.121212121212E-1,7.272727272727E-1,7.424242424242E-1,
7.575757575758E-1,7.727272727273E-1,7.878787878788E-1,8.030303030303E-1,
8.181818181818E-1,8.333333333333E-1,8.484848484848E-1,8.636363636364E-1,
8.787878787879E-1,8.939393939394E-1,9.090909090909E-1,9.242424242424E-1,
9.393939393939E-1,9.545454545455E-1,9.696969696970E-1,9.848484848485E-1,1.E0),
.UNSPECIFIED.);
#2917=CIRCLE('',#2916,4.E0);
#3002=B_SPLINE_CURVE_WITH_KNOTS('',3,(#2921,#2922,#2923,#2924,#2925,#2926,#2927,
#2928,#2929,#2930,#2931,#2932,#2933,#2934,#2935,#2936,#2937,#2938,#2939,#2940,
#2941,#2942,#2943,#2944,#2945,#2946,#2947,#2948,#2949,#2950,#2951,#2952,#2953,
#2954,#2955,#2956,#2957,#2958,#2959,#2960,#2961,#2962,#2963,#2964,#2965,#2966,
#2967,#2968,#2969,#2970,#2971,#2972,#2973,#2974,#2975,#2976,#2977,#2978,#2979,
#2980,#2981,#2982,#2983,#2984,#2985,#2986,#2987,#2988,#2989,#2990,#2991,#2992,
#2993,#2994,#2995,#2996,#2997,#2998,#2999,#3000,#3001),.UNSPECIFIED.,.F.,.F.,(4,
1,1,1,1,1,1,1,1,1,1,1,1,1,1,1,1,1,1,1,1,1,1,1,1,1,1,1,1,1,1,1,1,1,1,1,1,1,1,1,1,
1,1,1,1,1,1,1,1,1,1,1,1,1,1,1,1,1,1,1,1,1,1,1,1,1,1,1,1,1,1,1,1,1,1,1,1,1,4),(
0.E0,1.282051282051E-2,2.564102564103E-2,3.846153846154E-2,5.128205128205E-2,
6.410256410256E-2,7.692307692308E-2,8.974358974359E-2,1.025641025641E-1,
1.153846153846E-1,1.282051282051E-1,1.410256410256E-1,1.538461538462E-1,
1.666666666667E-1,1.794871794872E-1,1.923076923077E-1,2.051282051282E-1,
2.179487179487E-1,2.307692307692E-1,2.435897435897E-1,2.564102564103E-1,
2.692307692308E-1,2.820512820513E-1,2.948717948718E-1,3.076923076923E-1,
3.205128205128E-1,3.333333333333E-1,3.461538461538E-1,3.589743589744E-1,
3.717948717949E-1,3.846153846154E-1,3.974358974359E-1,4.102564102564E-1,
4.230769230769E-1,4.358974358974E-1,4.487179487179E-1,4.615384615385E-1,
4.743589743590E-1,4.871794871795E-1,5.E-1,5.128205128205E-1,5.256410256410E-1,
5.384615384615E-1,5.512820512821E-1,5.641025641026E-1,5.769230769231E-1,
5.897435897436E-1,6.025641025641E-1,6.153846153846E-1,6.282051282051E-1,
6.410256410256E-1,6.538461538462E-1,6.666666666667E-1,6.794871794872E-1,
6.923076923077E-1,7.051282051282E-1,7.179487179487E-1,7.307692307692E-1,
7.435897435897E-1,7.564102564103E-1,7.692307692308E-1,7.820512820513E-1,
7.948717948718E-1,8.076923076923E-1,8.205128205128E-1,8.333333333333E-1,
8.461538461538E-1,8.589743589744E-1,8.717948717949E-1,8.846153846154E-1,
8.974358974359E-1,9.102564102564E-1,9.230769230769E-1,9.358974358974E-1,
9.487179487179E-1,9.615384615385E-1,9.743589743590E-1,9.871794871795E-1,1.E0),
.UNSPECIFIED.);
#3276=B_SPLINE_CURVE_WITH_KNOTS('',3,(#3013,#3014,#3015,#3016,#3017,#3018,#3019,
#3020,#3021,#3022,#3023,#3024,#3025,#3026,#3027,#3028,#3029,#3030,#3031,#3032,
#3033,#3034,#3035,#3036,#3037,#3038,#3039,#3040,#3041,#3042,#3043,#3044,#3045,
#3046,#3047,#3048,#3049,#3050,#3051,#3052,#3053,#3054,#3055,#3056,#3057,#3058,
#3059,#3060,#3061,#3062,#3063,#3064,#3065,#3066,#3067,#3068,#3069,#3070,#3071,
#3072,#3073,#3074,#3075,#3076,#3077,#3078,#3079,#3080,#3081,#3082,#3083,#3084,
#3085,#3086,#3087,#3088,#3089,#3090,#3091,#3092,#3093,#3094,#3095,#3096,#3097,
#3098,#3099,#3100,#3101,#3102,#3103,#3104,#3105,#3106,#3107,#3108,#3109,#3110,
#3111,#3112,#3113,#3114,#3115,#3116,#3117,#3118,#3119,#3120,#3121,#3122,#3123,
#3124,#3125,#3126,#3127,#3128,#3129,#3130,#3131,#3132,#3133,#3134,#3135,#3136,
#3137,#3138,#3139,#3140,#3141,#3142,#3143,#3144,#3145,#3146,#3147,#3148,#3149,
#3150,#3151,#3152,#3153,#3154,#3155,#3156,#3157,#3158,#3159,#3160,#3161,#3162,
#3163,#3164,#3165,#3166,#3167,#3168,#3169,#3170,#3171,#3172,#3173,#3174,#3175,
#3176,#3177,#3178,#3179,#3180,#3181,#3182,#3183,#3184,#3185,#3186,#3187,#3188,
#3189,#3190,#3191,#3192,#3193,#3194,#3195,#3196,#3197,#3198,#3199,#3200,#3201,
#3202,#3203,#3204,#3205,#3206,#3207,#3208,#3209,#3210,#3211,#3212,#3213,#3214,
#3215,#3216,#3217,#3218,#3219,#3220,#3221,#3222,#3223,#3224,#3225,#3226,#3227,
#3228,#3229,#3230,#3231,#3232,#3233,#3234,#3235,#3236,#3237,#3238,#3239,#3240,
#3241,#3242,#3243,#3244,#3245,#3246,#3247,#3248,#3249,#3250,#3251,#3252,#3253,
#3254,#3255,#3256,#3257,#3258,#3259,#3260,#3261,#3262,#3263,#3264,#3265,#3266,
#3267,#3268,#3269,#3270,#3271,#3272,#3273,#3274,#3275),.UNSPECIFIED.,.F.,.F.,(4,
1,1,1,1,1,1,1,1,1,1,1,1,1,1,1,1,1,1,1,1,1,1,1,1,1,1,1,1,1,1,1,1,1,1,1,1,1,1,1,1,
1,1,1,1,1,1,1,1,1,1,1,1,1,1,1,1,1,1,1,1,1,1,1,1,1,1,1,1,1,1,1,1,1,1,1,1,1,1,1,1,
1,1,1,1,1,1,1,1,1,1,1,1,1,1,1,1,1,1,1,1,1,1,1,1,1,1,1,1,1,1,1,1,1,1,1,1,1,1,1,1,
1,1,1,1,1,1,1,1,1,1,1,1,1,1,1,1,1,1,1,1,1,1,1,1,1,1,1,1,1,1,1,1,1,1,1,1,1,1,1,1,
1,1,1,1,1,1,1,1,1,1,1,1,1,1,1,1,1,1,1,1,1,1,1,1,1,1,1,1,1,1,1,1,1,1,1,1,1,1,1,1,
1,1,1,1,1,1,1,1,1,1,1,1,1,1,1,1,1,1,1,1,1,1,1,1,1,1,1,1,1,1,1,1,1,1,1,1,1,1,1,1,
1,1,1,1,1,1,1,1,1,1,1,1,1,1,1,1,1,1,1,4),(0.E0,3.846153846154E-3,
7.692307692308E-3,1.153846153846E-2,1.538461538462E-2,1.923076923077E-2,
2.307692307692E-2,2.692307692308E-2,3.076923076923E-2,3.461538461538E-2,
3.846153846154E-2,4.230769230769E-2,4.615384615385E-2,5.E-2,5.384615384615E-2,
5.769230769231E-2,6.153846153846E-2,6.538461538462E-2,6.923076923077E-2,
7.307692307692E-2,7.692307692308E-2,8.076923076923E-2,8.461538461538E-2,
8.846153846154E-2,9.230769230769E-2,9.615384615385E-2,1.E-1,1.038461538462E-1,
1.076923076923E-1,1.115384615385E-1,1.153846153846E-1,1.192307692308E-1,
1.230769230769E-1,1.269230769231E-1,1.307692307692E-1,1.346153846154E-1,
1.384615384615E-1,1.423076923077E-1,1.461538461538E-1,1.5E-1,1.538461538462E-1,
1.576923076923E-1,1.615384615385E-1,1.653846153846E-1,1.692307692308E-1,
1.730769230769E-1,1.769230769231E-1,1.807692307692E-1,1.846153846154E-1,
1.884615384615E-1,1.923076923077E-1,1.961538461538E-1,2.E-1,2.038461538462E-1,
2.076923076923E-1,2.115384615385E-1,2.153846153846E-1,2.192307692308E-1,
2.230769230769E-1,2.269230769231E-1,2.307692307692E-1,2.346153846154E-1,
2.384615384615E-1,2.423076923077E-1,2.461538461538E-1,2.5E-1,2.538461538462E-1,
2.576923076923E-1,2.615384615385E-1,2.653846153846E-1,2.692307692308E-1,
2.730769230769E-1,2.769230769231E-1,2.807692307692E-1,2.846153846154E-1,
2.884615384615E-1,2.923076923077E-1,2.961538461538E-1,3.E-1,3.038461538462E-1,
3.076923076923E-1,3.115384615385E-1,3.153846153846E-1,3.192307692308E-1,
3.230769230769E-1,3.269230769231E-1,3.307692307692E-1,3.346153846154E-1,
3.384615384615E-1,3.423076923077E-1,3.461538461538E-1,3.5E-1,3.538461538462E-1,
3.576923076923E-1,3.615384615385E-1,3.653846153846E-1,3.692307692308E-1,
3.730769230769E-1,3.769230769231E-1,3.807692307692E-1,3.846153846154E-1,
3.884615384615E-1,3.923076923077E-1,3.961538461538E-1,4.E-1,4.038461538462E-1,
4.076923076923E-1,4.115384615385E-1,4.153846153846E-1,4.192307692308E-1,
4.230769230769E-1,4.269230769231E-1,4.307692307692E-1,4.346153846154E-1,
4.384615384615E-1,4.423076923077E-1,4.461538461538E-1,4.5E-1,4.538461538462E-1,
4.576923076923E-1,4.615384615385E-1,4.653846153846E-1,4.692307692308E-1,
4.730769230769E-1,4.769230769231E-1,4.807692307692E-1,4.846153846154E-1,
4.884615384615E-1,4.923076923077E-1,4.961538461538E-1,5.E-1,5.038461538462E-1,
5.076923076923E-1,5.115384615385E-1,5.153846153846E-1,5.192307692308E-1,
5.230769230769E-1,5.269230769231E-1,5.307692307692E-1,5.346153846154E-1,
5.384615384615E-1,5.423076923077E-1,5.461538461538E-1,5.5E-1,5.538461538462E-1,
5.576923076923E-1,5.615384615385E-1,5.653846153846E-1,5.692307692308E-1,
5.730769230769E-1,5.769230769231E-1,5.807692307692E-1,5.846153846154E-1,
5.884615384615E-1,5.923076923077E-1,5.961538461538E-1,6.E-1,6.038461538462E-1,
6.076923076923E-1,6.115384615385E-1,6.153846153846E-1,6.192307692308E-1,
6.230769230769E-1,6.269230769231E-1,6.307692307692E-1,6.346153846154E-1,
6.384615384615E-1,6.423076923077E-1,6.461538461538E-1,6.5E-1,6.538461538462E-1,
6.576923076923E-1,6.615384615385E-1,6.653846153846E-1,6.692307692308E-1,
6.730769230769E-1,6.769230769231E-1,6.807692307692E-1,6.846153846154E-1,
6.884615384615E-1,6.923076923077E-1,6.961538461538E-1,7.E-1,7.038461538462E-1,
7.076923076923E-1,7.115384615385E-1,7.153846153846E-1,7.192307692308E-1,
7.230769230769E-1,7.269230769231E-1,7.307692307692E-1,7.346153846154E-1,
7.384615384615E-1,7.423076923077E-1,7.461538461538E-1,7.5E-1,7.538461538462E-1,
7.576923076923E-1,7.615384615385E-1,7.653846153846E-1,7.692307692308E-1,
7.730769230769E-1,7.769230769231E-1,7.807692307692E-1,7.846153846154E-1,
7.884615384615E-1,7.923076923077E-1,7.961538461538E-1,8.E-1,8.038461538462E-1,
8.076923076923E-1,8.115384615385E-1,8.153846153846E-1,8.192307692308E-1,
8.230769230769E-1,8.269230769231E-1,8.307692307692E-1,8.346153846154E-1,
8.384615384615E-1,8.423076923077E-1,8.461538461538E-1,8.5E-1,8.538461538462E-1,
8.576923076923E-1,8.615384615385E-1,8.653846153846E-1,8.692307692308E-1,
8.730769230769E-1,8.769230769231E-1,8.807692307692E-1,8.846153846154E-1,
8.884615384615E-1,8.923076923077E-1,8.961538461538E-1,9.E-1,9.038461538462E-1,
9.076923076923E-1,9.115384615385E-1,9.153846153846E-1,9.192307692308E-1,
9.230769230769E-1,9.269230769231E-1,9.307692307692E-1,9.346153846154E-1,
9.384615384615E-1,9.423076923077E-1,9.461538461538E-1,9.5E-1,9.538461538462E-1,
9.576923076923E-1,9.615384615385E-1,9.653846153846E-1,9.692307692308E-1,
9.730769230769E-1,9.769230769231E-1,9.807692307692E-1,9.846153846154E-1,
9.884615384615E-1,9.923076923077E-1,9.961538461538E-1,1.E0),.UNSPECIFIED.);
#3335=B_SPLINE_CURVE_WITH_KNOTS('',3,(#3287,#3288,#3289,#3290,#3291,#3292,#3293,
#3294,#3295,#3296,#3297,#3298,#3299,#3300,#3301,#3302,#3303,#3304,#3305,#3306,
#3307,#3308,#3309,#3310,#3311,#3312,#3313,#3314,#3315,#3316,#3317,#3318,#3319,
#3320,#3321,#3322,#3323,#3324,#3325,#3326,#3327,#3328,#3329,#3330,#3331,#3332,
#3333,#3334),.UNSPECIFIED.,.F.,.F.,(4,1,1,1,1,1,1,1,1,1,1,1,1,1,1,1,1,1,1,1,1,1,
1,1,1,1,1,1,1,1,1,1,1,1,1,1,1,1,1,1,1,1,1,1,1,4),(0.E0,2.222222222222E-2,
4.444444444444E-2,6.666666666667E-2,8.888888888889E-2,1.111111111111E-1,
1.333333333333E-1,1.555555555556E-1,1.777777777778E-1,2.E-1,2.222222222222E-1,
2.444444444444E-1,2.666666666667E-1,2.888888888889E-1,3.111111111111E-1,
3.333333333333E-1,3.555555555556E-1,3.777777777778E-1,4.E-1,4.222222222222E-1,
4.444444444444E-1,4.666666666667E-1,4.888888888889E-1,5.111111111111E-1,
5.333333333333E-1,5.555555555556E-1,5.777777777778E-1,6.E-1,6.222222222222E-1,
6.444444444444E-1,6.666666666667E-1,6.888888888889E-1,7.111111111111E-1,
7.333333333333E-1,7.555555555556E-1,7.777777777778E-1,8.E-1,8.222222222222E-1,
8.444444444444E-1,8.666666666667E-1,8.888888888889E-1,9.111111111111E-1,
9.333333333333E-1,9.555555555556E-1,9.777777777778E-1,1.E0),.UNSPECIFIED.);
#3343=CIRCLE('',#3342,2.8062E0);
#3351=CIRCLE('',#3350,2.8062E0);
#3359=CIRCLE('',#3358,2.8062E0);
#3367=CIRCLE('',#3366,2.8062E0);
#3396=B_SPLINE_CURVE_WITH_KNOTS('',3,(#3371,#3372,#3373,#3374,#3375,#3376,#3377,
#3378,#3379,#3380,#3381,#3382,#3383,#3384,#3385,#3386,#3387,#3388,#3389,#3390,
#3391,#3392,#3393,#3394,#3395),.UNSPECIFIED.,.F.,.F.,(4,1,1,1,1,1,1,1,1,1,1,1,1,
1,1,1,1,1,1,1,1,1,4),(0.E0,4.545454545455E-2,9.090909090909E-2,
1.363636363636E-1,1.818181818182E-1,2.272727272727E-1,2.727272727273E-1,
3.181818181818E-1,3.636363636364E-1,4.090909090909E-1,4.545454545455E-1,5.E-1,
5.454545454545E-1,5.909090909091E-1,6.363636363636E-1,6.818181818182E-1,
7.272727272727E-1,7.727272727273E-1,8.181818181818E-1,8.636363636364E-1,
9.090909090909E-1,9.545454545455E-1,1.E0),.UNSPECIFIED.);
#3404=CIRCLE('',#3403,3.323417653293E0);
#3430=B_SPLINE_CURVE_WITH_KNOTS('',3,(#3408,#3409,#3410,#3411,#3412,#3413,#3414,
#3415,#3416,#3417,#3418,#3419,#3420,#3421,#3422,#3423,#3424,#3425,#3426,#3427,
#3428,#3429),.UNSPECIFIED.,.F.,.F.,(4,1,1,1,1,1,1,1,1,1,1,1,1,1,1,1,1,1,1,4),(
0.E0,5.263157894737E-2,1.052631578947E-1,1.578947368421E-1,2.105263157895E-1,
2.631578947368E-1,3.157894736842E-1,3.684210526316E-1,4.210526315789E-1,
4.736842105263E-1,5.263157894737E-1,5.789473684211E-1,6.315789473684E-1,
6.842105263158E-1,7.368421052632E-1,7.894736842105E-1,8.421052631579E-1,
8.947368421053E-1,9.473684210526E-1,1.E0),.UNSPECIFIED.);
#3458=B_SPLINE_CURVE_WITH_KNOTS('',3,(#3441,#3442,#3443,#3444,#3445,#3446,#3447,
#3448,#3449,#3450,#3451,#3452,#3453,#3454,#3455,#3456,#3457),.UNSPECIFIED.,.F.,
.F.,(4,1,1,1,1,1,1,1,1,1,1,1,1,1,4),(0.E0,7.142857142857E-2,1.428571428571E-1,
2.142857142857E-1,2.857142857143E-1,3.571428571429E-1,4.285714285714E-1,5.E-1,
5.714285714286E-1,6.428571428571E-1,7.142857142857E-1,7.857142857143E-1,
8.571428571429E-1,9.285714285714E-1,1.E0),.UNSPECIFIED.);
#3518=B_SPLINE_CURVE_WITH_KNOTS('',3,(#3469,#3470,#3471,#3472,#3473,#3474,#3475,
#3476,#3477,#3478,#3479,#3480,#3481,#3482,#3483,#3484,#3485,#3486,#3487,#3488,
#3489,#3490,#3491,#3492,#3493,#3494,#3495,#3496,#3497,#3498,#3499,#3500,#3501,
#3502,#3503,#3504,#3505,#3506,#3507,#3508,#3509,#3510,#3511,#3512,#3513,#3514,
#3515,#3516,#3517),.UNSPECIFIED.,.F.,.F.,(4,1,1,1,1,1,1,1,1,1,1,1,1,1,1,1,1,1,1,
1,1,1,1,1,1,1,1,1,1,1,1,1,1,1,1,1,1,1,1,1,1,1,1,1,1,1,4),(0.E0,
2.173913043478E-2,4.347826086957E-2,6.521739130435E-2,8.695652173913E-2,
1.086956521739E-1,1.304347826087E-1,1.521739130435E-1,1.739130434783E-1,
1.956521739130E-1,2.173913043478E-1,2.391304347826E-1,2.608695652174E-1,
2.826086956522E-1,3.043478260870E-1,3.260869565217E-1,3.478260869565E-1,
3.695652173913E-1,3.913043478261E-1,4.130434782609E-1,4.347826086957E-1,
4.565217391304E-1,4.782608695652E-1,5.E-1,5.217391304348E-1,5.434782608696E-1,
5.652173913043E-1,5.869565217391E-1,6.086956521739E-1,6.304347826087E-1,
6.521739130435E-1,6.739130434783E-1,6.956521739130E-1,7.173913043478E-1,
7.391304347826E-1,7.608695652174E-1,7.826086956522E-1,8.043478260870E-1,
8.260869565217E-1,8.478260869565E-1,8.695652173913E-1,8.913043478261E-1,
9.130434782609E-1,9.347826086957E-1,9.565217391304E-1,9.782608695652E-1,1.E0),
.UNSPECIFIED.);
#3571=B_SPLINE_CURVE_WITH_KNOTS('',3,(#3522,#3523,#3524,#3525,#3526,#3527,#3528,
#3529,#3530,#3531,#3532,#3533,#3534,#3535,#3536,#3537,#3538,#3539,#3540,#3541,
#3542,#3543,#3544,#3545,#3546,#3547,#3548,#3549,#3550,#3551,#3552,#3553,#3554,
#3555,#3556,#3557,#3558,#3559,#3560,#3561,#3562,#3563,#3564,#3565,#3566,#3567,
#3568,#3569,#3570),.UNSPECIFIED.,.F.,.F.,(4,1,1,1,1,1,1,1,1,1,1,1,1,1,1,1,1,1,1,
1,1,1,1,1,1,1,1,1,1,1,1,1,1,1,1,1,1,1,1,1,1,1,1,1,1,1,4),(0.E0,
2.173913043478E-2,4.347826086957E-2,6.521739130435E-2,8.695652173913E-2,
1.086956521739E-1,1.304347826087E-1,1.521739130435E-1,1.739130434783E-1,
1.956521739130E-1,2.173913043478E-1,2.391304347826E-1,2.608695652174E-1,
2.826086956522E-1,3.043478260870E-1,3.260869565217E-1,3.478260869565E-1,
3.695652173913E-1,3.913043478261E-1,4.130434782609E-1,4.347826086957E-1,
4.565217391304E-1,4.782608695652E-1,5.E-1,5.217391304348E-1,5.434782608696E-1,
5.652173913043E-1,5.869565217391E-1,6.086956521739E-1,6.304347826087E-1,
6.521739130435E-1,6.739130434783E-1,6.956521739130E-1,7.173913043478E-1,
7.391304347826E-1,7.608695652174E-1,7.826086956522E-1,8.043478260870E-1,
8.260869565217E-1,8.478260869565E-1,8.695652173913E-1,8.913043478261E-1,
9.130434782609E-1,9.347826086957E-1,9.565217391304E-1,9.782608695652E-1,1.E0),
.UNSPECIFIED.);
#3631=B_SPLINE_CURVE_WITH_KNOTS('',3,(#3582,#3583,#3584,#3585,#3586,#3587,#3588,
#3589,#3590,#3591,#3592,#3593,#3594,#3595,#3596,#3597,#3598,#3599,#3600,#3601,
#3602,#3603,#3604,#3605,#3606,#3607,#3608,#3609,#3610,#3611,#3612,#3613,#3614,
#3615,#3616,#3617,#3618,#3619,#3620,#3621,#3622,#3623,#3624,#3625,#3626,#3627,
#3628,#3629,#3630),.UNSPECIFIED.,.F.,.F.,(4,1,1,1,1,1,1,1,1,1,1,1,1,1,1,1,1,1,1,
1,1,1,1,1,1,1,1,1,1,1,1,1,1,1,1,1,1,1,1,1,1,1,1,1,1,1,4),(0.E0,
2.173913043478E-2,4.347826086957E-2,6.521739130435E-2,8.695652173913E-2,
1.086956521739E-1,1.304347826087E-1,1.521739130435E-1,1.739130434783E-1,
1.956521739130E-1,2.173913043478E-1,2.391304347826E-1,2.608695652174E-1,
2.826086956522E-1,3.043478260870E-1,3.260869565217E-1,3.478260869565E-1,
3.695652173913E-1,3.913043478261E-1,4.130434782609E-1,4.347826086957E-1,
4.565217391304E-1,4.782608695652E-1,5.E-1,5.217391304348E-1,5.434782608696E-1,
5.652173913043E-1,5.869565217391E-1,6.086956521739E-1,6.304347826087E-1,
6.521739130435E-1,6.739130434783E-1,6.956521739130E-1,7.173913043478E-1,
7.391304347826E-1,7.608695652174E-1,7.826086956522E-1,8.043478260870E-1,
8.260869565217E-1,8.478260869565E-1,8.695652173913E-1,8.913043478261E-1,
9.130434782609E-1,9.347826086957E-1,9.565217391304E-1,9.782608695652E-1,1.E0),
.UNSPECIFIED.);
#3684=B_SPLINE_CURVE_WITH_KNOTS('',3,(#3635,#3636,#3637,#3638,#3639,#3640,#3641,
#3642,#3643,#3644,#3645,#3646,#3647,#3648,#3649,#3650,#3651,#3652,#3653,#3654,
#3655,#3656,#3657,#3658,#3659,#3660,#3661,#3662,#3663,#3664,#3665,#3666,#3667,
#3668,#3669,#3670,#3671,#3672,#3673,#3674,#3675,#3676,#3677,#3678,#3679,#3680,
#3681,#3682,#3683),.UNSPECIFIED.,.F.,.F.,(4,1,1,1,1,1,1,1,1,1,1,1,1,1,1,1,1,1,1,
1,1,1,1,1,1,1,1,1,1,1,1,1,1,1,1,1,1,1,1,1,1,1,1,1,1,1,4),(0.E0,
2.173913043478E-2,4.347826086957E-2,6.521739130435E-2,8.695652173913E-2,
1.086956521739E-1,1.304347826087E-1,1.521739130435E-1,1.739130434783E-1,
1.956521739130E-1,2.173913043478E-1,2.391304347826E-1,2.608695652174E-1,
2.826086956522E-1,3.043478260870E-1,3.260869565217E-1,3.478260869565E-1,
3.695652173913E-1,3.913043478261E-1,4.130434782609E-1,4.347826086957E-1,
4.565217391304E-1,4.782608695652E-1,5.E-1,5.217391304348E-1,5.434782608696E-1,
5.652173913043E-1,5.869565217391E-1,6.086956521739E-1,6.304347826087E-1,
6.521739130435E-1,6.739130434783E-1,6.956521739130E-1,7.173913043478E-1,
7.391304347826E-1,7.608695652174E-1,7.826086956522E-1,8.043478260870E-1,
8.260869565217E-1,8.478260869565E-1,8.695652173913E-1,8.913043478261E-1,
9.130434782609E-1,9.347826086957E-1,9.565217391304E-1,9.782608695652E-1,1.E0),
.UNSPECIFIED.);
#3744=B_SPLINE_CURVE_WITH_KNOTS('',3,(#3695,#3696,#3697,#3698,#3699,#3700,#3701,
#3702,#3703,#3704,#3705,#3706,#3707,#3708,#3709,#3710,#3711,#3712,#3713,#3714,
#3715,#3716,#3717,#3718,#3719,#3720,#3721,#3722,#3723,#3724,#3725,#3726,#3727,
#3728,#3729,#3730,#3731,#3732,#3733,#3734,#3735,#3736,#3737,#3738,#3739,#3740,
#3741,#3742,#3743),.UNSPECIFIED.,.F.,.F.,(4,1,1,1,1,1,1,1,1,1,1,1,1,1,1,1,1,1,1,
1,1,1,1,1,1,1,1,1,1,1,1,1,1,1,1,1,1,1,1,1,1,1,1,1,1,1,4),(0.E0,
2.173913043478E-2,4.347826086957E-2,6.521739130435E-2,8.695652173913E-2,
1.086956521739E-1,1.304347826087E-1,1.521739130435E-1,1.739130434783E-1,
1.956521739130E-1,2.173913043478E-1,2.391304347826E-1,2.608695652174E-1,
2.826086956522E-1,3.043478260870E-1,3.260869565217E-1,3.478260869565E-1,
3.695652173913E-1,3.913043478261E-1,4.130434782609E-1,4.347826086957E-1,
4.565217391304E-1,4.782608695652E-1,5.E-1,5.217391304348E-1,5.434782608696E-1,
5.652173913043E-1,5.869565217391E-1,6.086956521739E-1,6.304347826087E-1,
6.521739130435E-1,6.739130434783E-1,6.956521739130E-1,7.173913043478E-1,
7.391304347826E-1,7.608695652174E-1,7.826086956522E-1,8.043478260870E-1,
8.260869565217E-1,8.478260869565E-1,8.695652173913E-1,8.913043478261E-1,
9.130434782609E-1,9.347826086957E-1,9.565217391304E-1,9.782608695652E-1,1.E0),
.UNSPECIFIED.);
#3797=B_SPLINE_CURVE_WITH_KNOTS('',3,(#3748,#3749,#3750,#3751,#3752,#3753,#3754,
#3755,#3756,#3757,#3758,#3759,#3760,#3761,#3762,#3763,#3764,#3765,#3766,#3767,
#3768,#3769,#3770,#3771,#3772,#3773,#3774,#3775,#3776,#3777,#3778,#3779,#3780,
#3781,#3782,#3783,#3784,#3785,#3786,#3787,#3788,#3789,#3790,#3791,#3792,#3793,
#3794,#3795,#3796),.UNSPECIFIED.,.F.,.F.,(4,1,1,1,1,1,1,1,1,1,1,1,1,1,1,1,1,1,1,
1,1,1,1,1,1,1,1,1,1,1,1,1,1,1,1,1,1,1,1,1,1,1,1,1,1,1,4),(0.E0,
2.173913043478E-2,4.347826086957E-2,6.521739130435E-2,8.695652173913E-2,
1.086956521739E-1,1.304347826087E-1,1.521739130435E-1,1.739130434783E-1,
1.956521739130E-1,2.173913043478E-1,2.391304347826E-1,2.608695652174E-1,
2.826086956522E-1,3.043478260870E-1,3.260869565217E-1,3.478260869565E-1,
3.695652173913E-1,3.913043478261E-1,4.130434782609E-1,4.347826086957E-1,
4.565217391304E-1,4.782608695652E-1,5.E-1,5.217391304348E-1,5.434782608696E-1,
5.652173913043E-1,5.869565217391E-1,6.086956521739E-1,6.304347826087E-1,
6.521739130435E-1,6.739130434783E-1,6.956521739130E-1,7.173913043478E-1,
7.391304347826E-1,7.608695652174E-1,7.826086956522E-1,8.043478260870E-1,
8.260869565217E-1,8.478260869565E-1,8.695652173913E-1,8.913043478261E-1,
9.130434782609E-1,9.347826086957E-1,9.565217391304E-1,9.782608695652E-1,1.E0),
.UNSPECIFIED.);
#3870=B_SPLINE_CURVE_WITH_KNOTS('',3,(#3801,#3802,#3803,#3804,#3805,#3806,#3807,
#3808,#3809,#3810,#3811,#3812,#3813,#3814,#3815,#3816,#3817,#3818,#3819,#3820,
#3821,#3822,#3823,#3824,#3825,#3826,#3827,#3828,#3829,#3830,#3831,#3832,#3833,
#3834,#3835,#3836,#3837,#3838,#3839,#3840,#3841,#3842,#3843,#3844,#3845,#3846,
#3847,#3848,#3849,#3850,#3851,#3852,#3853,#3854,#3855,#3856,#3857,#3858,#3859,
#3860,#3861,#3862,#3863,#3864,#3865,#3866,#3867,#3868,#3869),.UNSPECIFIED.,.F.,
.F.,(4,1,1,1,1,1,1,1,1,1,1,1,1,1,1,1,1,1,1,1,1,1,1,1,1,1,1,1,1,1,1,1,1,1,1,1,1,
1,1,1,1,1,1,1,1,1,1,1,1,1,1,1,1,1,1,1,1,1,1,1,1,1,1,1,1,1,4),(0.E0,
1.515151515152E-2,3.030303030303E-2,4.545454545455E-2,6.060606060606E-2,
7.575757575758E-2,9.090909090909E-2,1.060606060606E-1,1.212121212121E-1,
1.363636363636E-1,1.515151515152E-1,1.666666666667E-1,1.818181818182E-1,
1.969696969697E-1,2.121212121212E-1,2.272727272727E-1,2.424242424242E-1,
2.575757575758E-1,2.727272727273E-1,2.878787878788E-1,3.030303030303E-1,
3.181818181818E-1,3.333333333333E-1,3.484848484848E-1,3.636363636364E-1,
3.787878787879E-1,3.939393939394E-1,4.090909090909E-1,4.242424242424E-1,
4.393939393939E-1,4.545454545455E-1,4.696969696970E-1,4.848484848485E-1,5.E-1,
5.151515151515E-1,5.303030303030E-1,5.454545454545E-1,5.606060606061E-1,
5.757575757576E-1,5.909090909091E-1,6.060606060606E-1,6.212121212121E-1,
6.363636363636E-1,6.515151515152E-1,6.666666666667E-1,6.818181818182E-1,
6.969696969697E-1,7.121212121212E-1,7.272727272727E-1,7.424242424242E-1,
7.575757575758E-1,7.727272727273E-1,7.878787878788E-1,8.030303030303E-1,
8.181818181818E-1,8.333333333333E-1,8.484848484848E-1,8.636363636364E-1,
8.787878787879E-1,8.939393939394E-1,9.090909090909E-1,9.242424242424E-1,
9.393939393939E-1,9.545454545455E-1,9.696969696970E-1,9.848484848485E-1,1.E0),
.UNSPECIFIED.);
#3878=CIRCLE('',#3877,4.E0);
#3963=B_SPLINE_CURVE_WITH_KNOTS('',3,(#3882,#3883,#3884,#3885,#3886,#3887,#3888,
#3889,#3890,#3891,#3892,#3893,#3894,#3895,#3896,#3897,#3898,#3899,#3900,#3901,
#3902,#3903,#3904,#3905,#3906,#3907,#3908,#3909,#3910,#3911,#3912,#3913,#3914,
#3915,#3916,#3917,#3918,#3919,#3920,#3921,#3922,#3923,#3924,#3925,#3926,#3927,
#3928,#3929,#3930,#3931,#3932,#3933,#3934,#3935,#3936,#3937,#3938,#3939,#3940,
#3941,#3942,#3943,#3944,#3945,#3946,#3947,#3948,#3949,#3950,#3951,#3952,#3953,
#3954,#3955,#3956,#3957,#3958,#3959,#3960,#3961,#3962),.UNSPECIFIED.,.F.,.F.,(4,
1,1,1,1,1,1,1,1,1,1,1,1,1,1,1,1,1,1,1,1,1,1,1,1,1,1,1,1,1,1,1,1,1,1,1,1,1,1,1,1,
1,1,1,1,1,1,1,1,1,1,1,1,1,1,1,1,1,1,1,1,1,1,1,1,1,1,1,1,1,1,1,1,1,1,1,1,1,4),(
0.E0,1.282051282051E-2,2.564102564103E-2,3.846153846154E-2,5.128205128205E-2,
6.410256410256E-2,7.692307692308E-2,8.974358974359E-2,1.025641025641E-1,
1.153846153846E-1,1.282051282051E-1,1.410256410256E-1,1.538461538462E-1,
1.666666666667E-1,1.794871794872E-1,1.923076923077E-1,2.051282051282E-1,
2.179487179487E-1,2.307692307692E-1,2.435897435897E-1,2.564102564103E-1,
2.692307692308E-1,2.820512820513E-1,2.948717948718E-1,3.076923076923E-1,
3.205128205128E-1,3.333333333333E-1,3.461538461538E-1,3.589743589744E-1,
3.717948717949E-1,3.846153846154E-1,3.974358974359E-1,4.102564102564E-1,
4.230769230769E-1,4.358974358974E-1,4.487179487179E-1,4.615384615385E-1,
4.743589743590E-1,4.871794871795E-1,5.E-1,5.128205128205E-1,5.256410256410E-1,
5.384615384615E-1,5.512820512821E-1,5.641025641026E-1,5.769230769231E-1,
5.897435897436E-1,6.025641025641E-1,6.153846153846E-1,6.282051282051E-1,
6.410256410256E-1,6.538461538462E-1,6.666666666667E-1,6.794871794872E-1,
6.923076923077E-1,7.051282051282E-1,7.179487179487E-1,7.307692307692E-1,
7.435897435897E-1,7.564102564103E-1,7.692307692308E-1,7.820512820513E-1,
7.948717948718E-1,8.076923076923E-1,8.205128205128E-1,8.333333333333E-1,
8.461538461538E-1,8.589743589744E-1,8.717948717949E-1,8.846153846154E-1,
8.974358974359E-1,9.102564102564E-1,9.230769230769E-1,9.358974358974E-1,
9.487179487179E-1,9.615384615385E-1,9.743589743590E-1,9.871794871795E-1,1.E0),
.UNSPECIFIED.);
#4050=B_SPLINE_CURVE_WITH_KNOTS('',3,(#3974,#3975,#3976,#3977,#3978,#3979,#3980,
#3981,#3982,#3983,#3984,#3985,#3986,#3987,#3988,#3989,#3990,#3991,#3992,#3993,
#3994,#3995,#3996,#3997,#3998,#3999,#4000,#4001,#4002,#4003,#4004,#4005,#4006,
#4007,#4008,#4009,#4010,#4011,#4012,#4013,#4014,#4015,#4016,#4017,#4018,#4019,
#4020,#4021,#4022,#4023,#4024,#4025,#4026,#4027,#4028,#4029,#4030,#4031,#4032,
#4033,#4034,#4035,#4036,#4037,#4038,#4039,#4040,#4041,#4042,#4043,#4044,#4045,
#4046,#4047,#4048,#4049),.UNSPECIFIED.,.F.,.F.,(4,1,1,1,1,1,1,1,1,1,1,1,1,1,1,1,
1,1,1,1,1,1,1,1,1,1,1,1,1,1,1,1,1,1,1,1,1,1,1,1,1,1,1,1,1,1,1,1,1,1,1,1,1,1,1,1,
1,1,1,1,1,1,1,1,1,1,1,1,1,1,1,1,1,4),(0.E0,1.369863013699E-2,2.739726027397E-2,
4.109589041096E-2,5.479452054795E-2,6.849315068493E-2,8.219178082192E-2,
9.589041095890E-2,1.095890410959E-1,1.232876712329E-1,1.369863013699E-1,
1.506849315068E-1,1.643835616438E-1,1.780821917808E-1,1.917808219178E-1,
2.054794520548E-1,2.191780821918E-1,2.328767123288E-1,2.465753424658E-1,
2.602739726027E-1,2.739726027397E-1,2.876712328767E-1,3.013698630137E-1,
3.150684931507E-1,3.287671232877E-1,3.424657534247E-1,3.561643835616E-1,
3.698630136986E-1,3.835616438356E-1,3.972602739726E-1,4.109589041096E-1,
4.246575342466E-1,4.383561643836E-1,4.520547945205E-1,4.657534246575E-1,
4.794520547945E-1,4.931506849315E-1,5.068493150685E-1,5.205479452055E-1,
5.342465753425E-1,5.479452054795E-1,5.616438356164E-1,5.753424657534E-1,
5.890410958904E-1,6.027397260274E-1,6.164383561644E-1,6.301369863014E-1,
6.438356164384E-1,6.575342465753E-1,6.712328767123E-1,6.849315068493E-1,
6.986301369863E-1,7.123287671233E-1,7.260273972603E-1,7.397260273973E-1,
7.534246575342E-1,7.671232876712E-1,7.808219178082E-1,7.945205479452E-1,
8.082191780822E-1,8.219178082192E-1,8.356164383562E-1,8.493150684932E-1,
8.630136986301E-1,8.767123287671E-1,8.904109589041E-1,9.041095890411E-1,
9.178082191781E-1,9.315068493151E-1,9.452054794521E-1,9.589041095890E-1,
9.726027397260E-1,9.863013698630E-1,1.E0),.UNSPECIFIED.);
#4058=CIRCLE('',#4057,4.E0);
#4149=B_SPLINE_CURVE_WITH_KNOTS('',3,(#4062,#4063,#4064,#4065,#4066,#4067,#4068,
#4069,#4070,#4071,#4072,#4073,#4074,#4075,#4076,#4077,#4078,#4079,#4080,#4081,
#4082,#4083,#4084,#4085,#4086,#4087,#4088,#4089,#4090,#4091,#4092,#4093,#4094,
#4095,#4096,#4097,#4098,#4099,#4100,#4101,#4102,#4103,#4104,#4105,#4106,#4107,
#4108,#4109,#4110,#4111,#4112,#4113,#4114,#4115,#4116,#4117,#4118,#4119,#4120,
#4121,#4122,#4123,#4124,#4125,#4126,#4127,#4128,#4129,#4130,#4131,#4132,#4133,
#4134,#4135,#4136,#4137,#4138,#4139,#4140,#4141,#4142,#4143,#4144,#4145,#4146,
#4147,#4148),.UNSPECIFIED.,.F.,.F.,(4,1,1,1,1,1,1,1,1,1,1,1,1,1,1,1,1,1,1,1,1,1,
1,1,1,1,1,1,1,1,1,1,1,1,1,1,1,1,1,1,1,1,1,1,1,1,1,1,1,1,1,1,1,1,1,1,1,1,1,1,1,1,
1,1,1,1,1,1,1,1,1,1,1,1,1,1,1,1,1,1,1,1,1,1,4),(0.E0,1.190476190476E-2,
2.380952380952E-2,3.571428571429E-2,4.761904761905E-2,5.952380952381E-2,
7.142857142857E-2,8.333333333333E-2,9.523809523810E-2,1.071428571429E-1,
1.190476190476E-1,1.309523809524E-1,1.428571428571E-1,1.547619047619E-1,
1.666666666667E-1,1.785714285714E-1,1.904761904762E-1,2.023809523810E-1,
2.142857142857E-1,2.261904761905E-1,2.380952380952E-1,2.5E-1,2.619047619048E-1,
2.738095238095E-1,2.857142857143E-1,2.976190476190E-1,3.095238095238E-1,
3.214285714286E-1,3.333333333333E-1,3.452380952381E-1,3.571428571429E-1,
3.690476190476E-1,3.809523809524E-1,3.928571428571E-1,4.047619047619E-1,
4.166666666667E-1,4.285714285714E-1,4.404761904762E-1,4.523809523810E-1,
4.642857142857E-1,4.761904761905E-1,4.880952380952E-1,5.E-1,5.119047619048E-1,
5.238095238095E-1,5.357142857143E-1,5.476190476190E-1,5.595238095238E-1,
5.714285714286E-1,5.833333333333E-1,5.952380952381E-1,6.071428571429E-1,
6.190476190476E-1,6.309523809524E-1,6.428571428571E-1,6.547619047619E-1,
6.666666666667E-1,6.785714285714E-1,6.904761904762E-1,7.023809523810E-1,
7.142857142857E-1,7.261904761905E-1,7.380952380952E-1,7.5E-1,7.619047619048E-1,
7.738095238095E-1,7.857142857143E-1,7.976190476190E-1,8.095238095238E-1,
8.214285714286E-1,8.333333333333E-1,8.452380952381E-1,8.571428571429E-1,
8.690476190476E-1,8.809523809524E-1,8.928571428571E-1,9.047619047619E-1,
9.166666666667E-1,9.285714285714E-1,9.404761904762E-1,9.523809523810E-1,
9.642857142857E-1,9.761904761905E-1,9.880952380952E-1,1.E0),.UNSPECIFIED.);
#4202=B_SPLINE_CURVE_WITH_KNOTS('',3,(#4153,#4154,#4155,#4156,#4157,#4158,#4159,
#4160,#4161,#4162,#4163,#4164,#4165,#4166,#4167,#4168,#4169,#4170,#4171,#4172,
#4173,#4174,#4175,#4176,#4177,#4178,#4179,#4180,#4181,#4182,#4183,#4184,#4185,
#4186,#4187,#4188,#4189,#4190,#4191,#4192,#4193,#4194,#4195,#4196,#4197,#4198,
#4199,#4200,#4201),.UNSPECIFIED.,.F.,.F.,(4,1,1,1,1,1,1,1,1,1,1,1,1,1,1,1,1,1,1,
1,1,1,1,1,1,1,1,1,1,1,1,1,1,1,1,1,1,1,1,1,1,1,1,1,1,1,4),(0.E0,
2.173913043478E-2,4.347826086957E-2,6.521739130435E-2,8.695652173913E-2,
1.086956521739E-1,1.304347826087E-1,1.521739130435E-1,1.739130434783E-1,
1.956521739130E-1,2.173913043478E-1,2.391304347826E-1,2.608695652174E-1,
2.826086956522E-1,3.043478260870E-1,3.260869565217E-1,3.478260869565E-1,
3.695652173913E-1,3.913043478261E-1,4.130434782609E-1,4.347826086957E-1,
4.565217391304E-1,4.782608695652E-1,5.E-1,5.217391304348E-1,5.434782608696E-1,
5.652173913043E-1,5.869565217391E-1,6.086956521739E-1,6.304347826087E-1,
6.521739130435E-1,6.739130434783E-1,6.956521739130E-1,7.173913043478E-1,
7.391304347826E-1,7.608695652174E-1,7.826086956522E-1,8.043478260870E-1,
8.260869565217E-1,8.478260869565E-1,8.695652173913E-1,8.913043478261E-1,
9.130434782609E-1,9.347826086957E-1,9.565217391304E-1,9.782608695652E-1,1.E0),
.UNSPECIFIED.);
#4257=B_SPLINE_CURVE_WITH_KNOTS('',3,(#4213,#4214,#4215,#4216,#4217,#4218,#4219,
#4220,#4221,#4222,#4223,#4224,#4225,#4226,#4227,#4228,#4229,#4230,#4231,#4232,
#4233,#4234,#4235,#4236,#4237,#4238,#4239,#4240,#4241,#4242,#4243,#4244,#4245,
#4246,#4247,#4248,#4249,#4250,#4251,#4252,#4253,#4254,#4255,#4256),
.UNSPECIFIED.,.F.,.F.,(4,1,1,1,1,1,1,1,1,1,1,1,1,1,1,1,1,1,1,1,1,1,1,1,1,1,1,1,
1,1,1,1,1,1,1,1,1,1,1,1,1,4),(0.E0,2.439024390244E-2,4.878048780488E-2,
7.317073170732E-2,9.756097560976E-2,1.219512195122E-1,1.463414634146E-1,
1.707317073171E-1,1.951219512195E-1,2.195121951220E-1,2.439024390244E-1,
2.682926829268E-1,2.926829268293E-1,3.170731707317E-1,3.414634146341E-1,
3.658536585366E-1,3.902439024390E-1,4.146341463415E-1,4.390243902439E-1,
4.634146341463E-1,4.878048780488E-1,5.121951219512E-1,5.365853658537E-1,
5.609756097561E-1,5.853658536585E-1,6.097560975610E-1,6.341463414634E-1,
6.585365853659E-1,6.829268292683E-1,7.073170731707E-1,7.317073170732E-1,
7.560975609756E-1,7.804878048780E-1,8.048780487805E-1,8.292682926829E-1,
8.536585365854E-1,8.780487804878E-1,9.024390243902E-1,9.268292682927E-1,
9.512195121951E-1,9.756097560976E-1,1.E0),.UNSPECIFIED.);
#4269=B_SPLINE_CURVE_WITH_KNOTS('',3,(#4261,#4262,#4263,#4264,#4265,#4266,#4267,
#4268),.UNSPECIFIED.,.F.,.F.,(4,1,1,1,1,4),(0.E0,2.E-1,4.E-1,6.E-1,8.E-1,1.E0),
.UNSPECIFIED.);
#4281=B_SPLINE_CURVE_WITH_KNOTS('',3,(#4273,#4274,#4275,#4276,#4277,#4278,#4279,
#4280),.UNSPECIFIED.,.F.,.F.,(4,1,1,1,1,4),(0.E0,2.E-1,4.E-1,6.E-1,8.E-1,1.E0),
.UNSPECIFIED.);
#4329=B_SPLINE_CURVE_WITH_KNOTS('',3,(#4285,#4286,#4287,#4288,#4289,#4290,#4291,
#4292,#4293,#4294,#4295,#4296,#4297,#4298,#4299,#4300,#4301,#4302,#4303,#4304,
#4305,#4306,#4307,#4308,#4309,#4310,#4311,#4312,#4313,#4314,#4315,#4316,#4317,
#4318,#4319,#4320,#4321,#4322,#4323,#4324,#4325,#4326,#4327,#4328),
.UNSPECIFIED.,.F.,.F.,(4,1,1,1,1,1,1,1,1,1,1,1,1,1,1,1,1,1,1,1,1,1,1,1,1,1,1,1,
1,1,1,1,1,1,1,1,1,1,1,1,1,4),(0.E0,2.439024390244E-2,4.878048780488E-2,
7.317073170732E-2,9.756097560976E-2,1.219512195122E-1,1.463414634146E-1,
1.707317073171E-1,1.951219512195E-1,2.195121951220E-1,2.439024390244E-1,
2.682926829268E-1,2.926829268293E-1,3.170731707317E-1,3.414634146341E-1,
3.658536585366E-1,3.902439024390E-1,4.146341463415E-1,4.390243902439E-1,
4.634146341463E-1,4.878048780488E-1,5.121951219512E-1,5.365853658537E-1,
5.609756097561E-1,5.853658536585E-1,6.097560975610E-1,6.341463414634E-1,
6.585365853659E-1,6.829268292683E-1,7.073170731707E-1,7.317073170732E-1,
7.560975609756E-1,7.804878048780E-1,8.048780487805E-1,8.292682926829E-1,
8.536585365854E-1,8.780487804878E-1,9.024390243902E-1,9.268292682927E-1,
9.512195121951E-1,9.756097560976E-1,1.E0),.UNSPECIFIED.);
#4389=B_SPLINE_CURVE_WITH_KNOTS('',3,(#4340,#4341,#4342,#4343,#4344,#4345,#4346,
#4347,#4348,#4349,#4350,#4351,#4352,#4353,#4354,#4355,#4356,#4357,#4358,#4359,
#4360,#4361,#4362,#4363,#4364,#4365,#4366,#4367,#4368,#4369,#4370,#4371,#4372,
#4373,#4374,#4375,#4376,#4377,#4378,#4379,#4380,#4381,#4382,#4383,#4384,#4385,
#4386,#4387,#4388),.UNSPECIFIED.,.F.,.F.,(4,1,1,1,1,1,1,1,1,1,1,1,1,1,1,1,1,1,1,
1,1,1,1,1,1,1,1,1,1,1,1,1,1,1,1,1,1,1,1,1,1,1,1,1,1,1,4),(0.E0,
2.173913043478E-2,4.347826086957E-2,6.521739130435E-2,8.695652173913E-2,
1.086956521739E-1,1.304347826087E-1,1.521739130435E-1,1.739130434783E-1,
1.956521739130E-1,2.173913043478E-1,2.391304347826E-1,2.608695652174E-1,
2.826086956522E-1,3.043478260870E-1,3.260869565217E-1,3.478260869565E-1,
3.695652173913E-1,3.913043478261E-1,4.130434782609E-1,4.347826086957E-1,
4.565217391304E-1,4.782608695652E-1,5.E-1,5.217391304348E-1,5.434782608696E-1,
5.652173913043E-1,5.869565217391E-1,6.086956521739E-1,6.304347826087E-1,
6.521739130435E-1,6.739130434783E-1,6.956521739130E-1,7.173913043478E-1,
7.391304347826E-1,7.608695652174E-1,7.826086956522E-1,8.043478260870E-1,
8.260869565217E-1,8.478260869565E-1,8.695652173913E-1,8.913043478261E-1,
9.130434782609E-1,9.347826086957E-1,9.565217391304E-1,9.782608695652E-1,1.E0),
.UNSPECIFIED.);
#4442=B_SPLINE_CURVE_WITH_KNOTS('',3,(#4393,#4394,#4395,#4396,#4397,#4398,#4399,
#4400,#4401,#4402,#4403,#4404,#4405,#4406,#4407,#4408,#4409,#4410,#4411,#4412,
#4413,#4414,#4415,#4416,#4417,#4418,#4419,#4420,#4421,#4422,#4423,#4424,#4425,
#4426,#4427,#4428,#4429,#4430,#4431,#4432,#4433,#4434,#4435,#4436,#4437,#4438,
#4439,#4440,#4441),.UNSPECIFIED.,.F.,.F.,(4,1,1,1,1,1,1,1,1,1,1,1,1,1,1,1,1,1,1,
1,1,1,1,1,1,1,1,1,1,1,1,1,1,1,1,1,1,1,1,1,1,1,1,1,1,1,4),(0.E0,
2.173913043478E-2,4.347826086957E-2,6.521739130435E-2,8.695652173913E-2,
1.086956521739E-1,1.304347826087E-1,1.521739130435E-1,1.739130434783E-1,
1.956521739130E-1,2.173913043478E-1,2.391304347826E-1,2.608695652174E-1,
2.826086956522E-1,3.043478260870E-1,3.260869565217E-1,3.478260869565E-1,
3.695652173913E-1,3.913043478261E-1,4.130434782609E-1,4.347826086957E-1,
4.565217391304E-1,4.782608695652E-1,5.E-1,5.217391304348E-1,5.434782608696E-1,
5.652173913043E-1,5.869565217391E-1,6.086956521739E-1,6.304347826087E-1,
6.521739130435E-1,6.739130434783E-1,6.956521739130E-1,7.173913043478E-1,
7.391304347826E-1,7.608695652174E-1,7.826086956522E-1,8.043478260870E-1,
8.260869565217E-1,8.478260869565E-1,8.695652173913E-1,8.913043478261E-1,
9.130434782609E-1,9.347826086957E-1,9.565217391304E-1,9.782608695652E-1,1.E0),
.UNSPECIFIED.);
#4502=B_SPLINE_CURVE_WITH_KNOTS('',3,(#4453,#4454,#4455,#4456,#4457,#4458,#4459,
#4460,#4461,#4462,#4463,#4464,#4465,#4466,#4467,#4468,#4469,#4470,#4471,#4472,
#4473,#4474,#4475,#4476,#4477,#4478,#4479,#4480,#4481,#4482,#4483,#4484,#4485,
#4486,#4487,#4488,#4489,#4490,#4491,#4492,#4493,#4494,#4495,#4496,#4497,#4498,
#4499,#4500,#4501),.UNSPECIFIED.,.F.,.F.,(4,1,1,1,1,1,1,1,1,1,1,1,1,1,1,1,1,1,1,
1,1,1,1,1,1,1,1,1,1,1,1,1,1,1,1,1,1,1,1,1,1,1,1,1,1,1,4),(0.E0,
2.173913043478E-2,4.347826086957E-2,6.521739130435E-2,8.695652173913E-2,
1.086956521739E-1,1.304347826087E-1,1.521739130435E-1,1.739130434783E-1,
1.956521739130E-1,2.173913043478E-1,2.391304347826E-1,2.608695652174E-1,
2.826086956522E-1,3.043478260870E-1,3.260869565217E-1,3.478260869565E-1,
3.695652173913E-1,3.913043478261E-1,4.130434782609E-1,4.347826086957E-1,
4.565217391304E-1,4.782608695652E-1,5.E-1,5.217391304348E-1,5.434782608696E-1,
5.652173913043E-1,5.869565217391E-1,6.086956521739E-1,6.304347826087E-1,
6.521739130435E-1,6.739130434783E-1,6.956521739130E-1,7.173913043478E-1,
7.391304347826E-1,7.608695652174E-1,7.826086956522E-1,8.043478260870E-1,
8.260869565217E-1,8.478260869565E-1,8.695652173913E-1,8.913043478261E-1,
9.130434782609E-1,9.347826086957E-1,9.565217391304E-1,9.782608695652E-1,1.E0),
.UNSPECIFIED.);
#4538=B_SPLINE_CURVE_WITH_KNOTS('',3,(#4506,#4507,#4508,#4509,#4510,#4511,#4512,
#4513,#4514,#4515,#4516,#4517,#4518,#4519,#4520,#4521,#4522,#4523,#4524,#4525,
#4526,#4527,#4528,#4529,#4530,#4531,#4532,#4533,#4534,#4535,#4536,#4537),
.UNSPECIFIED.,.F.,.F.,(4,1,1,1,1,1,1,1,1,1,1,1,1,1,1,1,1,1,1,1,1,1,1,1,1,1,1,1,
1,4),(0.E0,3.448275862069E-2,6.896551724138E-2,1.034482758621E-1,
1.379310344828E-1,1.724137931034E-1,2.068965517241E-1,2.413793103448E-1,
2.758620689655E-1,3.103448275862E-1,3.448275862069E-1,3.793103448276E-1,
4.137931034483E-1,4.482758620690E-1,4.827586206897E-1,5.172413793103E-1,
5.517241379310E-1,5.862068965517E-1,6.206896551724E-1,6.551724137931E-1,
6.896551724138E-1,7.241379310345E-1,7.586206896552E-1,7.931034482759E-1,
8.275862068966E-1,8.620689655172E-1,8.965517241379E-1,9.310344827586E-1,
9.655172413793E-1,1.E0),.UNSPECIFIED.);
#4604=B_SPLINE_CURVE_WITH_KNOTS('',3,(#4556,#4557,#4558,#4559,#4560,#4561,#4562,
#4563,#4564,#4565,#4566,#4567,#4568,#4569,#4570,#4571,#4572,#4573,#4574,#4575,
#4576,#4577,#4578,#4579,#4580,#4581,#4582,#4583,#4584,#4585,#4586,#4587,#4588,
#4589,#4590,#4591,#4592,#4593,#4594,#4595,#4596,#4597,#4598,#4599,#4600,#4601,
#4602,#4603),.UNSPECIFIED.,.F.,.F.,(4,1,1,1,1,1,1,1,1,1,1,1,1,1,1,1,1,1,1,1,1,1,
1,1,1,1,1,1,1,1,1,1,1,1,1,1,1,1,1,1,1,1,1,1,1,4),(0.E0,2.222222222222E-2,
4.444444444444E-2,6.666666666667E-2,8.888888888889E-2,1.111111111111E-1,
1.333333333333E-1,1.555555555556E-1,1.777777777778E-1,2.E-1,2.222222222222E-1,
2.444444444444E-1,2.666666666667E-1,2.888888888889E-1,3.111111111111E-1,
3.333333333333E-1,3.555555555556E-1,3.777777777778E-1,4.E-1,4.222222222222E-1,
4.444444444444E-1,4.666666666667E-1,4.888888888889E-1,5.111111111111E-1,
5.333333333333E-1,5.555555555556E-1,5.777777777778E-1,6.E-1,6.222222222222E-1,
6.444444444444E-1,6.666666666667E-1,6.888888888889E-1,7.111111111111E-1,
7.333333333333E-1,7.555555555556E-1,7.777777777778E-1,8.E-1,8.222222222222E-1,
8.444444444444E-1,8.666666666667E-1,8.888888888889E-1,9.111111111111E-1,
9.333333333333E-1,9.555555555556E-1,9.777777777778E-1,1.E0),.UNSPECIFIED.);
#4849=B_SPLINE_CURVE_WITH_KNOTS('',3,(#4608,#4609,#4610,#4611,#4612,#4613,#4614,
#4615,#4616,#4617,#4618,#4619,#4620,#4621,#4622,#4623,#4624,#4625,#4626,#4627,
#4628,#4629,#4630,#4631,#4632,#4633,#4634,#4635,#4636,#4637,#4638,#4639,#4640,
#4641,#4642,#4643,#4644,#4645,#4646,#4647,#4648,#4649,#4650,#4651,#4652,#4653,
#4654,#4655,#4656,#4657,#4658,#4659,#4660,#4661,#4662,#4663,#4664,#4665,#4666,
#4667,#4668,#4669,#4670,#4671,#4672,#4673,#4674,#4675,#4676,#4677,#4678,#4679,
#4680,#4681,#4682,#4683,#4684,#4685,#4686,#4687,#4688,#4689,#4690,#4691,#4692,
#4693,#4694,#4695,#4696,#4697,#4698,#4699,#4700,#4701,#4702,#4703,#4704,#4705,
#4706,#4707,#4708,#4709,#4710,#4711,#4712,#4713,#4714,#4715,#4716,#4717,#4718,
#4719,#4720,#4721,#4722,#4723,#4724,#4725,#4726,#4727,#4728,#4729,#4730,#4731,
#4732,#4733,#4734,#4735,#4736,#4737,#4738,#4739,#4740,#4741,#4742,#4743,#4744,
#4745,#4746,#4747,#4748,#4749,#4750,#4751,#4752,#4753,#4754,#4755,#4756,#4757,
#4758,#4759,#4760,#4761,#4762,#4763,#4764,#4765,#4766,#4767,#4768,#4769,#4770,
#4771,#4772,#4773,#4774,#4775,#4776,#4777,#4778,#4779,#4780,#4781,#4782,#4783,
#4784,#4785,#4786,#4787,#4788,#4789,#4790,#4791,#4792,#4793,#4794,#4795,#4796,
#4797,#4798,#4799,#4800,#4801,#4802,#4803,#4804,#4805,#4806,#4807,#4808,#4809,
#4810,#4811,#4812,#4813,#4814,#4815,#4816,#4817,#4818,#4819,#4820,#4821,#4822,
#4823,#4824,#4825,#4826,#4827,#4828,#4829,#4830,#4831,#4832,#4833,#4834,#4835,
#4836,#4837,#4838,#4839,#4840,#4841,#4842,#4843,#4844,#4845,#4846,#4847,#4848),
.UNSPECIFIED.,.F.,.F.,(4,1,1,1,1,1,1,1,1,1,1,1,1,1,1,1,1,1,1,1,1,1,1,1,1,1,1,1,
1,1,1,1,1,1,1,1,1,1,1,1,1,1,1,1,1,1,1,1,1,1,1,1,1,1,1,1,1,1,1,1,1,1,1,1,1,1,1,1,
1,1,1,1,1,1,1,1,1,1,1,1,1,1,1,1,1,1,1,1,1,1,1,1,1,1,1,1,1,1,1,1,1,1,1,1,1,1,1,1,
1,1,1,1,1,1,1,1,1,1,1,1,1,1,1,1,1,1,1,1,1,1,1,1,1,1,1,1,1,1,1,1,1,1,1,1,1,1,1,1,
1,1,1,1,1,1,1,1,1,1,1,1,1,1,1,1,1,1,1,1,1,1,1,1,1,1,1,1,1,1,1,1,1,1,1,1,1,1,1,1,
1,1,1,1,1,1,1,1,1,1,1,1,1,1,1,1,1,1,1,1,1,1,1,1,1,1,1,1,1,1,1,1,1,1,1,1,1,1,1,1,
1,1,1,1,1,1,1,1,1,1,4),(0.E0,4.201680672269E-3,8.403361344538E-3,
1.260504201681E-2,1.680672268908E-2,2.100840336134E-2,2.521008403361E-2,
2.941176470588E-2,3.361344537815E-2,3.781512605042E-2,4.201680672269E-2,
4.621848739496E-2,5.042016806723E-2,5.462184873950E-2,5.882352941176E-2,
6.302521008403E-2,6.722689075630E-2,7.142857142857E-2,7.563025210084E-2,
7.983193277311E-2,8.403361344538E-2,8.823529411765E-2,9.243697478992E-2,
9.663865546218E-2,1.008403361345E-1,1.050420168067E-1,1.092436974790E-1,
1.134453781513E-1,1.176470588235E-1,1.218487394958E-1,1.260504201681E-1,
1.302521008403E-1,1.344537815126E-1,1.386554621849E-1,1.428571428571E-1,
1.470588235294E-1,1.512605042017E-1,1.554621848739E-1,1.596638655462E-1,
1.638655462185E-1,1.680672268908E-1,1.722689075630E-1,1.764705882353E-1,
1.806722689076E-1,1.848739495798E-1,1.890756302521E-1,1.932773109244E-1,
1.974789915966E-1,2.016806722689E-1,2.058823529412E-1,2.100840336134E-1,
2.142857142857E-1,2.184873949580E-1,2.226890756303E-1,2.268907563025E-1,
2.310924369748E-1,2.352941176471E-1,2.394957983193E-1,2.436974789916E-1,
2.478991596639E-1,2.521008403361E-1,2.563025210084E-1,2.605042016807E-1,
2.647058823529E-1,2.689075630252E-1,2.731092436975E-1,2.773109243697E-1,
2.815126050420E-1,2.857142857143E-1,2.899159663866E-1,2.941176470588E-1,
2.983193277311E-1,3.025210084034E-1,3.067226890756E-1,3.109243697479E-1,
3.151260504202E-1,3.193277310924E-1,3.235294117647E-1,3.277310924370E-1,
3.319327731092E-1,3.361344537815E-1,3.403361344538E-1,3.445378151261E-1,
3.487394957983E-1,3.529411764706E-1,3.571428571429E-1,3.613445378151E-1,
3.655462184874E-1,3.697478991597E-1,3.739495798319E-1,3.781512605042E-1,
3.823529411765E-1,3.865546218487E-1,3.907563025210E-1,3.949579831933E-1,
3.991596638655E-1,4.033613445378E-1,4.075630252101E-1,4.117647058824E-1,
4.159663865546E-1,4.201680672269E-1,4.243697478992E-1,4.285714285714E-1,
4.327731092437E-1,4.369747899160E-1,4.411764705882E-1,4.453781512605E-1,
4.495798319328E-1,4.537815126050E-1,4.579831932773E-1,4.621848739496E-1,
4.663865546218E-1,4.705882352941E-1,4.747899159664E-1,4.789915966387E-1,
4.831932773109E-1,4.873949579832E-1,4.915966386555E-1,4.957983193277E-1,5.E-1,
5.042016806723E-1,5.084033613445E-1,5.126050420168E-1,5.168067226891E-1,
5.210084033613E-1,5.252100840336E-1,5.294117647059E-1,5.336134453782E-1,
5.378151260504E-1,5.420168067227E-1,5.462184873950E-1,5.504201680672E-1,
5.546218487395E-1,5.588235294118E-1,5.630252100840E-1,5.672268907563E-1,
5.714285714286E-1,5.756302521008E-1,5.798319327731E-1,5.840336134454E-1,
5.882352941176E-1,5.924369747899E-1,5.966386554622E-1,6.008403361345E-1,
6.050420168067E-1,6.092436974790E-1,6.134453781513E-1,6.176470588235E-1,
6.218487394958E-1,6.260504201681E-1,6.302521008403E-1,6.344537815126E-1,
6.386554621849E-1,6.428571428571E-1,6.470588235294E-1,6.512605042017E-1,
6.554621848739E-1,6.596638655462E-1,6.638655462185E-1,6.680672268908E-1,
6.722689075630E-1,6.764705882353E-1,6.806722689076E-1,6.848739495798E-1,
6.890756302521E-1,6.932773109244E-1,6.974789915966E-1,7.016806722689E-1,
7.058823529412E-1,7.100840336134E-1,7.142857142857E-1,7.184873949580E-1,
7.226890756303E-1,7.268907563025E-1,7.310924369748E-1,7.352941176471E-1,
7.394957983193E-1,7.436974789916E-1,7.478991596639E-1,7.521008403361E-1,
7.563025210084E-1,7.605042016807E-1,7.647058823529E-1,7.689075630252E-1,
7.731092436975E-1,7.773109243697E-1,7.815126050420E-1,7.857142857143E-1,
7.899159663866E-1,7.941176470588E-1,7.983193277311E-1,8.025210084034E-1,
8.067226890756E-1,8.109243697479E-1,8.151260504202E-1,8.193277310924E-1,
8.235294117647E-1,8.277310924370E-1,8.319327731092E-1,8.361344537815E-1,
8.403361344538E-1,8.445378151261E-1,8.487394957983E-1,8.529411764706E-1,
8.571428571429E-1,8.613445378151E-1,8.655462184874E-1,8.697478991597E-1,
8.739495798319E-1,8.781512605042E-1,8.823529411765E-1,8.865546218487E-1,
8.907563025210E-1,8.949579831933E-1,8.991596638655E-1,9.033613445378E-1,
9.075630252101E-1,9.117647058824E-1,9.159663865546E-1,9.201680672269E-1,
9.243697478992E-1,9.285714285714E-1,9.327731092437E-1,9.369747899160E-1,
9.411764705882E-1,9.453781512605E-1,9.495798319328E-1,9.537815126050E-1,
9.579831932773E-1,9.621848739496E-1,9.663865546218E-1,9.705882352941E-1,
9.747899159664E-1,9.789915966387E-1,9.831932773109E-1,9.873949579832E-1,
9.915966386555E-1,9.957983193277E-1,1.E0),.UNSPECIFIED.);
#5116=B_SPLINE_CURVE_WITH_KNOTS('',3,(#4853,#4854,#4855,#4856,#4857,#4858,#4859,
#4860,#4861,#4862,#4863,#4864,#4865,#4866,#4867,#4868,#4869,#4870,#4871,#4872,
#4873,#4874,#4875,#4876,#4877,#4878,#4879,#4880,#4881,#4882,#4883,#4884,#4885,
#4886,#4887,#4888,#4889,#4890,#4891,#4892,#4893,#4894,#4895,#4896,#4897,#4898,
#4899,#4900,#4901,#4902,#4903,#4904,#4905,#4906,#4907,#4908,#4909,#4910,#4911,
#4912,#4913,#4914,#4915,#4916,#4917,#4918,#4919,#4920,#4921,#4922,#4923,#4924,
#4925,#4926,#4927,#4928,#4929,#4930,#4931,#4932,#4933,#4934,#4935,#4936,#4937,
#4938,#4939,#4940,#4941,#4942,#4943,#4944,#4945,#4946,#4947,#4948,#4949,#4950,
#4951,#4952,#4953,#4954,#4955,#4956,#4957,#4958,#4959,#4960,#4961,#4962,#4963,
#4964,#4965,#4966,#4967,#4968,#4969,#4970,#4971,#4972,#4973,#4974,#4975,#4976,
#4977,#4978,#4979,#4980,#4981,#4982,#4983,#4984,#4985,#4986,#4987,#4988,#4989,
#4990,#4991,#4992,#4993,#4994,#4995,#4996,#4997,#4998,#4999,#5000,#5001,#5002,
#5003,#5004,#5005,#5006,#5007,#5008,#5009,#5010,#5011,#5012,#5013,#5014,#5015,
#5016,#5017,#5018,#5019,#5020,#5021,#5022,#5023,#5024,#5025,#5026,#5027,#5028,
#5029,#5030,#5031,#5032,#5033,#5034,#5035,#5036,#5037,#5038,#5039,#5040,#5041,
#5042,#5043,#5044,#5045,#5046,#5047,#5048,#5049,#5050,#5051,#5052,#5053,#5054,
#5055,#5056,#5057,#5058,#5059,#5060,#5061,#5062,#5063,#5064,#5065,#5066,#5067,
#5068,#5069,#5070,#5071,#5072,#5073,#5074,#5075,#5076,#5077,#5078,#5079,#5080,
#5081,#5082,#5083,#5084,#5085,#5086,#5087,#5088,#5089,#5090,#5091,#5092,#5093,
#5094,#5095,#5096,#5097,#5098,#5099,#5100,#5101,#5102,#5103,#5104,#5105,#5106,
#5107,#5108,#5109,#5110,#5111,#5112,#5113,#5114,#5115),.UNSPECIFIED.,.F.,.F.,(4,
1,1,1,1,1,1,1,1,1,1,1,1,1,1,1,1,1,1,1,1,1,1,1,1,1,1,1,1,1,1,1,1,1,1,1,1,1,1,1,1,
1,1,1,1,1,1,1,1,1,1,1,1,1,1,1,1,1,1,1,1,1,1,1,1,1,1,1,1,1,1,1,1,1,1,1,1,1,1,1,1,
1,1,1,1,1,1,1,1,1,1,1,1,1,1,1,1,1,1,1,1,1,1,1,1,1,1,1,1,1,1,1,1,1,1,1,1,1,1,1,1,
1,1,1,1,1,1,1,1,1,1,1,1,1,1,1,1,1,1,1,1,1,1,1,1,1,1,1,1,1,1,1,1,1,1,1,1,1,1,1,1,
1,1,1,1,1,1,1,1,1,1,1,1,1,1,1,1,1,1,1,1,1,1,1,1,1,1,1,1,1,1,1,1,1,1,1,1,1,1,1,1,
1,1,1,1,1,1,1,1,1,1,1,1,1,1,1,1,1,1,1,1,1,1,1,1,1,1,1,1,1,1,1,1,1,1,1,1,1,1,1,1,
1,1,1,1,1,1,1,1,1,1,1,1,1,1,1,1,1,1,1,4),(0.E0,3.846153846154E-3,
7.692307692308E-3,1.153846153846E-2,1.538461538462E-2,1.923076923077E-2,
2.307692307692E-2,2.692307692308E-2,3.076923076923E-2,3.461538461538E-2,
3.846153846154E-2,4.230769230769E-2,4.615384615385E-2,5.E-2,5.384615384615E-2,
5.769230769231E-2,6.153846153846E-2,6.538461538462E-2,6.923076923077E-2,
7.307692307692E-2,7.692307692308E-2,8.076923076923E-2,8.461538461538E-2,
8.846153846154E-2,9.230769230769E-2,9.615384615385E-2,1.E-1,1.038461538462E-1,
1.076923076923E-1,1.115384615385E-1,1.153846153846E-1,1.192307692308E-1,
1.230769230769E-1,1.269230769231E-1,1.307692307692E-1,1.346153846154E-1,
1.384615384615E-1,1.423076923077E-1,1.461538461538E-1,1.5E-1,1.538461538462E-1,
1.576923076923E-1,1.615384615385E-1,1.653846153846E-1,1.692307692308E-1,
1.730769230769E-1,1.769230769231E-1,1.807692307692E-1,1.846153846154E-1,
1.884615384615E-1,1.923076923077E-1,1.961538461538E-1,2.E-1,2.038461538462E-1,
2.076923076923E-1,2.115384615385E-1,2.153846153846E-1,2.192307692308E-1,
2.230769230769E-1,2.269230769231E-1,2.307692307692E-1,2.346153846154E-1,
2.384615384615E-1,2.423076923077E-1,2.461538461538E-1,2.5E-1,2.538461538462E-1,
2.576923076923E-1,2.615384615385E-1,2.653846153846E-1,2.692307692308E-1,
2.730769230769E-1,2.769230769231E-1,2.807692307692E-1,2.846153846154E-1,
2.884615384615E-1,2.923076923077E-1,2.961538461538E-1,3.E-1,3.038461538462E-1,
3.076923076923E-1,3.115384615385E-1,3.153846153846E-1,3.192307692308E-1,
3.230769230769E-1,3.269230769231E-1,3.307692307692E-1,3.346153846154E-1,
3.384615384615E-1,3.423076923077E-1,3.461538461538E-1,3.5E-1,3.538461538462E-1,
3.576923076923E-1,3.615384615385E-1,3.653846153846E-1,3.692307692308E-1,
3.730769230769E-1,3.769230769231E-1,3.807692307692E-1,3.846153846154E-1,
3.884615384615E-1,3.923076923077E-1,3.961538461538E-1,4.E-1,4.038461538462E-1,
4.076923076923E-1,4.115384615385E-1,4.153846153846E-1,4.192307692308E-1,
4.230769230769E-1,4.269230769231E-1,4.307692307692E-1,4.346153846154E-1,
4.384615384615E-1,4.423076923077E-1,4.461538461538E-1,4.5E-1,4.538461538462E-1,
4.576923076923E-1,4.615384615385E-1,4.653846153846E-1,4.692307692308E-1,
4.730769230769E-1,4.769230769231E-1,4.807692307692E-1,4.846153846154E-1,
4.884615384615E-1,4.923076923077E-1,4.961538461538E-1,5.E-1,5.038461538462E-1,
5.076923076923E-1,5.115384615385E-1,5.153846153846E-1,5.192307692308E-1,
5.230769230769E-1,5.269230769231E-1,5.307692307692E-1,5.346153846154E-1,
5.384615384615E-1,5.423076923077E-1,5.461538461538E-1,5.5E-1,5.538461538462E-1,
5.576923076923E-1,5.615384615385E-1,5.653846153846E-1,5.692307692308E-1,
5.730769230769E-1,5.769230769231E-1,5.807692307692E-1,5.846153846154E-1,
5.884615384615E-1,5.923076923077E-1,5.961538461538E-1,6.E-1,6.038461538462E-1,
6.076923076923E-1,6.115384615385E-1,6.153846153846E-1,6.192307692308E-1,
6.230769230769E-1,6.269230769231E-1,6.307692307692E-1,6.346153846154E-1,
6.384615384615E-1,6.423076923077E-1,6.461538461538E-1,6.5E-1,6.538461538462E-1,
6.576923076923E-1,6.615384615385E-1,6.653846153846E-1,6.692307692308E-1,
6.730769230769E-1,6.769230769231E-1,6.807692307692E-1,6.846153846154E-1,
6.884615384615E-1,6.923076923077E-1,6.961538461538E-1,7.E-1,7.038461538462E-1,
7.076923076923E-1,7.115384615385E-1,7.153846153846E-1,7.192307692308E-1,
7.230769230769E-1,7.269230769231E-1,7.307692307692E-1,7.346153846154E-1,
7.384615384615E-1,7.423076923077E-1,7.461538461538E-1,7.5E-1,7.538461538462E-1,
7.576923076923E-1,7.615384615385E-1,7.653846153846E-1,7.692307692308E-1,
7.730769230769E-1,7.769230769231E-1,7.807692307692E-1,7.846153846154E-1,
7.884615384615E-1,7.923076923077E-1,7.961538461538E-1,8.E-1,8.038461538462E-1,
8.076923076923E-1,8.115384615385E-1,8.153846153846E-1,8.192307692308E-1,
8.230769230769E-1,8.269230769231E-1,8.307692307692E-1,8.346153846154E-1,
8.384615384615E-1,8.423076923077E-1,8.461538461538E-1,8.5E-1,8.538461538462E-1,
8.576923076923E-1,8.615384615385E-1,8.653846153846E-1,8.692307692308E-1,
8.730769230769E-1,8.769230769231E-1,8.807692307692E-1,8.846153846154E-1,
8.884615384615E-1,8.923076923077E-1,8.961538461538E-1,9.E-1,9.038461538462E-1,
9.076923076923E-1,9.115384615385E-1,9.153846153846E-1,9.192307692308E-1,
9.230769230769E-1,9.269230769231E-1,9.307692307692E-1,9.346153846154E-1,
9.384615384615E-1,9.423076923077E-1,9.461538461538E-1,9.5E-1,9.538461538462E-1,
9.576923076923E-1,9.615384615385E-1,9.653846153846E-1,9.692307692308E-1,
9.730769230769E-1,9.769230769231E-1,9.807692307692E-1,9.846153846154E-1,
9.884615384615E-1,9.923076923077E-1,9.961538461538E-1,1.E0),.UNSPECIFIED.);
#5152=B_SPLINE_CURVE_WITH_KNOTS('',3,(#5120,#5121,#5122,#5123,#5124,#5125,#5126,
#5127,#5128,#5129,#5130,#5131,#5132,#5133,#5134,#5135,#5136,#5137,#5138,#5139,
#5140,#5141,#5142,#5143,#5144,#5145,#5146,#5147,#5148,#5149,#5150,#5151),
.UNSPECIFIED.,.F.,.F.,(4,1,1,1,1,1,1,1,1,1,1,1,1,1,1,1,1,1,1,1,1,1,1,1,1,1,1,1,
1,4),(0.E0,3.448275862069E-2,6.896551724138E-2,1.034482758621E-1,
1.379310344828E-1,1.724137931034E-1,2.068965517241E-1,2.413793103448E-1,
2.758620689655E-1,3.103448275862E-1,3.448275862069E-1,3.793103448276E-1,
4.137931034483E-1,4.482758620690E-1,4.827586206897E-1,5.172413793103E-1,
5.517241379310E-1,5.862068965517E-1,6.206896551724E-1,6.551724137931E-1,
6.896551724138E-1,7.241379310345E-1,7.586206896552E-1,7.931034482759E-1,
8.275862068966E-1,8.620689655172E-1,8.965517241379E-1,9.310344827586E-1,
9.655172413793E-1,1.E0),.UNSPECIFIED.);
#5347=B_SPLINE_CURVE_WITH_KNOTS('',3,(#5156,#5157,#5158,#5159,#5160,#5161,#5162,
#5163,#5164,#5165,#5166,#5167,#5168,#5169,#5170,#5171,#5172,#5173,#5174,#5175,
#5176,#5177,#5178,#5179,#5180,#5181,#5182,#5183,#5184,#5185,#5186,#5187,#5188,
#5189,#5190,#5191,#5192,#5193,#5194,#5195,#5196,#5197,#5198,#5199,#5200,#5201,
#5202,#5203,#5204,#5205,#5206,#5207,#5208,#5209,#5210,#5211,#5212,#5213,#5214,
#5215,#5216,#5217,#5218,#5219,#5220,#5221,#5222,#5223,#5224,#5225,#5226,#5227,
#5228,#5229,#5230,#5231,#5232,#5233,#5234,#5235,#5236,#5237,#5238,#5239,#5240,
#5241,#5242,#5243,#5244,#5245,#5246,#5247,#5248,#5249,#5250,#5251,#5252,#5253,
#5254,#5255,#5256,#5257,#5258,#5259,#5260,#5261,#5262,#5263,#5264,#5265,#5266,
#5267,#5268,#5269,#5270,#5271,#5272,#5273,#5274,#5275,#5276,#5277,#5278,#5279,
#5280,#5281,#5282,#5283,#5284,#5285,#5286,#5287,#5288,#5289,#5290,#5291,#5292,
#5293,#5294,#5295,#5296,#5297,#5298,#5299,#5300,#5301,#5302,#5303,#5304,#5305,
#5306,#5307,#5308,#5309,#5310,#5311,#5312,#5313,#5314,#5315,#5316,#5317,#5318,
#5319,#5320,#5321,#5322,#5323,#5324,#5325,#5326,#5327,#5328,#5329,#5330,#5331,
#5332,#5333,#5334,#5335,#5336,#5337,#5338,#5339,#5340,#5341,#5342,#5343,#5344,
#5345,#5346),.UNSPECIFIED.,.F.,.F.,(4,1,1,1,1,1,1,1,1,1,1,1,1,1,1,1,1,1,1,1,1,1,
1,1,1,1,1,1,1,1,1,1,1,1,1,1,1,1,1,1,1,1,1,1,1,1,1,1,1,1,1,1,1,1,1,1,1,1,1,1,1,1,
1,1,1,1,1,1,1,1,1,1,1,1,1,1,1,1,1,1,1,1,1,1,1,1,1,1,1,1,1,1,1,1,1,1,1,1,1,1,1,1,
1,1,1,1,1,1,1,1,1,1,1,1,1,1,1,1,1,1,1,1,1,1,1,1,1,1,1,1,1,1,1,1,1,1,1,1,1,1,1,1,
1,1,1,1,1,1,1,1,1,1,1,1,1,1,1,1,1,1,1,1,1,1,1,1,1,1,1,1,1,1,1,1,1,1,1,1,1,1,1,1,
1,1,1,1,1,1,4),(0.E0,5.319148936170E-3,1.063829787234E-2,1.595744680851E-2,
2.127659574468E-2,2.659574468085E-2,3.191489361702E-2,3.723404255319E-2,
4.255319148936E-2,4.787234042553E-2,5.319148936170E-2,5.851063829787E-2,
6.382978723404E-2,6.914893617021E-2,7.446808510638E-2,7.978723404255E-2,
8.510638297872E-2,9.042553191489E-2,9.574468085106E-2,1.010638297872E-1,
1.063829787234E-1,1.117021276596E-1,1.170212765957E-1,1.223404255319E-1,
1.276595744681E-1,1.329787234043E-1,1.382978723404E-1,1.436170212766E-1,
1.489361702128E-1,1.542553191489E-1,1.595744680851E-1,1.648936170213E-1,
1.702127659574E-1,1.755319148936E-1,1.808510638298E-1,1.861702127660E-1,
1.914893617021E-1,1.968085106383E-1,2.021276595745E-1,2.074468085106E-1,
2.127659574468E-1,2.180851063830E-1,2.234042553191E-1,2.287234042553E-1,
2.340425531915E-1,2.393617021277E-1,2.446808510638E-1,2.5E-1,2.553191489362E-1,
2.606382978723E-1,2.659574468085E-1,2.712765957447E-1,2.765957446809E-1,
2.819148936170E-1,2.872340425532E-1,2.925531914894E-1,2.978723404255E-1,
3.031914893617E-1,3.085106382979E-1,3.138297872340E-1,3.191489361702E-1,
3.244680851064E-1,3.297872340426E-1,3.351063829787E-1,3.404255319149E-1,
3.457446808511E-1,3.510638297872E-1,3.563829787234E-1,3.617021276596E-1,
3.670212765957E-1,3.723404255319E-1,3.776595744681E-1,3.829787234043E-1,
3.882978723404E-1,3.936170212766E-1,3.989361702128E-1,4.042553191489E-1,
4.095744680851E-1,4.148936170213E-1,4.202127659574E-1,4.255319148936E-1,
4.308510638298E-1,4.361702127660E-1,4.414893617021E-1,4.468085106383E-1,
4.521276595745E-1,4.574468085106E-1,4.627659574468E-1,4.680851063830E-1,
4.734042553191E-1,4.787234042553E-1,4.840425531915E-1,4.893617021277E-1,
4.946808510638E-1,5.E-1,5.053191489362E-1,5.106382978723E-1,5.159574468085E-1,
5.212765957447E-1,5.265957446809E-1,5.319148936170E-1,5.372340425532E-1,
5.425531914894E-1,5.478723404255E-1,5.531914893617E-1,5.585106382979E-1,
5.638297872340E-1,5.691489361702E-1,5.744680851064E-1,5.797872340426E-1,
5.851063829787E-1,5.904255319149E-1,5.957446808511E-1,6.010638297872E-1,
6.063829787234E-1,6.117021276596E-1,6.170212765957E-1,6.223404255319E-1,
6.276595744681E-1,6.329787234043E-1,6.382978723404E-1,6.436170212766E-1,
6.489361702128E-1,6.542553191489E-1,6.595744680851E-1,6.648936170213E-1,
6.702127659574E-1,6.755319148936E-1,6.808510638298E-1,6.861702127660E-1,
6.914893617021E-1,6.968085106383E-1,7.021276595745E-1,7.074468085106E-1,
7.127659574468E-1,7.180851063830E-1,7.234042553191E-1,7.287234042553E-1,
7.340425531915E-1,7.393617021277E-1,7.446808510638E-1,7.5E-1,7.553191489362E-1,
7.606382978723E-1,7.659574468085E-1,7.712765957447E-1,7.765957446809E-1,
7.819148936170E-1,7.872340425532E-1,7.925531914894E-1,7.978723404255E-1,
8.031914893617E-1,8.085106382979E-1,8.138297872340E-1,8.191489361702E-1,
8.244680851064E-1,8.297872340426E-1,8.351063829787E-1,8.404255319149E-1,
8.457446808511E-1,8.510638297872E-1,8.563829787234E-1,8.617021276596E-1,
8.670212765957E-1,8.723404255319E-1,8.776595744681E-1,8.829787234043E-1,
8.882978723404E-1,8.936170212766E-1,8.989361702128E-1,9.042553191489E-1,
9.095744680851E-1,9.148936170213E-1,9.202127659574E-1,9.255319148936E-1,
9.308510638298E-1,9.361702127660E-1,9.414893617021E-1,9.468085106383E-1,
9.521276595745E-1,9.574468085106E-1,9.627659574468E-1,9.680851063830E-1,
9.734042553191E-1,9.787234042553E-1,9.840425531915E-1,9.893617021277E-1,
9.946808510638E-1,1.E0),.UNSPECIFIED.);
#5383=B_SPLINE_CURVE_WITH_KNOTS('',3,(#5358,#5359,#5360,#5361,#5362,#5363,#5364,
#5365,#5366,#5367,#5368,#5369,#5370,#5371,#5372,#5373,#5374,#5375,#5376,#5377,
#5378,#5379,#5380,#5381,#5382),.UNSPECIFIED.,.F.,.F.,(4,1,1,1,1,1,1,1,1,1,1,1,1,
1,1,1,1,1,1,1,1,1,4),(0.E0,4.545454545455E-2,9.090909090909E-2,
1.363636363636E-1,1.818181818182E-1,2.272727272727E-1,2.727272727273E-1,
3.181818181818E-1,3.636363636364E-1,4.090909090909E-1,4.545454545455E-1,5.E-1,
5.454545454545E-1,5.909090909091E-1,6.363636363636E-1,6.818181818182E-1,
7.272727272727E-1,7.727272727273E-1,8.181818181818E-1,8.636363636364E-1,
9.090909090909E-1,9.545454545455E-1,1.E0),.UNSPECIFIED.);
#5600=B_SPLINE_CURVE_WITH_KNOTS('',3,(#5387,#5388,#5389,#5390,#5391,#5392,#5393,
#5394,#5395,#5396,#5397,#5398,#5399,#5400,#5401,#5402,#5403,#5404,#5405,#5406,
#5407,#5408,#5409,#5410,#5411,#5412,#5413,#5414,#5415,#5416,#5417,#5418,#5419,
#5420,#5421,#5422,#5423,#5424,#5425,#5426,#5427,#5428,#5429,#5430,#5431,#5432,
#5433,#5434,#5435,#5436,#5437,#5438,#5439,#5440,#5441,#5442,#5443,#5444,#5445,
#5446,#5447,#5448,#5449,#5450,#5451,#5452,#5453,#5454,#5455,#5456,#5457,#5458,
#5459,#5460,#5461,#5462,#5463,#5464,#5465,#5466,#5467,#5468,#5469,#5470,#5471,
#5472,#5473,#5474,#5475,#5476,#5477,#5478,#5479,#5480,#5481,#5482,#5483,#5484,
#5485,#5486,#5487,#5488,#5489,#5490,#5491,#5492,#5493,#5494,#5495,#5496,#5497,
#5498,#5499,#5500,#5501,#5502,#5503,#5504,#5505,#5506,#5507,#5508,#5509,#5510,
#5511,#5512,#5513,#5514,#5515,#5516,#5517,#5518,#5519,#5520,#5521,#5522,#5523,
#5524,#5525,#5526,#5527,#5528,#5529,#5530,#5531,#5532,#5533,#5534,#5535,#5536,
#5537,#5538,#5539,#5540,#5541,#5542,#5543,#5544,#5545,#5546,#5547,#5548,#5549,
#5550,#5551,#5552,#5553,#5554,#5555,#5556,#5557,#5558,#5559,#5560,#5561,#5562,
#5563,#5564,#5565,#5566,#5567,#5568,#5569,#5570,#5571,#5572,#5573,#5574,#5575,
#5576,#5577,#5578,#5579,#5580,#5581,#5582,#5583,#5584,#5585,#5586,#5587,#5588,
#5589,#5590,#5591,#5592,#5593,#5594,#5595,#5596,#5597,#5598,#5599),
.UNSPECIFIED.,.F.,.F.,(4,1,1,1,1,1,1,1,1,1,1,1,1,1,1,1,1,1,1,1,1,1,1,1,1,1,1,1,
1,1,1,1,1,1,1,1,1,1,1,1,1,1,1,1,1,1,1,1,1,1,1,1,1,1,1,1,1,1,1,1,1,1,1,1,1,1,1,1,
1,1,1,1,1,1,1,1,1,1,1,1,1,1,1,1,1,1,1,1,1,1,1,1,1,1,1,1,1,1,1,1,1,1,1,1,1,1,1,1,
1,1,1,1,1,1,1,1,1,1,1,1,1,1,1,1,1,1,1,1,1,1,1,1,1,1,1,1,1,1,1,1,1,1,1,1,1,1,1,1,
1,1,1,1,1,1,1,1,1,1,1,1,1,1,1,1,1,1,1,1,1,1,1,1,1,1,1,1,1,1,1,1,1,1,1,1,1,1,1,1,
1,1,1,1,1,1,1,1,1,1,1,1,1,1,1,1,1,1,1,1,1,1,4),(0.E0,4.761904761905E-3,
9.523809523810E-3,1.428571428571E-2,1.904761904762E-2,2.380952380952E-2,
2.857142857143E-2,3.333333333333E-2,3.809523809524E-2,4.285714285714E-2,
4.761904761905E-2,5.238095238095E-2,5.714285714286E-2,6.190476190476E-2,
6.666666666667E-2,7.142857142857E-2,7.619047619048E-2,8.095238095238E-2,
8.571428571429E-2,9.047619047619E-2,9.523809523810E-2,1.E-1,1.047619047619E-1,
1.095238095238E-1,1.142857142857E-1,1.190476190476E-1,1.238095238095E-1,
1.285714285714E-1,1.333333333333E-1,1.380952380952E-1,1.428571428571E-1,
1.476190476190E-1,1.523809523810E-1,1.571428571429E-1,1.619047619048E-1,
1.666666666667E-1,1.714285714286E-1,1.761904761905E-1,1.809523809524E-1,
1.857142857143E-1,1.904761904762E-1,1.952380952381E-1,2.E-1,2.047619047619E-1,
2.095238095238E-1,2.142857142857E-1,2.190476190476E-1,2.238095238095E-1,
2.285714285714E-1,2.333333333333E-1,2.380952380952E-1,2.428571428571E-1,
2.476190476190E-1,2.523809523810E-1,2.571428571429E-1,2.619047619048E-1,
2.666666666667E-1,2.714285714286E-1,2.761904761905E-1,2.809523809524E-1,
2.857142857143E-1,2.904761904762E-1,2.952380952381E-1,3.E-1,3.047619047619E-1,
3.095238095238E-1,3.142857142857E-1,3.190476190476E-1,3.238095238095E-1,
3.285714285714E-1,3.333333333333E-1,3.380952380952E-1,3.428571428571E-1,
3.476190476190E-1,3.523809523810E-1,3.571428571429E-1,3.619047619048E-1,
3.666666666667E-1,3.714285714286E-1,3.761904761905E-1,3.809523809524E-1,
3.857142857143E-1,3.904761904762E-1,3.952380952381E-1,4.E-1,4.047619047619E-1,
4.095238095238E-1,4.142857142857E-1,4.190476190476E-1,4.238095238095E-1,
4.285714285714E-1,4.333333333333E-1,4.380952380952E-1,4.428571428571E-1,
4.476190476190E-1,4.523809523810E-1,4.571428571429E-1,4.619047619048E-1,
4.666666666667E-1,4.714285714286E-1,4.761904761905E-1,4.809523809524E-1,
4.857142857143E-1,4.904761904762E-1,4.952380952381E-1,5.E-1,5.047619047619E-1,
5.095238095238E-1,5.142857142857E-1,5.190476190476E-1,5.238095238095E-1,
5.285714285714E-1,5.333333333333E-1,5.380952380952E-1,5.428571428571E-1,
5.476190476190E-1,5.523809523810E-1,5.571428571429E-1,5.619047619048E-1,
5.666666666667E-1,5.714285714286E-1,5.761904761905E-1,5.809523809524E-1,
5.857142857143E-1,5.904761904762E-1,5.952380952381E-1,6.E-1,6.047619047619E-1,
6.095238095238E-1,6.142857142857E-1,6.190476190476E-1,6.238095238095E-1,
6.285714285714E-1,6.333333333333E-1,6.380952380952E-1,6.428571428571E-1,
6.476190476190E-1,6.523809523810E-1,6.571428571429E-1,6.619047619048E-1,
6.666666666667E-1,6.714285714286E-1,6.761904761905E-1,6.809523809524E-1,
6.857142857143E-1,6.904761904762E-1,6.952380952381E-1,7.E-1,7.047619047619E-1,
7.095238095238E-1,7.142857142857E-1,7.190476190476E-1,7.238095238095E-1,
7.285714285714E-1,7.333333333333E-1,7.380952380952E-1,7.428571428571E-1,
7.476190476190E-1,7.523809523810E-1,7.571428571429E-1,7.619047619048E-1,
7.666666666667E-1,7.714285714286E-1,7.761904761905E-1,7.809523809524E-1,
7.857142857143E-1,7.904761904762E-1,7.952380952381E-1,8.E-1,8.047619047619E-1,
8.095238095238E-1,8.142857142857E-1,8.190476190476E-1,8.238095238095E-1,
8.285714285714E-1,8.333333333333E-1,8.380952380952E-1,8.428571428571E-1,
8.476190476190E-1,8.523809523810E-1,8.571428571429E-1,8.619047619048E-1,
8.666666666667E-1,8.714285714286E-1,8.761904761905E-1,8.809523809524E-1,
8.857142857143E-1,8.904761904762E-1,8.952380952381E-1,9.E-1,9.047619047619E-1,
9.095238095238E-1,9.142857142857E-1,9.190476190476E-1,9.238095238095E-1,
9.285714285714E-1,9.333333333333E-1,9.380952380952E-1,9.428571428571E-1,
9.476190476190E-1,9.523809523810E-1,9.571428571429E-1,9.619047619048E-1,
9.666666666667E-1,9.714285714286E-1,9.761904761905E-1,9.809523809524E-1,
9.857142857143E-1,9.904761904762E-1,9.952380952381E-1,1.E0),.UNSPECIFIED.);
#5615=CIRCLE('',#5614,7.7724E0);
#5630=CIRCLE('',#5629,7.7724E0);
#5645=CIRCLE('',#5644,7.7724E0);
#5681=B_SPLINE_CURVE_WITH_KNOTS('',3,(#5656,#5657,#5658,#5659,#5660,#5661,#5662,
#5663,#5664,#5665,#5666,#5667,#5668,#5669,#5670,#5671,#5672,#5673,#5674,#5675,
#5676,#5677,#5678,#5679,#5680),.UNSPECIFIED.,.F.,.F.,(4,1,1,1,1,1,1,1,1,1,1,1,1,
1,1,1,1,1,1,1,1,1,4),(0.E0,4.545454545455E-2,9.090909090909E-2,
1.363636363636E-1,1.818181818182E-1,2.272727272727E-1,2.727272727273E-1,
3.181818181818E-1,3.636363636364E-1,4.090909090909E-1,4.545454545455E-1,5.E-1,
5.454545454545E-1,5.909090909091E-1,6.363636363636E-1,6.818181818182E-1,
7.272727272727E-1,7.727272727273E-1,8.181818181818E-1,8.636363636364E-1,
9.090909090909E-1,9.545454545455E-1,1.E0),.UNSPECIFIED.);
#5711=B_SPLINE_CURVE_WITH_KNOTS('',3,(#5685,#5686,#5687,#5688,#5689,#5690,#5691,
#5692,#5693,#5694,#5695,#5696,#5697,#5698,#5699,#5700,#5701,#5702,#5703,#5704,
#5705,#5706,#5707,#5708,#5709,#5710),.UNSPECIFIED.,.F.,.F.,(4,1,1,1,1,1,1,1,1,1,
1,1,1,1,1,1,1,1,1,1,1,1,1,4),(0.E0,4.347826086957E-2,8.695652173913E-2,
1.304347826087E-1,1.739130434783E-1,2.173913043478E-1,2.608695652174E-1,
3.043478260870E-1,3.478260869565E-1,3.913043478261E-1,4.347826086957E-1,
4.782608695652E-1,5.217391304348E-1,5.652173913043E-1,6.086956521739E-1,
6.521739130435E-1,6.956521739130E-1,7.391304347826E-1,7.826086956522E-1,
8.260869565217E-1,8.695652173913E-1,9.130434782609E-1,9.565217391304E-1,1.E0),
.UNSPECIFIED.);
#5719=CIRCLE('',#5718,6.35E-1);
#5727=CIRCLE('',#5726,6.35E-1);
#5757=B_SPLINE_CURVE_WITH_KNOTS('',3,(#5731,#5732,#5733,#5734,#5735,#5736,#5737,
#5738,#5739,#5740,#5741,#5742,#5743,#5744,#5745,#5746,#5747,#5748,#5749,#5750,
#5751,#5752,#5753,#5754,#5755,#5756),.UNSPECIFIED.,.F.,.F.,(4,1,1,1,1,1,1,1,1,1,
1,1,1,1,1,1,1,1,1,1,1,1,1,4),(0.E0,4.347826086957E-2,8.695652173913E-2,
1.304347826087E-1,1.739130434783E-1,2.173913043478E-1,2.608695652174E-1,
3.043478260870E-1,3.478260869565E-1,3.913043478261E-1,4.347826086957E-1,
4.782608695652E-1,5.217391304348E-1,5.652173913043E-1,6.086956521739E-1,
6.521739130435E-1,6.956521739130E-1,7.391304347826E-1,7.826086956522E-1,
8.260869565217E-1,8.695652173913E-1,9.130434782609E-1,9.565217391304E-1,1.E0),
.UNSPECIFIED.);
#5787=B_SPLINE_CURVE_WITH_KNOTS('',3,(#5761,#5762,#5763,#5764,#5765,#5766,#5767,
#5768,#5769,#5770,#5771,#5772,#5773,#5774,#5775,#5776,#5777,#5778,#5779,#5780,
#5781,#5782,#5783,#5784,#5785,#5786),.UNSPECIFIED.,.F.,.F.,(4,1,1,1,1,1,1,1,1,1,
1,1,1,1,1,1,1,1,1,1,1,1,1,4),(0.E0,4.347826086957E-2,8.695652173913E-2,
1.304347826087E-1,1.739130434783E-1,2.173913043478E-1,2.608695652174E-1,
3.043478260870E-1,3.478260869565E-1,3.913043478261E-1,4.347826086957E-1,
4.782608695652E-1,5.217391304348E-1,5.652173913043E-1,6.086956521739E-1,
6.521739130435E-1,6.956521739130E-1,7.391304347826E-1,7.826086956522E-1,
8.260869565217E-1,8.695652173913E-1,9.130434782609E-1,9.565217391304E-1,1.E0),
.UNSPECIFIED.);
#5795=CIRCLE('',#5794,6.35E-1);
#5803=CIRCLE('',#5802,6.35E-1);
#5811=CIRCLE('',#5810,2.90957E1);
#5819=CIRCLE('',#5818,2.90957E1);
#5827=CIRCLE('',#5826,2.8829E1);
#5842=CIRCLE('',#5841,2.8829E1);
#5857=CIRCLE('',#5856,2.54E-1);
#5866=B_SPLINE_CURVE_WITH_KNOTS('',3,(#5861,#5862,#5863,#5864,#5865),
.UNSPECIFIED.,.F.,.F.,(4,1,4),(0.E0,5.E-1,1.E0),.UNSPECIFIED.);
#5874=CIRCLE('',#5873,2.54E-1);
#5959=CIRCLE('',#5958,2.54E-1);
#5967=CIRCLE('',#5966,2.54E-1);
#5976=B_SPLINE_CURVE_WITH_KNOTS('',3,(#5971,#5972,#5973,#5974,#5975),
.UNSPECIFIED.,.F.,.F.,(4,1,4),(0.E0,5.E-1,1.E0),.UNSPECIFIED.);
#5984=CIRCLE('',#5983,2.8829E1);
#6006=CIRCLE('',#6005,2.8829E1);
#6028=CIRCLE('',#6027,2.54E-1);
#6037=B_SPLINE_CURVE_WITH_KNOTS('',3,(#6032,#6033,#6034,#6035,#6036),
.UNSPECIFIED.,.F.,.F.,(4,1,4),(0.E0,5.E-1,1.E0),.UNSPECIFIED.);
#6045=CIRCLE('',#6044,2.54E-1);
#6102=CIRCLE('',#6101,2.8829E1);
#6110=CIRCLE('',#6109,2.8829E1);
#6118=CIRCLE('',#6117,2.8829E1);
#6126=CIRCLE('',#6125,2.8829E1);
#6134=CIRCLE('',#6133,2.54E-1);
#6142=CIRCLE('',#6141,2.54E-1);
#6151=B_SPLINE_CURVE_WITH_KNOTS('',3,(#6146,#6147,#6148,#6149,#6150),
.UNSPECIFIED.,.F.,.F.,(4,1,4),(0.E0,5.E-1,1.E0),.UNSPECIFIED.);
#6187=CIRCLE('',#6186,1.778E0);
#6195=CIRCLE('',#6194,2.64922E1);
#6203=CIRCLE('',#6202,2.64922E1);
#6211=CIRCLE('',#6210,2.7051E1);
#6219=CIRCLE('',#6218,2.7051E1);
#6227=CIRCLE('',#6226,5.08E-1);
#6235=CIRCLE('',#6234,2.59842E1);
#6243=CIRCLE('',#6242,2.59842E1);
#6258=CIRCLE('',#6257,2.59842E1);
#6273=CIRCLE('',#6272,2.66192E1);
#6286=B_SPLINE_CURVE_WITH_KNOTS('',3,(#6277,#6278,#6279,#6280,#6281,#6282,#6283,
#6284,#6285),.UNSPECIFIED.,.F.,.F.,(4,1,1,1,1,1,4),(0.E0,1.666666666667E-1,
3.333333333333E-1,5.E-1,6.666666666667E-1,8.333333333333E-1,1.E0),
.UNSPECIFIED.);
#6299=B_SPLINE_CURVE_WITH_KNOTS('',3,(#6290,#6291,#6292,#6293,#6294,#6295,#6296,
#6297,#6298),.UNSPECIFIED.,.F.,.F.,(4,1,1,1,1,1,4),(0.E0,1.666666666667E-1,
3.333333333333E-1,5.E-1,6.666666666667E-1,8.333333333333E-1,1.E0),
.UNSPECIFIED.);
#6307=CIRCLE('',#6306,2.6924E0);
#6315=CIRCLE('',#6314,2.6924E0);
#6323=CIRCLE('',#6322,2.6924E0);
#6331=CIRCLE('',#6330,2.6924E0);
#6346=CIRCLE('',#6345,4.7244E0);
#6368=CIRCLE('',#6367,4.7244E0);
#6383=CIRCLE('',#6382,2.6924E0);
#6398=CIRCLE('',#6397,2.6924E0);
#6413=CIRCLE('',#6412,2.6924E0);
#6428=CIRCLE('',#6427,2.6924E0);
#6443=CIRCLE('',#6442,2.6924E0);
#6451=CIRCLE('',#6450,2.6924E0);
#6459=CIRCLE('',#6458,2.6924E0);
#6467=CIRCLE('',#6466,2.6924E0);
#6475=CIRCLE('',#6474,2.59842E1);
#6490=CIRCLE('',#6489,4.7244E0);
#6505=CIRCLE('',#6504,2.59842E1);
#6520=CIRCLE('',#6519,4.7244E0);
#6535=CIRCLE('',#6534,2.6924E0);
#6550=CIRCLE('',#6549,2.6924E0);
#6565=CIRCLE('',#6564,2.6924E0);
#6580=CIRCLE('',#6579,2.6924E0);
#6623=CIRCLE('',#6622,2.59842E1);
#6631=CIRCLE('',#6630,2.59842E1);
#6639=CIRCLE('',#6638,2.59842E1);
#6647=CIRCLE('',#6646,5.08E-1);
#6655=CIRCLE('',#6654,2.66192E1);
#6668=B_SPLINE_CURVE_WITH_KNOTS('',3,(#6659,#6660,#6661,#6662,#6663,#6664,#6665,
#6666,#6667),.UNSPECIFIED.,.F.,.F.,(4,1,1,1,1,1,4),(0.E0,1.666666666667E-1,
3.333333333333E-1,5.E-1,6.666666666667E-1,8.333333333333E-1,1.E0),
.UNSPECIFIED.);
#6681=B_SPLINE_CURVE_WITH_KNOTS('',3,(#6672,#6673,#6674,#6675,#6676,#6677,#6678,
#6679,#6680),.UNSPECIFIED.,.F.,.F.,(4,1,1,1,1,1,4),(0.E0,1.666666666667E-1,
3.333333333333E-1,5.E-1,6.666666666667E-1,8.333333333333E-1,1.E0),
.UNSPECIFIED.);
#6717=CIRCLE('',#6716,1.778E0);
#7134=EDGE_CURVE('',#6993,#6994,#139,.T.);
#7136=EDGE_CURVE('',#6768,#6994,#147,.T.);
#7138=EDGE_CURVE('',#6767,#6768,#154,.T.);
#7140=EDGE_CURVE('',#7002,#6767,#161,.T.);
#7142=EDGE_CURVE('',#7002,#6993,#169,.T.);
#7146=ADVANCED_FACE('',(#7145),#7133,.F.);
#7152=EDGE_CURVE('',#6997,#6998,#177,.T.);
#7154=EDGE_CURVE('',#6998,#7000,#185,.T.);
#7156=EDGE_CURVE('',#6764,#7000,#192,.T.);
#7158=EDGE_CURVE('',#6763,#6764,#199,.T.);
#7160=EDGE_CURVE('',#6997,#6763,#206,.T.);
#7164=ADVANCED_FACE('',(#7163),#7151,.F.);
#7171=EDGE_CURVE('',#6993,#6985,#213,.T.);
#7173=EDGE_CURVE('',#6985,#6986,#228,.T.);
#7175=EDGE_CURVE('',#6998,#6986,#220,.T.);
#7178=EDGE_CURVE('',#6994,#6997,#5819,.T.);
#7182=ADVANCED_FACE('',(#7181),#7169,.T.);
#7190=EDGE_CURVE('',#6986,#6985,#236,.T.);
#7194=EDGE_CURVE('',#7000,#7002,#5811,.T.);
#7198=ADVANCED_FACE('',(#7197),#7187,.T.);
#7208=EDGE_CURVE('',#7041,#7042,#244,.T.);
#7210=EDGE_CURVE('',#7042,#7041,#252,.T.);
#7214=EDGE_CURVE('',#7029,#7030,#259,.T.);
#7216=EDGE_CURVE('',#7038,#7029,#267,.T.);
#7218=EDGE_CURVE('',#7034,#7038,#274,.T.);
#7220=EDGE_CURVE('',#7030,#7034,#282,.T.);
#7224=EDGE_CURVE('',#6780,#6778,#290,.T.);
#7226=EDGE_CURVE('',#6778,#6780,#298,.T.);
#7230=EDGE_CURVE('',#6784,#6782,#306,.T.);
#7232=EDGE_CURVE('',#6782,#6784,#314,.T.);
#7236=EDGE_CURVE('',#6790,#6789,#351,.T.);
#7238=EDGE_CURVE('',#6789,#6790,#388,.T.);
#7242=EDGE_CURVE('',#6795,#6796,#425,.T.);
#7244=EDGE_CURVE('',#6796,#6795,#462,.T.);
#7248=ADVANCED_FACE('',(#7207,#7213,#7223,#7229,#7235,#7241,#7247),#7203,.T.);
#7254=EDGE_CURVE('',#7049,#7050,#470,.T.);
#7256=EDGE_CURVE('',#7042,#7050,#524,.T.);
#7259=EDGE_CURVE('',#7041,#7049,#477,.T.);
#7263=ADVANCED_FACE('',(#7262),#7253,.T.);
#7269=EDGE_CURVE('',#7045,#7046,#493,.T.);
#7271=EDGE_CURVE('',#7046,#7050,#509,.T.);
#7274=EDGE_CURVE('',#7045,#7049,#485,.T.);
#7278=ADVANCED_FACE('',(#7277),#7268,.T.);
#7285=EDGE_CURVE('',#7046,#7045,#501,.T.);
#7289=ADVANCED_FACE('',(#7288),#7283,.T.);
#7297=EDGE_CURVE('',#7050,#7049,#517,.T.);
#7302=ADVANCED_FACE('',(#7301),#7294,.T.);
#7314=ADVANCED_FACE('',(#7313),#7307,.T.);
#7320=EDGE_CURVE('',#7025,#7026,#539,.T.);
#7322=EDGE_CURVE('',#7025,#7029,#532,.T.);
#7325=EDGE_CURVE('',#7026,#7030,#569,.T.);
#7329=ADVANCED_FACE('',(#7328),#7319,.F.);
#7336=EDGE_CURVE('',#7022,#7026,#546,.T.);
#7338=EDGE_CURVE('',#7022,#7017,#629,.T.);
#7340=EDGE_CURVE('',#7025,#7017,#553,.T.);
#7344=ADVANCED_FACE('',(#7343),#7334,.T.);
#7350=EDGE_CURVE('',#7026,#7032,#561,.T.);
#7352=EDGE_CURVE('',#7021,#7032,#598,.T.);
#7354=EDGE_CURVE('',#7021,#7022,#637,.T.);
#7359=ADVANCED_FACE('',(#7358),#7349,.T.);
#7368=EDGE_CURVE('',#7032,#7034,#577,.T.);
#7372=ADVANCED_FACE('',(#7371),#7364,.F.);
#7378=EDGE_CURVE('',#7032,#7036,#584,.T.);
#7382=EDGE_CURVE('',#7036,#7038,#614,.T.);
#7386=ADVANCED_FACE('',(#7385),#7377,.F.);
#7393=EDGE_CURVE('',#7036,#7018,#591,.T.);
#7395=EDGE_CURVE('',#7018,#7021,#644,.T.);
#7400=ADVANCED_FACE('',(#7399),#7391,.T.);
#7406=EDGE_CURVE('',#7036,#7025,#606,.T.);
#7409=EDGE_CURVE('',#7017,#7018,#622,.T.);
#7414=ADVANCED_FACE('',(#7413),#7405,.T.);
#7426=ADVANCED_FACE('',(#7425),#7419,.F.);
#7438=ADVANCED_FACE('',(#7437),#7431,.T.);
#7444=EDGE_CURVE('',#6772,#6778,#651,.T.);
#7447=EDGE_CURVE('',#6771,#6780,#658,.T.);
#7449=EDGE_CURVE('',#6771,#6772,#666,.T.);
#7453=ADVANCED_FACE('',(#7452),#7443,.T.);
#7460=EDGE_CURVE('',#6772,#6771,#674,.T.);
#7466=ADVANCED_FACE('',(#7465),#7458,.T.);
#7476=EDGE_CURVE('',#6973,#6974,#714,.T.);
#7478=EDGE_CURVE('',#6974,#6973,#722,.T.);
#7482=ADVANCED_FACE('',(#7475,#7481),#7471,.F.);
#7488=EDGE_CURVE('',#6775,#6776,#682,.T.);
#7490=EDGE_CURVE('',#6776,#6775,#690,.T.);
#7494=EDGE_CURVE('',#6969,#6970,#698,.T.);
#7496=EDGE_CURVE('',#6970,#6969,#706,.T.);
#7500=ADVANCED_FACE('',(#7493,#7499),#7487,.F.);
#7506=EDGE_CURVE('',#6776,#6782,#729,.T.);
#7509=EDGE_CURVE('',#6775,#6784,#736,.T.);
#7514=ADVANCED_FACE('',(#7513),#7505,.T.);
#7526=ADVANCED_FACE('',(#7525),#7519,.T.);
#7532=EDGE_CURVE('',#6977,#6978,#744,.T.);
#7534=EDGE_CURVE('',#6970,#6978,#5622,.T.);
#7537=EDGE_CURVE('',#6969,#6977,#751,.T.);
#7541=ADVANCED_FACE('',(#7540),#7531,.T.);
#7547=EDGE_CURVE('',#6799,#6800,#759,.T.);
#7549=EDGE_CURVE('',#6800,#6799,#767,.T.);
#7554=EDGE_CURVE('',#6978,#6977,#5615,.T.);
#7558=ADVANCED_FACE('',(#7552,#7557),#7546,.F.);
#7564=EDGE_CURVE('',#7087,#7088,#775,.T.);
#7566=EDGE_CURVE('',#7088,#7087,#783,.T.);
#7570=EDGE_CURVE('',#6981,#6982,#5630,.T.);
#7572=EDGE_CURVE('',#6982,#6981,#5645,.T.);
#7576=ADVANCED_FACE('',(#7569,#7575),#7563,.F.);
#7583=EDGE_CURVE('',#6799,#6803,#790,.T.);
#7585=EDGE_CURVE('',#6803,#6804,#805,.T.);
#7587=EDGE_CURVE('',#6800,#6804,#797,.T.);
#7591=ADVANCED_FACE('',(#7590),#7581,.T.);
#7599=EDGE_CURVE('',#6804,#6803,#813,.T.);
#7604=ADVANCED_FACE('',(#7603),#7596,.T.);
#7614=EDGE_CURVE('',#6818,#6820,#836,.T.);
#7616=EDGE_CURVE('',#6820,#6822,#843,.T.);
#7618=EDGE_CURVE('',#6822,#6824,#850,.T.);
#7620=EDGE_CURVE('',#6824,#6826,#857,.T.);
#7622=EDGE_CURVE('',#6826,#6828,#864,.T.);
#7624=EDGE_CURVE('',#6828,#6818,#871,.T.);
#7628=ADVANCED_FACE('',(#7613,#7627),#7609,.T.);
#7634=EDGE_CURVE('',#7091,#7092,#821,.T.);
#7636=EDGE_CURVE('',#7092,#7091,#829,.T.);
#7640=EDGE_CURVE('',#6842,#6844,#878,.T.);
#7642=EDGE_CURVE('',#6844,#6846,#885,.T.);
#7644=EDGE_CURVE('',#6846,#6848,#892,.T.);
#7646=EDGE_CURVE('',#6848,#6850,#899,.T.);
#7648=EDGE_CURVE('',#6850,#6852,#906,.T.);
#7650=EDGE_CURVE('',#6852,#6842,#913,.T.);
#7654=ADVANCED_FACE('',(#7639,#7653),#7633,.T.);
#7661=EDGE_CURVE('',#7087,#7091,#920,.T.);
#7664=EDGE_CURVE('',#7088,#7092,#927,.T.);
#7668=ADVANCED_FACE('',(#7667),#7659,.T.);
#7680=ADVANCED_FACE('',(#7679),#7673,.T.);
#7686=EDGE_CURVE('',#6818,#6807,#934,.T.);
#7688=EDGE_CURVE('',#6807,#6808,#976,.T.);
#7690=EDGE_CURVE('',#6820,#6808,#969,.T.);
#7695=ADVANCED_FACE('',(#7694),#7685,.T.);
#7703=EDGE_CURVE('',#6828,#6816,#941,.T.);
#7705=EDGE_CURVE('',#6816,#6807,#983,.T.);
#7709=ADVANCED_FACE('',(#7708),#7700,.T.);
#7715=EDGE_CURVE('',#6826,#6814,#948,.T.);
#7717=EDGE_CURVE('',#6814,#6816,#990,.T.);
#7723=ADVANCED_FACE('',(#7722),#7714,.T.);
#7729=EDGE_CURVE('',#6824,#6812,#955,.T.);
#7731=EDGE_CURVE('',#6812,#6814,#997,.T.);
#7737=ADVANCED_FACE('',(#7736),#7728,.T.);
#7743=EDGE_CURVE('',#6822,#6810,#962,.T.);
#7745=EDGE_CURVE('',#6810,#6812,#1004,.T.);
#7751=ADVANCED_FACE('',(#7750),#7742,.T.);
#7758=EDGE_CURVE('',#6808,#6810,#1011,.T.);
#7764=ADVANCED_FACE('',(#7763),#7756,.T.);
#7778=EDGE_CURVE('',#7077,#7078,#1131,.T.);
#7780=EDGE_CURVE('',#7079,#7077,#1937,.T.);
#7782=EDGE_CURVE('',#7080,#7079,#1706,.T.);
#7784=EDGE_CURVE('',#7080,#7078,#1226,.T.);
#7788=ADVANCED_FACE('',(#7777,#7787),#7769,.T.);
#7794=EDGE_CURVE('',#6831,#6832,#1018,.T.);
#7796=EDGE_CURVE('',#6840,#6831,#1025,.T.);
#7798=EDGE_CURVE('',#6838,#6840,#1032,.T.);
#7800=EDGE_CURVE('',#6836,#6838,#1039,.T.);
#7802=EDGE_CURVE('',#6834,#6836,#1046,.T.);
#7804=EDGE_CURVE('',#6832,#6834,#1053,.T.);
#7808=EDGE_CURVE('',#7081,#7082,#4538,.T.);
#7810=EDGE_CURVE('',#7083,#7081,#5383,.T.);
#7812=EDGE_CURVE('',#7084,#7083,#5152,.T.);
#7814=EDGE_CURVE('',#7084,#7082,#4058,.T.);
#7818=ADVANCED_FACE('',(#7807,#7817),#7793,.T.);
#7824=EDGE_CURVE('',#6842,#6831,#1060,.T.);
#7827=EDGE_CURVE('',#6844,#6832,#1095,.T.);
#7832=ADVANCED_FACE('',(#7831),#7823,.T.);
#7840=EDGE_CURVE('',#6852,#6840,#1067,.T.);
#7845=ADVANCED_FACE('',(#7844),#7837,.T.);
#7851=EDGE_CURVE('',#6850,#6838,#1074,.T.);
#7858=ADVANCED_FACE('',(#7857),#7850,.T.);
#7864=EDGE_CURVE('',#6848,#6836,#1081,.T.);
#7871=ADVANCED_FACE('',(#7870),#7863,.T.);
#7877=EDGE_CURVE('',#6846,#6834,#1088,.T.);
#7884=ADVANCED_FACE('',(#7883),#7876,.T.);
#7896=ADVANCED_FACE('',(#7895),#7889,.T.);
#8167=EDGE_CURVE('',#6917,#7078,#1218,.T.);
#8169=EDGE_CURVE('',#6917,#6929,#2610,.T.);
#8171=EDGE_CURVE('',#6929,#6921,#1370,.T.);
#8173=EDGE_CURVE('',#6921,#6933,#2723,.T.);
#8175=EDGE_CURVE('',#6933,#7057,#1497,.T.);
#8177=EDGE_CURVE('',#7057,#7053,#1138,.T.);
#8179=EDGE_CURVE('',#7053,#7077,#2154,.T.);
#8183=ADVANCED_FACE('',(#8182),#8165,.F.);
#8191=EDGE_CURVE('',#7080,#6918,#1317,.T.);
#8193=EDGE_CURVE('',#6917,#6918,#2504,.T.);
#8197=ADVANCED_FACE('',(#8196),#8188,.T.);
#8203=EDGE_CURVE('',#6921,#6922,#2617,.T.);
#8206=EDGE_CURVE('',#6929,#6930,#1377,.T.);
#8208=EDGE_CURVE('',#7060,#6930,#1425,.T.);
#8210=EDGE_CURVE('',#6922,#7060,#1437,.T.);
#8214=ADVANCED_FACE('',(#8213),#8202,.T.);
#8220=EDGE_CURVE('',#6925,#6926,#2730,.T.);
#8222=EDGE_CURVE('',#7057,#6925,#1449,.T.);
#8225=EDGE_CURVE('',#6933,#6934,#1504,.T.);
#8227=EDGE_CURVE('',#6926,#6934,#1557,.T.);
#8231=ADVANCED_FACE('',(#8230),#8219,.T.);
#8237=EDGE_CURVE('',#7055,#7058,#1610,.T.);
#8239=EDGE_CURVE('',#7055,#7056,#1617,.T.);
#8241=EDGE_CURVE('',#7059,#7056,#1670,.T.);
#8243=EDGE_CURVE('',#7058,#7059,#3009,.T.);
#8247=ADVANCED_FACE('',(#8246),#8236,.T.);
#8390=EDGE_CURVE('',#7054,#7079,#1901,.T.);
#8392=EDGE_CURVE('',#7054,#7060,#1908,.T.);
#8395=EDGE_CURVE('',#6930,#6918,#2557,.T.);
#8400=ADVANCED_FACE('',(#8399),#8388,.F.);
#8544=EDGE_CURVE('',#7053,#7054,#2161,.T.);
#8549=ADVANCED_FACE('',(#8548),#8541,.F.);
#8819=EDGE_CURVE('',#7061,#7063,#2443,.T.);
#8821=EDGE_CURVE('',#7063,#7054,#3276,.T.);
#8824=EDGE_CURVE('',#7061,#7053,#2406,.T.);
#8828=ADVANCED_FACE('',(#8827),#8818,.F.);
#8834=EDGE_CURVE('',#6913,#6914,#2917,.T.);
#8836=EDGE_CURVE('',#7063,#6913,#2435,.T.);
#8839=EDGE_CURVE('',#6938,#7061,#2469,.T.);
#8841=EDGE_CURVE('',#6909,#6938,#2476,.T.);
#8843=EDGE_CURVE('',#6909,#6910,#3359,.T.);
#8845=EDGE_CURVE('',#6910,#6936,#3283,.T.);
#8847=EDGE_CURVE('',#6914,#6936,#2497,.T.);
#8851=ADVANCED_FACE('',(#8850),#8833,.T.);
#8863=ADVANCED_FACE('',(#8862),#8856,.T.);
#8870=EDGE_CURVE('',#6934,#6922,#2670,.T.);
#8876=ADVANCED_FACE('',(#8875),#8868,.T.);
#8883=EDGE_CURVE('',#7056,#6926,#2783,.T.);
#8886=EDGE_CURVE('',#6925,#7055,#2836,.T.);
#8890=ADVANCED_FACE('',(#8889),#8881,.T.);
#8896=EDGE_CURVE('',#7059,#6913,#2909,.T.);
#8899=EDGE_CURVE('',#6914,#7058,#3002,.T.);
#8904=ADVANCED_FACE('',(#8903),#8895,.T.);
#9185=ADVANCED_FACE('',(#9184),#9173,.F.);
#9457=EDGE_CURVE('',#6936,#6938,#3335,.T.);
#9467=ADVANCED_FACE('',(#9466),#9454,.F.);
#9474=EDGE_CURVE('',#6910,#6909,#3367,.T.);
#9480=ADVANCED_FACE('',(#9479),#9472,.T.);
#9486=EDGE_CURVE('',#6905,#6906,#3343,.T.);
#9488=EDGE_CURVE('',#6906,#6905,#3351,.T.);
#9492=ADVANCED_FACE('',(#9491),#9485,.T.);
#9502=ADVANCED_FACE('',(#9501),#9497,.T.);
#9508=EDGE_CURVE('',#6941,#6942,#3878,.T.);
#9510=EDGE_CURVE('',#7076,#6941,#3396,.T.);
#9512=EDGE_CURVE('',#7074,#7076,#3404,.T.);
#9514=EDGE_CURVE('',#6966,#7074,#3430,.T.);
#9516=EDGE_CURVE('',#6905,#6966,#3437,.T.);
#9519=EDGE_CURVE('',#6906,#6964,#4552,.T.);
#9521=EDGE_CURVE('',#6942,#6964,#3458,.T.);
#9525=ADVANCED_FACE('',(#9524),#9507,.T.);
#9531=EDGE_CURVE('',#6945,#6946,#3465,.T.);
#9533=EDGE_CURVE('',#6958,#6946,#3518,.T.);
#9535=EDGE_CURVE('',#6957,#6958,#4209,.T.);
#9537=EDGE_CURVE('',#6945,#6957,#3571,.T.);
#9541=ADVANCED_FACE('',(#9540),#9530,.T.);
#9547=EDGE_CURVE('',#6949,#6950,#3578,.T.);
#9549=EDGE_CURVE('',#6962,#6950,#3631,.T.);
#9551=EDGE_CURVE('',#6961,#6962,#4336,.T.);
#9553=EDGE_CURVE('',#6949,#6961,#3684,.T.);
#9557=ADVANCED_FACE('',(#9556),#9546,.T.);
#9563=EDGE_CURVE('',#6953,#6954,#3691,.T.);
#9565=EDGE_CURVE('',#7069,#6954,#3744,.T.);
#9567=EDGE_CURVE('',#7068,#7069,#4449,.T.);
#9569=EDGE_CURVE('',#6953,#7068,#3797,.T.);
#9573=ADVANCED_FACE('',(#9572),#9562,.T.);
#9579=EDGE_CURVE('',#7072,#6941,#3870,.T.);
#9582=EDGE_CURVE('',#6942,#7071,#3963,.T.);
#9584=EDGE_CURVE('',#7071,#7072,#3970,.T.);
#9588=ADVANCED_FACE('',(#9587),#9578,.T.);
#9594=EDGE_CURVE('',#6945,#7082,#4050,.T.);
#9597=EDGE_CURVE('',#7084,#6946,#4149,.T.);
#9602=ADVANCED_FACE('',(#9601),#9593,.T.);
#9609=EDGE_CURVE('',#6957,#6949,#4202,.T.);
#9612=EDGE_CURVE('',#7073,#6958,#4257,.T.);
#9614=EDGE_CURVE('',#6950,#7073,#4269,.T.);
#9618=ADVANCED_FACE('',(#9617),#9607,.T.);
#9625=EDGE_CURVE('',#7070,#6953,#4281,.T.);
#9627=EDGE_CURVE('',#6961,#7070,#4329,.T.);
#9630=EDGE_CURVE('',#6954,#6962,#4389,.T.);
#9634=ADVANCED_FACE('',(#9633),#9623,.T.);
#9640=EDGE_CURVE('',#7068,#7071,#4442,.T.);
#9643=EDGE_CURVE('',#7072,#7069,#4502,.T.);
#9648=ADVANCED_FACE('',(#9647),#9639,.T.);
#9924=EDGE_CURVE('',#7070,#7066,#4545,.T.);
#9926=EDGE_CURVE('',#7066,#7081,#5600,.T.);
#9930=ADVANCED_FACE('',(#9929),#9917,.F.);
#10202=EDGE_CURVE('',#6964,#6966,#4604,.T.);
#10205=EDGE_CURVE('',#7074,#7066,#4849,.T.);
#10213=ADVANCED_FACE('',(#10212),#10199,.F.);
#10225=ADVANCED_FACE('',(#10224),#10218,.T.);
#10496=EDGE_CURVE('',#7076,#7067,#5116,.T.);
#10498=EDGE_CURVE('',#7066,#7067,#5607,.T.);
#10503=ADVANCED_FACE('',(#10502),#10494,.F.);
#10779=EDGE_CURVE('',#7067,#7073,#5354,.T.);
#10785=ADVANCED_FACE('',(#10784),#10772,.F.);
#10928=EDGE_CURVE('',#7067,#7083,#5347,.T.);
#10936=ADVANCED_FACE('',(#10935),#10926,.F.);
#11084=ADVANCED_FACE('',(#11083),#11077,.F.);
#11096=ADVANCED_FACE('',(#11095),#11089,.T.);
#11103=EDGE_CURVE('',#6974,#6982,#5652,.T.);
#11106=EDGE_CURVE('',#6973,#6981,#5637,.T.);
#11110=ADVANCED_FACE('',(#11109),#11101,.T.);
#11122=ADVANCED_FACE('',(#11121),#11115,.T.);
#11194=EDGE_CURVE('',#6787,#6789,#5681,.T.);
#11197=EDGE_CURVE('',#6788,#6790,#5711,.T.);
#11199=EDGE_CURVE('',#6787,#6788,#5719,.T.);
#11203=ADVANCED_FACE('',(#11202),#11193,.T.);
#11276=EDGE_CURVE('',#6788,#6787,#5727,.T.);
#11282=ADVANCED_FACE('',(#11281),#11274,.T.);
#11292=ADVANCED_FACE('',(#11291),#11287,.F.);
#11364=EDGE_CURVE('',#6794,#6795,#5787,.T.);
#11366=EDGE_CURVE('',#6793,#6794,#5795,.T.);
#11368=EDGE_CURVE('',#6793,#6796,#5757,.T.);
#11373=ADVANCED_FACE('',(#11372),#11363,.T.);
#11448=EDGE_CURVE('',#6794,#6793,#5803,.T.);
#11452=ADVANCED_FACE('',(#11451),#11444,.T.);
#11462=ADVANCED_FACE('',(#11461),#11457,.F.);
#11468=EDGE_CURVE('',#6989,#6990,#5827,.T.);
#11470=EDGE_CURVE('',#6990,#7008,#6134,.T.);
#11472=EDGE_CURVE('',#7008,#7000,#6158,.T.);
#11475=EDGE_CURVE('',#7012,#7002,#5881,.T.);
#11477=EDGE_CURVE('',#6989,#7012,#5857,.T.);
#11481=ADVANCED_FACE('',(#11480),#11467,.F.);
#11487=EDGE_CURVE('',#7005,#7006,#5984,.T.);
#11489=EDGE_CURVE('',#7006,#7014,#5959,.T.);
#11491=EDGE_CURVE('',#7014,#6994,#5930,.T.);
#11494=EDGE_CURVE('',#7010,#6997,#6052,.T.);
#11496=EDGE_CURVE('',#7005,#7010,#6028,.T.);
#11500=ADVANCED_FACE('',(#11499),#11486,.F.);
#11507=EDGE_CURVE('',#6989,#6898,#5834,.T.);
#11509=EDGE_CURVE('',#6870,#6898,#6118,.T.);
#11511=EDGE_CURVE('',#6870,#6868,#6013,.T.);
#11513=EDGE_CURVE('',#6868,#6867,#5842,.T.);
#11515=EDGE_CURVE('',#6872,#6867,#5998,.T.);
#11517=EDGE_CURVE('',#6891,#6872,#6102,.T.);
#11519=EDGE_CURVE('',#6891,#6990,#5849,.T.);
#11523=ADVANCED_FACE('',(#11522),#11505,.T.);
#11530=EDGE_CURVE('',#7012,#6886,#5895,.T.);
#11532=EDGE_CURVE('',#6886,#6896,#5866,.T.);
#11534=EDGE_CURVE('',#6896,#6898,#5874,.T.);
#11539=ADVANCED_FACE('',(#11538),#11528,.F.);
#11547=EDGE_CURVE('',#6767,#6880,#5909,.T.);
#11549=EDGE_CURVE('',#6886,#6880,#5888,.T.);
#11554=ADVANCED_FACE('',(#11553),#11544,.T.);
#11560=EDGE_CURVE('',#6879,#6880,#5902,.T.);
#11564=EDGE_CURVE('',#6768,#6879,#5951,.T.);
#11568=ADVANCED_FACE('',(#11567),#11559,.T.);
#11574=EDGE_CURVE('',#6879,#6888,#5944,.T.);
#11576=EDGE_CURVE('',#6902,#6888,#5976,.T.);
#11578=EDGE_CURVE('',#6902,#6870,#5916,.T.);
#11580=EDGE_CURVE('',#6870,#6896,#5923,.T.);
#11587=ADVANCED_FACE('',(#11586),#11573,.T.);
#11594=EDGE_CURVE('',#6888,#7014,#5937,.T.);
#11601=ADVANCED_FACE('',(#11600),#11592,.T.);
#11608=EDGE_CURVE('',#6901,#7006,#6020,.T.);
#11610=EDGE_CURVE('',#6901,#6902,#5967,.T.);
#11616=ADVANCED_FACE('',(#11615),#11606,.F.);
#11623=EDGE_CURVE('',#7005,#6895,#5991,.T.);
#11625=EDGE_CURVE('',#6872,#6895,#6110,.T.);
#11628=EDGE_CURVE('',#6867,#6868,#6006,.T.);
#11631=EDGE_CURVE('',#6901,#6870,#6126,.T.);
#11636=ADVANCED_FACE('',(#11635),#11621,.T.);
#11643=EDGE_CURVE('',#7010,#6882,#6066,.T.);
#11645=EDGE_CURVE('',#6882,#6893,#6037,.T.);
#11647=EDGE_CURVE('',#6893,#6895,#6045,.T.);
#11652=ADVANCED_FACE('',(#11651),#11641,.F.);
#11660=EDGE_CURVE('',#6763,#6876,#6080,.T.);
#11662=EDGE_CURVE('',#6882,#6876,#6059,.T.);
#11667=ADVANCED_FACE('',(#11666),#11657,.T.);
#11673=EDGE_CURVE('',#6875,#6876,#6073,.T.);
#11677=EDGE_CURVE('',#6764,#6875,#6179,.T.);
#11681=ADVANCED_FACE('',(#11680),#11672,.T.);
#11687=EDGE_CURVE('',#6872,#6893,#6087,.T.);
#11692=EDGE_CURVE('',#6875,#6884,#6172,.T.);
#11694=EDGE_CURVE('',#6892,#6884,#6151,.T.);
#11696=EDGE_CURVE('',#6892,#6872,#6094,.T.);
#11700=ADVANCED_FACE('',(#11699),#11686,.T.);
#11707=EDGE_CURVE('',#6891,#6892,#6142,.T.);
#11712=ADVANCED_FACE('',(#11711),#11705,.F.);
#11723=ADVANCED_FACE('',(#11722),#11717,.F.);
#11734=ADVANCED_FACE('',(#11733),#11728,.F.);
#11745=ADVANCED_FACE('',(#11744),#11739,.F.);
#11755=EDGE_CURVE('',#6884,#7008,#6165,.T.);
#11759=ADVANCED_FACE('',(#11758),#11750,.F.);
#11772=ADVANCED_FACE('',(#11771),#11764,.T.);
#11778=EDGE_CURVE('',#6863,#6864,#6211,.T.);
#11780=EDGE_CURVE('',#6864,#6868,#6717,.T.);
#11783=EDGE_CURVE('',#6863,#6867,#6187,.T.);
#11787=ADVANCED_FACE('',(#11786),#11777,.T.);
#11794=EDGE_CURVE('',#6864,#6863,#6219,.T.);
#11798=EDGE_CURVE('',#6859,#6860,#6195,.T.);
#11800=EDGE_CURVE('',#6860,#6859,#6203,.T.);
#11804=ADVANCED_FACE('',(#11797,#11803),#11792,.T.);
#11810=EDGE_CURVE('',#6855,#6856,#6258,.T.);
#11812=EDGE_CURVE('',#6855,#6859,#6227,.T.);
#11815=EDGE_CURVE('',#6856,#6860,#6647,.T.);
#11819=ADVANCED_FACE('',(#11818),#11809,.F.);
#11825=EDGE_CURVE('',#7095,#7096,#6235,.T.);
#11827=EDGE_CURVE('',#6758,#7096,#6594,.T.);
#11829=EDGE_CURVE('',#6756,#6758,#6475,.T.);
#11831=EDGE_CURVE('',#7104,#6756,#6709,.T.);
#11833=EDGE_CURVE('',#7104,#7101,#6243,.T.);
#11835=EDGE_CURVE('',#6855,#7101,#6250,.T.);
#11838=EDGE_CURVE('',#6856,#7095,#6265,.T.);
#11842=ADVANCED_FACE('',(#11841),#11824,.T.);
#11848=EDGE_CURVE('',#7112,#7110,#6273,.T.);
#11850=EDGE_CURVE('',#7110,#7096,#6286,.T.);
#11853=EDGE_CURVE('',#7098,#7095,#6623,.T.);
#11855=EDGE_CURVE('',#7098,#7112,#6299,.T.);
#11859=ADVANCED_FACE('',(#11858),#11847,.F.);
#11866=EDGE_CURVE('',#7112,#6751,#6338,.T.);
#11868=EDGE_CURVE('',#6751,#6752,#6346,.T.);
#11870=EDGE_CURVE('',#6752,#7110,#6353,.T.);
#11874=EDGE_CURVE('',#6731,#6732,#6307,.T.);
#11876=EDGE_CURVE('',#6732,#6731,#6315,.T.);
#11880=ADVANCED_FACE('',(#11873,#11879),#11864,.F.);
#11886=EDGE_CURVE('',#7108,#7106,#6655,.T.);
#11888=EDGE_CURVE('',#7108,#6747,#6360,.T.);
#11890=EDGE_CURVE('',#6747,#6748,#6368,.T.);
#11892=EDGE_CURVE('',#6748,#7106,#6375,.T.);
#11896=EDGE_CURVE('',#6735,#6736,#6323,.T.);
#11898=EDGE_CURVE('',#6736,#6735,#6331,.T.);
#11902=ADVANCED_FACE('',(#11895,#11901),#11885,.F.);
#11908=EDGE_CURVE('',#7123,#7124,#6383,.T.);
#11910=EDGE_CURVE('',#7124,#6732,#6420,.T.);
#11913=EDGE_CURVE('',#7123,#6731,#6390,.T.);
#11917=ADVANCED_FACE('',(#11916),#11907,.F.);
#11923=EDGE_CURVE('',#7127,#7128,#6398,.T.);
#11925=EDGE_CURVE('',#6723,#7128,#6405,.T.);
#11927=EDGE_CURVE('',#6723,#6724,#6443,.T.);
#11929=EDGE_CURVE('',#6724,#7127,#6435,.T.);
#11933=ADVANCED_FACE('',(#11932),#11922,.F.);
#11940=EDGE_CURVE('',#7124,#7123,#6413,.T.);
#11944=ADVANCED_FACE('',(#11943),#11938,.T.);
#11956=ADVANCED_FACE('',(#11955),#11949,.F.);
#11962=EDGE_CURVE('',#7128,#7127,#6428,.T.);
#11965=EDGE_CURVE('',#6724,#6723,#6451,.T.);
#11970=ADVANCED_FACE('',(#11969),#11961,.F.);
#11980=ADVANCED_FACE('',(#11979),#11975,.F.);
#11987=EDGE_CURVE('',#6744,#6758,#6482,.T.);
#11989=EDGE_CURVE('',#6743,#6744,#6490,.T.);
#11991=EDGE_CURVE('',#6760,#6743,#6497,.T.);
#11993=EDGE_CURVE('',#6754,#6760,#6505,.T.);
#11995=EDGE_CURVE('',#6740,#6754,#6512,.T.);
#11997=EDGE_CURVE('',#6739,#6740,#6520,.T.);
#11999=EDGE_CURVE('',#6756,#6739,#6527,.T.);
#12003=EDGE_CURVE('',#6727,#6728,#6459,.T.);
#12005=EDGE_CURVE('',#6728,#6727,#6467,.T.);
#12013=ADVANCED_FACE('',(#12002,#12008,#12012),#11985,.T.);
#12019=EDGE_CURVE('',#7115,#7116,#6535,.T.);
#12021=EDGE_CURVE('',#7116,#6736,#6572,.T.);
#12024=EDGE_CURVE('',#7115,#6735,#6542,.T.);
#12028=ADVANCED_FACE('',(#12027),#12018,.F.);
#12034=EDGE_CURVE('',#7119,#7120,#6550,.T.);
#12036=EDGE_CURVE('',#6727,#7120,#6557,.T.);
#12039=EDGE_CURVE('',#6728,#7119,#6587,.T.);
#12043=ADVANCED_FACE('',(#12042),#12033,.F.);
#12050=EDGE_CURVE('',#7116,#7115,#6565,.T.);
#12054=ADVANCED_FACE('',(#12053),#12048,.F.);
#12066=ADVANCED_FACE('',(#12065),#12059,.F.);
#12072=EDGE_CURVE('',#7120,#7119,#6580,.T.);
#12079=ADVANCED_FACE('',(#12078),#12071,.F.);
#12089=ADVANCED_FACE('',(#12088),#12084,.T.);
#12098=EDGE_CURVE('',#6744,#6752,#6601,.T.);
#12103=ADVANCED_FACE('',(#12102),#12094,.T.);
#12112=EDGE_CURVE('',#6743,#6751,#6608,.T.);
#12116=ADVANCED_FACE('',(#12115),#12108,.T.);
#12124=EDGE_CURVE('',#7098,#6760,#6615,.T.);
#12130=ADVANCED_FACE('',(#12129),#12121,.T.);
#12138=EDGE_CURVE('',#6856,#6855,#6631,.T.);
#12141=EDGE_CURVE('',#7101,#7102,#6639,.T.);
#12143=EDGE_CURVE('',#6754,#7102,#6688,.T.);
#12149=ADVANCED_FACE('',(#12148),#12135,.T.);
#12161=ADVANCED_FACE('',(#12160),#12154,.F.);
#12168=EDGE_CURVE('',#7106,#7102,#6668,.T.);
#12172=EDGE_CURVE('',#7104,#7108,#6681,.T.);
#12176=ADVANCED_FACE('',(#12175),#12166,.F.);
#12185=EDGE_CURVE('',#6740,#6748,#6695,.T.);
#12190=ADVANCED_FACE('',(#12189),#12181,.T.);
#12199=EDGE_CURVE('',#6739,#6747,#6702,.T.);
#12203=ADVANCED_FACE('',(#12202),#12195,.T.);
#12216=ADVANCED_FACE('',(#12215),#12208,.T.);
#12228=ADVANCED_FACE('',(#12227),#12221,.T.);
#12237=(LENGTH_UNIT()NAMED_UNIT(*)SI_UNIT(.MILLI.,.METRE.));
#12238=(NAMED_UNIT(*)PLANE_ANGLE_UNIT()SI_UNIT($,.RADIAN.));
#12241=(NAMED_UNIT(*)SI_UNIT($,.STERADIAN.)SOLID_ANGLE_UNIT());
#12243=(GEOMETRIC_REPRESENTATION_CONTEXT(3)GLOBAL_UNCERTAINTY_ASSIGNED_CONTEXT((
#12242))GLOBAL_UNIT_ASSIGNED_CONTEXT((#12237,#12240,#12241))REPRESENTATION_CONTEXT('ID1','3'));
#12244=ADVANCED_BREP_SHAPE_REPRESENTATION('',(#12230),#12243);
#12252=PRODUCT_DEFINITION('part definition','',#12251,#12248);
#12253=PRODUCT_DEFINITION_SHAPE('','SHAPE FOR C-7-1618387-1.',#12252);
#12254=SHAPE_ASPECT('','solid data associated with C-7-1618387-1',#12253,.F.);
#12255=PROPERTY_DEFINITION('',
'shape for solid data with which properties are associated',#12254);
#12256=SHAPE_REPRESENTATION('',(#12230),#12243);
#12257=SHAPE_DEFINITION_REPRESENTATION(#12255,#12256);
#12258=(LENGTH_UNIT()NAMED_UNIT(*)SI_UNIT(.MILLI.,.METRE.));
#12262=PROPERTY_DEFINITION('geometric validation property',
'area of C-7-1618387-1',#12254);
#12263=REPRESENTATION('surface area',(#12261),#12243);
#12264=PROPERTY_DEFINITION_REPRESENTATION(#12262,#12263);
#12265=(LENGTH_UNIT()NAMED_UNIT(*)SI_UNIT(.MILLI.,.METRE.));
#12269=PROPERTY_DEFINITION('geometric validation property',
'volume of C-7-1618387-1',#12254);
#12270=REPRESENTATION('volume',(#12268),#12243);
#12271=PROPERTY_DEFINITION_REPRESENTATION(#12269,#12270);
#12273=PROPERTY_DEFINITION('geometric validation property',
'centroid of C-7-1618387-1',#12254);
#12274=REPRESENTATION('centroid',(#12272),#12243);
#12275=PROPERTY_DEFINITION_REPRESENTATION(#12273,#12274);
#12276=(LENGTH_UNIT()NAMED_UNIT(*)SI_UNIT(.MILLI.,.METRE.));
#12280=PROPERTY_DEFINITION('geometric validation property',
'area of C-7-1618387-1',#12253);
#12281=REPRESENTATION('surface area',(#12279),#12243);
#12282=PROPERTY_DEFINITION_REPRESENTATION(#12280,#12281);
#12283=(LENGTH_UNIT()NAMED_UNIT(*)SI_UNIT(.MILLI.,.METRE.));
#12287=PROPERTY_DEFINITION('geometric validation property',
'volume of C-7-1618387-1',#12253);
#12288=REPRESENTATION('volume',(#12286),#12243);
#12289=PROPERTY_DEFINITION_REPRESENTATION(#12287,#12288);
#12291=PROPERTY_DEFINITION('geometric validation property',
'centroid of C-7-1618387-1',#12253);
#12292=REPRESENTATION('centroid',(#12290),#12243);
#12293=PROPERTY_DEFINITION_REPRESENTATION(#12291,#12292);
#12294=SHAPE_DEFINITION_REPRESENTATION(#12253,#12244);
ENDSEC;
END-ISO-10303-21;
